"gene","p-adj-gender-FEMALE","p-adj-MALE-FEMALE","p-adj-MALE-gender","mean-FEMALE","mean-gender","mean-MALE","SEM-FEMALE","SEM-gender","SEM-MALE","Q1-FEMALE","Q1-gender","Q1-MALE","Q3-FEMALE","Q3-gender","Q3-MALE","count-FEMALE","count-gender","count-MALE"
"ZNF195",0.966960812582455,0.691906282650251,0.697870807553582,386.70756031746,381.28668925,361.461632653061,19.4675600688003,8.35485988988115,17.6854286689933,276.03315,270.64115,281.6764,457.52625,456.803525,429.5367,63,400,49
"ZNF263",0.011107790200158,0.350479503977364,0.67235859978505,749.404442857143,673.5922605,698.456481632653,32.3969903697343,9.34549140778788,20.5749581382555,568.83385,553.896725,603.9059,842.59965,759.676275,791.5371,63,400,49
"ZNF200",0.595218768725541,0.987032949672362,0.777327744821609,230.043844444444,219.6316695,227.726540816327,11.8627429186294,3.6491799397213,14.6830110605367,174.2535,169.25895,173.5099,257.2114,245.8342,237.7049,63,400,49
"ZNF582",0.236814972223733,0.595307031769008,0.970997335557586,35.0614253968254,30.50274625,31.2274326530612,2.55526258204615,1.02080175725763,3.37163882033258,22.2549,16.332775,14.4928,42.76715,41.079,42.7075,63,400,49
"ZNF285",0.903690138367735,0.876675720871586,0.577786259399803,43.2841222222222,41.187287,46.6436102040816,4.1775661469696,1.81015969558569,5.51816065467175,15.1577,12.543775,16.4017,68.4607,58.95345,68.0045,63,400,49
"ZNF275",0.660315249091662,0.437059518390119,0.723029217343045,692.827204761905,659.68438375,626.979373469388,34.0164834879304,14.37626082141,34.6370302342862,527.74505,468.491725,456.8713,834.8843,816.57745,819.7375,63,400,49
"ZNF37A",0.261299995341385,0.706529644891166,0.0438236145707669,419.125206349206,383.28746325,444.674646938776,18.5688413201426,8.66978642132349,22.2261351464547,325.1492,261.353175,308.7151,510.40215,471.214425,508.6382,63,400,49
"ZNF510",0.989807016586393,0.997137114534756,0.975337663733947,219.720098412698,218.41599125,220.689504081633,7.62939889955076,3.56988864922927,10.792450691846,176.11725,169.641275,174.7728,253.823,258.041575,248.3965,63,400,49
"ZNF506",0.598741264496255,0.341076291659854,0.641710373200901,351.320406349206,329.051333,305.930787755102,16.95171838126,8.87778453553685,20.8472271507297,269.6307,220.363725,207.5149,407.3454,407.3816,370.4239,63,400,49
"ZNF324",0.57197322608819,0.98491521873177,0.767112759660268,160.270017460317,152.9226645,158.569648979592,5.88973015128618,2.77267128694077,6.79841115988906,128.59035,113.609375,116.2281,183.22105,185.46675,188.2701,63,400,49
"ZNF671",0.0401462737729072,0.179795627863628,0.998681361675066,153.749777777778,129.23053225,128.680826530612,10.5105275316066,3.71392407906907,8.56212751712823,96.4903,68.25995,90.482,200.6325,176.333575,165.1523,63,400,49
"ZNF416",0.412177339593949,0.829635370933036,0.148119660907203,100.851166666667,108.34046875,96.0296632653061,4.32407159055629,2.2806375212534,4.98861676894205,77.49545,76.10155,68.7614,116.0499,132.664575,110.3278,63,400,49
"ZNF586",0.978902025412312,0.48750861450226,0.416585072322693,161.340042857143,159.61987475,147.280891836735,8.44230684319778,3.30263627350681,6.52028364338893,121.9814,114.319275,119.6312,187.4125,190.371225,166.0359,63,400,49
"ZNF446",0.0353344970620542,0.938758749525487,0.0224378187058281,232.803411111111,204.37398475,238.246606122449,10.8939151684107,4.2487609296339,10.9165639958543,170.29035,151.951225,184.7351,282.43125,245.710075,303.207,63,400,49
"ZNF8",0.827097811254645,0.979126395530682,0.720409408621064,98.748273015873,95.40090875,100.315532653061,5.07831281923799,2.11182365100767,6.11778387150295,73.0451,64.945825,75.4446,118.24165,116.15635,112.4076,63,400,49
"ZNF264",0.293526159741624,0.968662644864203,0.553474542408414,682.08546031746,631.9719655,670.774657142857,26.7375002878603,12.7065541708358,32.6877010075476,541.73565,458.068525,483.2215,814.00045,771.7063,832.2892,63,400,49
"ZNF213",0.0406531244285318,0.998761004458365,0.0659821736620624,568.145407936508,504.1247495,569.899755102041,27.7769881728989,9.67020216304931,23.1747155649971,434.1434,374.58425,451.1559,662.7046,609.525325,682.8858,63,400,49
"ZNF343",0.476550045266999,0.797831483509102,0.155631480348538,199.464753968254,188.16618575,208.216332653061,10.5595259323072,3.54811795649752,8.61907289477502,146.58905,139.384425,163.767,230.8886,224.318675,245.403,63,400,49
"ZNF302",0.991569793246268,0.982235000117978,0.939010888666706,475.172365079365,471.421347,482.842442857143,20.2651023468533,11.643370211227,30.1825455101037,354.6632,326.57345,363.743,533.5297,576.66555,565.8242,63,400,49
"ZNF268",0.940834424234844,0.581617566002847,0.60775449307577,350.591484126984,343.93697325,322.677426530612,26.6855480678335,6.75001623227637,20.9552891243619,247.85025,248.126725,222.7687,417.036,412.33905,403.3782,63,400,49
"ZNF184",0.331539104461689,0.589831395501334,0.999205962913198,247.73269047619,230.797342,231.302987755102,10.5237327361436,4.38867463038367,13.6205884385272,186.83045,171.791475,169.1077,284.8294,275.08995,258.2677,63,400,49
"ZNF500",4.19291488513718e-05,0.51496116939084,0.0302536918559971,283.355901587302,234.5026705,266.145283673469,13.625095630726,3.91699228904953,10.6176024495707,211.17185,179.73575,214.1422,333.10115,282.07375,307.5407,63,400,49
"ZNF419",0.355532765297888,0.688958625556099,0.979356992418358,175.269806349206,162.499205,164.518559183673,7.98230589761198,3.4975408089933,9.06499610353613,135.39095,115.51195,120.4874,200.5546,199.462575,192.8651,63,400,49
"ZNF175",0.106136925562322,0.322519182455677,0.999955085325682,126.908187301587,112.629579,112.700475510204,5.86736858976878,2.61571907487874,7.83548810799667,93.101,75.6764,70.0969,161.99545,140.6289,150.458,63,400,49
"ZNF14",0.877038090434041,0.529368194364163,0.173512542372643,174.844773015873,180.37157775,157.719655102041,7.90486695390965,4.41080946697664,9.31400689459803,133.2404,119.208925,116.3311,207.44615,225.54545,180.5923,63,400,49
"ZNF85",0.913127674812743,0.602841460840187,0.259081835863234,99.4556888888889,103.757915,85.1717040816327,7.18192241180568,4.14054742844088,8.53804658368568,57.9035,61.954025,49.2813,128.05635,126.43885,105.7254,63,400,49
"ZKSCAN1",0.901238014509493,0.975740510514785,0.991636800822217,685.4797,659.77310025,667.928387755102,41.6673368541781,22.2447975297325,69.1603795496581,444.13405,380.301525,382.9431,897.82215,820.2461,779.2395,63,400,49
"ZNF862",4.94417627743271e-05,0.861302157693494,0.00366348713694131,561.668541269841,411.19219675,536.344689795918,38.0482552917882,12.1100175052677,41.9157597805366,379.8685,242.815175,330.8446,693.6075,527.6934,666.3181,63,400,49
"ZNF684",0.908408332101031,0.997291751259323,0.888968199147377,58.953726984127,60.9696685,58.4778714285714,4.60804091365197,1.79772721900492,4.47420447121475,41.8581,38.78095,42.3977,66.4686,72.0098,65.1184,63,400,49
"ZNF430",0.983177729530196,0.23856315375287,0.0730791863812728,120.555415873016,122.20288525,99.1914551020408,7.96612257731039,3.6202513424995,6.63923486264118,85.2354,79.869775,61.0782,144.15755,154.415025,130.3631,63,400,49
"ZFP30",0.292671447583083,0.64337259141039,0.974923500888137,175.42273015873,196.76819175,193.353297959184,10.6309224356277,5.39744073884496,15.056639674163,130.85625,129.4321,132.5991,190.1761,240.95425,224.1864,63,400,49
"ZNF549",0.0352858850458035,0.406817612057389,0.812138163063072,182.257088888889,154.739985,162.338120408163,11.1865609508505,4.12261039998591,9.06452626756865,150.24565,96.2505,110.9537,207.61145,201.434025,207.064,63,400,49
"ZNF211",0.00469092877948174,0.313534980286702,0.575847381848092,274.175925396825,222.004359,240.455748979592,14.1890765464854,6.28336238683545,13.7558373485213,210.84955,137.116425,168.5559,322.68495,272.3485,295.1149,63,400,49
"ZNF205",0.19117031231387,0.424726355989018,0.0052273120503652,326.031596825397,294.6254475,357.709820408163,17.2672621777943,6.69002668548068,17.4002754271341,226.12415,211.682175,270.2816,362.1796,348.496525,455.97,63,400,49
"ZNF45",0.842265801594727,0.741206639124521,0.327086204283605,226.052676190476,232.37908525,214.306002040816,7.06248641707767,4.31611024110015,12.8712904858157,195.29725,178.468425,155.8499,258.4609,274.258075,266.3913,63,400,49
"ZNF133",0.618537055956834,0.684936000168508,0.14525085897935,300.745942857143,283.3785785,322.400489795918,17.6301776024747,6.96613870391479,16.0294494355493,208.51085,192.790075,234.6711,367.97625,330.54975,415.4502,63,400,49
"ZNF436",0.979651834753719,0.825963760614322,0.631388124056314,426.714093650794,431.2962605,407.067183673469,21.8646338898149,8.96683033864637,19.5370416555046,295.2428,307.8307,312.9543,484.6802,501.918125,473.3967,63,400,49
"ZNF484",0.121636370218312,0.999506672961871,0.171018757388778,133.116641269841,111.503011,133.578714285714,12.5796048324399,3.72486302521638,14.7868375615575,64.74795,67.99795,69.0195,175.06695,130.48135,147.8008,63,400,49
"ZNF780B",0.439166299792872,0.538862095884417,0.969155956088319,265.799344444444,245.8987895,241.572728571429,12.9968477511122,6.29570292009071,11.8550843443961,205.1059,159.045125,174.004,321.581,299.452275,300.8999,63,400,49
"ZNF557",0.961035286557464,0.282598933455268,0.217090233302477,151.478077777778,149.41300875,135.057283673469,6.92267886420604,2.90763069430911,6.58512061790119,104.5529,107.814275,106.0674,182.98565,181.21365,152.2918,63,400,49
"ZNF337",0.00155469602708758,0.989695005611286,0.00937634177791824,541.321633333333,427.92861625,535.052104081633,40.9309142107871,11.2424683675038,33.458199306185,353.96165,261.00705,350.8729,668.3885,537.51065,652.7334,63,400,49
"ZNF317",0.964251642255037,0.535067050458164,0.506721928158991,598.681077777778,593.375914,567.7294,17.6212073470789,7.76947142441699,20.196102486511,515.5702,484.615725,477.146,662.89005,689.2967,668.2636,63,400,49
"ZNF426",0.644836291986797,0.449712218926986,0.0541550832007528,96.7555841269841,102.13272375,86.5473632653061,5.20445763881012,2.29410357549196,4.97510413867068,68.35075,72.87105,64.9262,118.0855,127.19045,112.3702,63,400,49
"ZNF331",0.00435442404893838,0.310767989336364,0.567576014731021,688.709995238095,514.32657625,576.365471428571,69.2487195853545,19.0032275672154,53.0023280465891,370.26005,295.688725,381.0117,729.78365,636.426425,740.3455,63,400,49
"ZNF227",0.975742079333947,0.854240081680472,0.664481941777032,225.737580952381,228.11876075,217.259020408163,9.7669461016276,4.33752198163561,8.0064287397202,170.73075,172.5748,180.3714,260.4829,265.006525,260.9649,63,400,49
"ZNF141",0.995323406075941,0.312793709153085,0.135218793429798,76.5751047619048,76.09559325,87.2204020408163,3.87471300083766,1.92556923941253,6.48034063633196,56.8938,52.572325,61.1811,88.5602,89.1862,105.9639,63,400,49
"ZNF304",0.981442244407335,0.713265610666942,0.483022788669669,255.27593015873,257.7310045,240.60972244898,11.9839132251686,5.05065677419928,10.9474299896646,205.68775,194.113775,202.5052,296.03215,314.4058,289.2199,63,400,49
"ZNF132",0.00268287869484407,0.954821879111417,0.0247295432738572,94.7483380952381,74.0191925,92.2143714285714,6.41940520988922,2.2253159061378,7.22258244043424,61.6871,40.4181,46.1942,124.1543,100.4694,126.48,63,400,49
"ZNF20",0.633658365466853,0.867251952449383,0.983096209937187,112.818712698413,107.78699875,108.871702040816,5.55167588692541,2.01934890452624,5.6148429266618,89.38435,80.619825,84.2587,127.46015,128.772725,128.4956,63,400,49
"ZNF670",0.0837146267736362,0.417846734271868,0.943257607898366,70.4155936507937,84.17693,81.8347489795918,3.99682126696015,2.46029902834168,7.1885945681325,44.02455,53.08055,55.0131,95.6374,100.014,88.9251,63,400,49
"ZFP37",0.427872013624291,0.786475698931816,0.956885159027593,41.7652412698413,47.78155225,46.2544244897959,3.52889020851548,1.87821267475508,3.93405622796522,18.743,18.82005,26.4256,55.91635,60.77395,58.5943,63,400,49
"ZNF189",0.787201816400189,0.963323779490837,0.962667958156446,449.821695238095,470.41786225,461.252446938776,19.0743829757879,12.255832064289,26.4662937652746,354.43465,329.423975,355.6299,528.32725,546.64885,534.7885,63,400,49
"ZNF434",0.275471833282456,0.865510876055052,0.745705277558561,360.147450793651,340.8937055,351.121104081633,13.604774071082,4.54720391141237,11.9602869297151,285.88015,279.623125,282.3898,408.9922,380.267725,409.4463,63,400,49
"ZNF287",0.986109973810114,0.921215820878128,0.937223485332669,87.9884301587302,86.934289,84.3997489795918,4.70979351864794,2.51327183282646,7.09963739260299,62.05505,49.688025,46.6422,108.2346,114.73235,118.5682,63,400,49
"ZIM3",0.373074016510824,1,0.45309347191275,0,0.01749725,0,0,0.00543581587981896,0,0,0,0,0,0,0,63,400,49
"ZFP14",0.257666603921165,0.956754027960652,0.543437486241362,180.474298412698,164.17467325,176.354148979592,7.938036343575,3.97432512641095,9.27269133671489,136.21655,109.466175,130.8819,207.48185,201.73895,204.9619,63,400,49
"ZNF473",0.889303778189809,0.971111057740999,0.761546458666018,224.042276190476,229.87492575,219.946210204082,9.60913194255417,4.85167223724866,11.4564451394484,170.32035,165.39835,157.7786,260.02505,273.596775,272.3954,63,400,49
"ZNF614",0.277147734867538,0.931259593927345,0.628589551602894,236.038161904762,283.95278575,251.84553877551,21.5867182094406,12.1319960733853,27.7876510158963,141.1387,169.123,153.6659,241.17345,318.736075,242.8504,63,400,49
"POGK",0.67442174093061,0.941671804760673,0.469621927081389,1954.92880634921,1881.44263075,1995.22611836735,80.2715085702604,31.965043100991,93.7687776765287,1504.52465,1431.34095,1428.5175,2313.88515,2256.019975,2359.1278,63,400,49
"ZNF514",0.000669135293389966,0.873203800949109,0.000264668970684667,313.413482539683,243.629891,326.521975510204,20.9922271322097,6.60284498083859,21.7764275329193,199.13875,152.7301,230.6642,413.04455,311.369825,407.0971,63,400,49
"ZNF300",0.908676481357847,0.556910734379467,0.216880164031447,108.694771428571,102.57098825,129.999934693878,14.2538407880548,5.31383093708833,16.9723405441562,36.88905,31.811125,43.2482,139.82475,137.523975,174.1328,63,400,49
"RBAK",0.111050727578195,0.208001361845149,0.940313261192178,536.28866984127,484.62864,475.033781632653,24.6646629697495,9.57158822280584,23.6936096043579,406.76885,350.079825,372.0665,621.2702,584.32205,521.8368,63,400,49
"ZNF92",0.449196393010664,0.348744742863232,0.0135478819169432,265.003501587302,287.59960275,228.547373469388,15.2314637442299,7.22171323153609,14.1365323060236,180.0824,186.704375,161.8195,307.253,341.09855,260.0182,63,400,49
"ZNF157",0.816595759782252,0.897022655311334,0.513183218538723,2.71755873015873,2.368577,3.07661836734694,0.567278593091076,0.186791391819718,0.998435935625438,0.4182,0.34065,0.2541,2.6134,2.88635,2.924,63,400,49
"ZNF182",0.148779060057572,0.961121396627071,0.110476359110759,221.76660952381,201.480422,225.857532653061,8.39852839437877,3.97823869831217,14.0182757114219,171.38835,149.3348,181.4104,267.7334,236.029475,239.311,63,400,49
"ZNF673",0.132698342140647,0.18678192764972,0.879866572182884,257.218766666667,227.25075625,218.871979591837,28.3990471628604,4.42790979111167,13.6022986888218,197.16815,168.406725,172.043,267.3379,268.319675,251.3988,63,400,49
"ZNF41",0.332806387484893,0.580514253267331,0.999836387757417,252.839066666667,237.87080375,238.073991836735,8.57288007694536,3.96261917254917,11.250894633598,203.87925,191.91215,189.896,302.0113,275.8409,282.1637,63,400,49
"ZNF7",0.997533245801108,0.430084613416797,0.237840422198508,514.923490476191,512.9849865,565.395381632653,22.4304085327935,10.526937622184,39.0538196198473,397.3328,366.543075,385.9083,605.835,614.735075,717.4886,63,400,49
"ZNF214",0.00696743316879933,0.870261406600216,0.0924307566174871,49.651519047619,37.89911225,46.9248489795918,4.41639341580824,1.36841501697929,4.04307384133101,23.1356,17.0533,25.6276,65.76985,52.58565,57.4187,63,400,49
"ZNF215",0.82319141784272,0.967063301177953,0.973172056563832,45.7756841269841,42.6616585,43.9609959183673,4.32832241205403,1.99000254651153,4.8434839905117,19.59085,14.06415,19.239,60.09045,56.081975,55.9567,63,400,49
"ZNF547",0.0920835531762999,0.969484574275425,0.25660381419884,44.5278650793651,38.78372925,43.6138265306122,2.76443487167254,1.01038363999899,2.58357188921652,28.27555,24.581075,30.0993,56.7601,47.8209,55.0475,63,400,49
"ZNF773",0.552168217795806,0.988924752539213,0.732422238024565,120.73669047619,113.60042075,119.365748979592,6.48172578422427,2.57839930313358,5.83522626657719,92.4437,80.486875,92.3885,147.04345,143.49705,148.0793,63,400,49
"ZNF776",0.999320463834159,0.991456923051745,0.991347629310311,351.988038095238,351.38237425,348.964259183673,15.8819834506518,6.55158386316578,13.1470336551556,278.01415,258.933125,274.9674,414.16865,432.1271,423.8107,63,400,49
"ZNF256",0.512445591916072,0.26912959498108,0.601903343969948,90.2629873015873,82.8084925,75.5584857142857,6.40474707857696,2.5377586099171,5.70546702398622,60.03095,48.384975,46.5435,110.39655,107.43915,95.7004,63,400,49
"ZNF599",0.494547716598477,0.968558528036865,0.386279955101603,97.2885412698413,90.0504275,99.450887755102,5.32114092568085,2.38463456111309,6.95308869857015,72.4349,58.4695,69.8582,108.6732,112.464825,113.8944,63,400,49
"ZNF18",0.0677246414487381,0.921905282092255,0.0360798465663127,175.003049206349,159.2452285,178.82327755102,6.66528062919281,2.62492036509545,6.97381380206603,139.33565,121.631525,151.6011,203.7299,183.28365,202.0396,63,400,49
"ZKSCAN2",0.713304180496487,0.63182517166575,0.895205037920982,196.43193968254,187.880368,182.417959183673,12.2533000744814,4.01437832686965,7.74860823010312,138.70735,137.98325,144.6123,229.92445,223.97375,208.3218,63,400,49
"ZNF689",0.535259191134784,0.977565843214804,0.44743668312419,140.322631746032,149.546861,137.857167346939,7.41214366642365,3.28460310045758,7.587337481472,103.3162,106.4237,102.4672,166.05705,181.2903,168.5254,63,400,49
"ZNF19",0.00445383520317755,0.554256014075406,0.271594853233636,95.886473015873,79.744295,88.4930959183673,5.88887914380479,1.77811565184443,5.60736663043388,65.7418,52.7991,59.7596,124.15845,99.81695,106.6654,63,400,49
"ZNF230",0.997146382019113,0.759788583011941,0.687941501768428,97.9683936507937,97.626242,93.2505428571429,3.02267438621729,1.85055067164582,4.29811059410407,78.816,72.7132,72.5022,113.108,117.61085,112.4527,63,400,49
"ZNF222",0.728784281200439,0.993625726676941,0.694163840089488,64.8525317460317,67.875087,64.2492204081633,2.52772999443698,1.53992813404494,3.95644469386172,50.42295,47.135125,45.082,78.42055,83.86315,75.2924,63,400,49
"ZNF221",0.999748441648573,0.872845008043738,0.816823729925948,13.6059476190476,13.6350685,14.5577448979592,0.897315608258121,0.502136583394376,1.85532985939668,8.65795,6.6215,7.6875,17.22705,17.676925,16.6738,63,400,49
"ZNF233",0.352834120088254,0.760363313766745,0.0863052575999135,31.8619158730159,27.4209695,35.0551632653061,2.71368010079262,1.19391755326379,3.64037812917817,16.60225,10.4155,15.5945,43.75125,37.46305,47.7256,63,400,49
"ZNF235",0.981325995060052,0.992053248122549,0.946120940927606,74.6434365079365,73.825915,75.3908040816327,3.62084991800776,1.69635454475205,3.63001618853556,53.97925,51.503675,57.886,88.8425,88.146425,85.9823,63,400,49
"ZNF208",0.0427196357129868,0.993633627267341,0.0572480654027806,88.1502857142857,45.84738575,90.8023673469388,23.8377868909268,5.45526052653019,25.6593595353588,11.3365,6.239825,9.3549,47.5993,27.5185,49.8186,63,400,49
"ZNF714",0.776549069446996,0.559171348410281,0.139307052933498,215.522336507937,238.31705525,166.912485714286,14.7444912288419,13.5805290318441,21.1425882244141,130.19735,109.639775,87.9802,289.3068,287.942875,193.0652,63,400,49
"ZNF394",0.216277857266139,0.987711548496539,0.389933814066181,470.218487301587,438.02081775,466.170204081633,14.00679702591,7.37318750002944,18.5403788249479,386.49075,349.122775,379.5987,518.6409,482.7124,502.7146,63,400,49
"ZNF333",0.00444238761939941,0.768445620703813,0.118752150353704,181.392711111111,154.3408195,173.124967346939,8.73252275769298,3.05553847500193,9.59162461911786,131.3081,108.917375,126.2912,226.83995,189.3735,219.5398,63,400,49
"ZNF382",0.989671395526251,0.339776336291205,0.142793008334516,37.2713777777778,36.60230875,46.8877183673469,3.07265545204657,1.85359039720052,5.58218748771778,19.32135,15.610025,19.6349,47.1324,46.350075,61.2274,63,400,49
"ZNF577",0.830764042654597,0.980469653997952,0.957239039660589,123.972817460317,113.61761075,119.229004081633,10.7765301998701,7.09802155817399,11.8352928514284,65.2992,53.233475,59.9415,153.3954,127.201825,148.9071,63,400,49
"ZNF75A",0.00772681282182364,0.803234719554119,0.139351591879288,375.276514285714,313.3109425,357.024020408163,26.843454373282,6.83816413331315,24.9849852748383,240.15735,212.1307,235.645,459.98455,387.606125,439.2813,63,400,49
"ZNF496",0.999891629904576,0.883187197841788,0.814654719381614,298.616792063492,298.353535,311.145689795918,15.0229002068774,7.04487073637696,20.2534130362729,240.4757,209.80345,219.2243,343.78985,349.798925,347.1387,63,400,49
"ZNF2",0.999979858075164,0.988138708335266,0.980180987696819,113.798441269841,113.82632125,112.844842857143,4.56903336082962,1.68730319502911,4.76942304429841,91.53405,90.7648,88.2066,129.97815,132.094025,127.0276,63,400,49
"ZNF589",1.16592956197481e-05,0.311394057135241,0.0509792827672777,358.30796031746,262.70053125,316.291585714286,20.6038843443687,7.47643067639382,21.0938366768596,242.2058,160.10005,235.4156,453.83545,331.308075,350.6146,63,400,49
"PRDM9",0.981434211327151,0.996438647821512,0.961648823132709,2.53034285714286,3.58333975,1.88474081632653,1.44646313797564,2.3667933438247,0.771348450848809,0,0,0,0,0,0.3782,63,400,49
"ZNF12",0.999615894764243,0.43257443372459,0.27695054460277,763.28153015873,762.349804,701.984387755102,30.0296384380943,13.3302006825882,33.4472823382982,600.0112,581.2171,530.0231,856.5843,891.75175,796.6034,63,400,49
"ZNF202",0.110919081453984,0.186073522858404,0.912051096417932,276.797793650794,252.70591,247.234216326531,12.0175596393892,4.43000729899007,11.0188741034327,217.84345,193.43525,195.8245,308.62935,297.852525,272.3954,63,400,49
"ZNF3",0.997841869851334,0.843139581790471,0.729824414803063,740.417873015873,743.1421505,706.380257142857,35.8334079237945,16.9198540203109,27.3748174276591,545.3757,548.821925,547.0489,876.3696,855.93945,822.049,63,400,49
"ZNF606",0.162017685790538,0.685585783989728,0.823874822020755,277.1256,251.09522825,260.53476122449,15.9105643146582,5.10813399182559,14.2047523731861,203.19325,183.34985,183.6291,327.77755,307.778025,324.8703,63,400,49
"ZNF91",0.503654714950282,0.623542791679424,0.984998262187453,368.812082539683,340.10313575,335.353353061224,16.5300504868324,9.96004269444565,24.2417292283372,275.95705,226.195275,236.2908,450.02435,420.910375,397.0136,63,400,49
"ZNF226",0.568043210994893,0.81818869916398,0.987859096892835,322.344284126984,305.28356825,308.078818367347,13.0432783499487,6.46976312186914,14.4357490073534,246.631,212.639525,244.5936,394.3078,367.384775,344.6718,63,400,49
"ZNF229",0.854620091098271,0.999220130847575,0.858834047484134,125.172776190476,135.843047,124.116593877551,16.1030283807242,7.49241048723485,21.4999917059825,32.38055,21.181575,26.7845,171.2026,194.45965,184.0815,63,400,49
"ZNF180",0.558945615359044,0.953093147358938,0.399762448542091,150.979652380952,159.80216775,147.422214285714,5.58738040765809,3.36913295229592,6.62881638024993,117.75075,118.357,114.0584,174.6566,184.815675,177.7431,63,400,49
"ZNF641",0.894365993721139,0.16284861252187,0.142006741734699,184.899444444444,180.0170585,157.102383673469,10.81655134051,4.06011539865313,8.53336942643037,129.34565,122.722975,114.6712,222.22225,228.6391,184.2105,63,400,49
"ZNF610",0.18527183580085,0.977424071487509,0.160935892766008,76.627946031746,65.93636075,78.3682183673469,4.77109777999804,2.19641318652843,8.4228208982907,47.79175,32.792475,30.1164,98.80985,88.401025,103.9239,63,400,49
"ZNF528",0.00379213213829221,0.656922311180678,0.173707538892949,317.712698412698,248.9217445,291.53562244898,20.323484900501,7.69699517579964,25.3754898379683,207.05125,145.229525,162.768,390.53645,315.8156,377.6617,63,400,49
"ZNF701",0.911112953768431,0.323077091775154,0.0763872176575867,134.44750952381,138.0554905,116.731402040816,6.1662462626618,3.43527005880171,6.61044333672537,107.8534,93.0604,79.9398,151.03525,168.711575,148.9756,63,400,49
"ZNF283",0.962326133129484,0.855508337866365,0.636603320653303,55.094553968254,54.07891175,57.9726693877551,2.88066914235841,1.44248703655294,4.40710084597674,38.0055,36.0254,42.0208,67.915,64.53675,66.8191,63,400,49
"ZNF558",0.182297225681877,0.173176242378742,0.778533414935917,363.523979365079,327.61763525,312.304526530612,19.9039263651289,7.63275623028979,16.1332313694504,268.10925,220.891125,237.7999,415.3932,413.978525,355.2756,63,400,49
"ZNF597",0.979312606642547,0.832664606820858,0.845867030672617,61.2904126984127,60.35911275,57.4151714285714,3.63781821583582,1.81475150117625,4.89372647679857,41.44015,40.748425,38.7586,78.3612,73.44885,69.8104,63,400,49
"ZNF30",0.724670408544128,0.724423294174955,0.226433373666143,97.0901031746032,90.9185945,105.767153061224,8.10160166143827,2.98882018116984,7.17212833074531,66.0291,56.11825,76.9283,104.1595,107.885725,116.9245,63,400,49
"ZNF354A",0.619564371303021,0.858085666907038,0.98376434176301,268.236988888889,253.79058125,256.769408163265,12.2773192964309,5.86892563375083,15.34646131209,198.88235,181.920325,181.9213,321.98555,294.2875,295.4866,63,400,49
"ZNF764",0.894856691318715,0.238047329307092,0.0396906180094793,213.2592,208.62476175,236.756293877551,8.4604849307859,3.75063438637799,13.4637402319172,168.31925,159.76095,188.5965,242.0908,242.692075,260.2267,63,400,49
"ZNF747",0.819331445346663,0.780278360385951,0.350280629228794,252.329984126984,243.7155185,265.839514285714,12.2649893529732,4.65571705049582,26.3621302772097,199.56335,186.5421,201.6544,283.5707,280.698925,274.9653,63,400,49
"ZNF778",0.672380016682473,0.999007787041029,0.694418653927571,98.6644174603175,92.42291975,99.1025387755102,6.30481473258248,2.75357097449044,7.44062624034556,66.2737,57.975475,64.6042,117.6176,111.797525,120.7869,63,400,49
"ZNF212",0.210162628495179,0.990293113420496,0.213666551585641,438.403023809524,404.63633825,442.138753061224,20.3199752762081,7.15511663624513,23.3469196573743,338.5193,307.1619,344.9456,498.7167,468.630275,538.4615,63,400,49
"ZNF282",0.811922713093897,0.762240034725966,0.323840100951783,793.624947619048,771.05341875,829.838716326531,31.416956352061,13.7525285908176,37.2462171914567,650.7242,590.669775,625.5708,893.9779,898.8592,1011.8943,63,400,49
"ZNF160",0.0533894886162246,0.459049187066401,0.829465793568514,587.503617460318,519.79738775,538.749618367347,27.2772995281362,10.9631486951591,24.5616806127525,408.9817,360.5172,421.2766,708.1239,632.614,631.1772,63,400,49
"ZNF415",0.644308500522729,0.126134329808592,0.224788209904109,130.507228571429,121.27939125,102.235563265306,9.36607090626753,3.83559063165905,10.5266382610937,68.58455,59.92045,41.301,169.13665,167.510825,149.1228,63,400,49
"ZNF439",0.0519788272593132,0.25677399229978,0.993676158990372,108.294187301587,88.6901835,89.6957979591837,7.60956497430163,3.17779767013469,6.98579556360138,60.1972,37.583675,52.6003,141.7724,126.2739,114.375,63,400,49
"ZNF440",0.0340318029677795,0.516326834765017,0.667124332208193,321.435885714286,263.14228375,285.482212244898,26.6367474172216,8.15090301887367,26.8345216072339,204.4452,155.5328,177.089,368.84485,318.707125,337.2208,63,400,49
"ZNF562",0.881653216722796,0.455332060477536,0.129965784491285,444.95263968254,455.45805325,407.987683673469,18.6609815451979,8.39897026325043,17.9097144963868,351.9049,344.919925,324.5091,517.69915,546.4295,465.9503,63,400,49
"ZNF561",0.665885350055179,0.758267543437985,0.220815534254648,571.80420952381,597.14728675,542.436987755102,23.2996605418844,11.4021739251407,22.5677352054222,460.47985,448.5785,438.3358,637.90175,703.533925,611.2944,63,400,49
"ZNF584",0.809134623886981,0.993798310286201,0.769974564515167,172.102219047619,166.52268275,173.445191836735,7.56507505562262,3.42048648409431,8.02693493454912,133.7632,117.699,129.115,201.51925,204.84835,214.5695,63,400,49
"ZNF274",0.0284907386536892,0.847427056605635,0.243280529594721,578.351314285714,511.61316875,558.310816326531,25.8496370046789,9.47355278090852,27.7602566543551,428.1412,368.36615,402.6846,731.2633,638.818225,687.656,63,400,49
"ZIK1",0.394104063010596,0.234941519715895,0.652377870642922,95.386946031746,81.62488725,71.2319979591837,9.32069868389759,3.98141821263346,9.69048758624688,44.72885,24.3647,24.1498,131.8689,109.0705,86.5465,63,400,49
"ZNF540",0.184075423110067,0.61261493916282,0.0162431007117754,69.195573015873,55.798685,79.2912,5.1770762055924,2.81698629261317,9.95456629773595,41.8255,21.12095,34.2564,79.59615,68.831725,94.4637,63,400,49
"ZNF570",0.834460009169145,0.9647661646213,0.681819352526509,51.3974015873016,53.5978515,50.0213387755102,3.79903718405459,1.37926238218864,4.52886600870586,37.93025,34.649975,28.6447,60.6057,66.3071,61.008,63,400,49
"ZNF57",0.869250778023427,0.798765601201979,0.933904233729769,95.6286777777778,101.9086305,106.806240816327,4.00591297888005,5.01571080098709,9.61711156139774,71.9887,62.71425,71.7572,115.74315,113.463175,113.1082,63,400,49
"ZNF556",0.591283687638258,0.750310432958505,0.17569810032346,3.19752857142857,1.90858975,4.53584693877551,1.29180043433283,0.431117784719912,2.25535226631283,0,0,0,0.6742,0.5609,1.119,63,400,49
"ZNF554",0.0708438387451436,0.891173737113211,0.0295185765266541,111.168217460317,97.707639,115.08646122449,5.12874810504176,2.28265100095933,6.37669626632056,79.9718,67.736975,81.5589,129.33665,120.972675,130.315,63,400,49
"ZNF738",0.662555644076625,0.958887252118739,0.904224793489899,181.898755555556,211.520881,195.177857142857,12.7704563528074,13.9380639558759,18.8722158962146,124.81365,105.320725,117.8887,218.4204,231.2253,226.1656,63,400,49
"ZNF596",0.583063676958551,0.944102474074744,0.399302369315008,52.3557238095238,47.93390275,54.3819142857143,3.22179967433576,1.6787452363858,5.11544806983583,36.5513,24.78925,37.3066,66.27215,60.6326,58.0385,63,400,49
"ZNF621",0.00199837172264239,0.908820962735875,0.0311355959323089,619.365452380952,528.6104905,603.80283877551,24.943733812266,9.95117764312437,23.9423688296435,499.3705,392.581675,484.136,733.8649,619.7526,709.9338,63,400,49
"ZNF680",0.739495483870363,0.939234317194801,0.522191948149739,315.811484126984,334.562913,303.810020408163,17.2784823221062,9.68670733553087,26.2681318596458,211.9975,207.821325,199.6096,395.547,403.592925,328.2905,63,400,49
"ZNF483",0.999342370530376,0.833869655311147,0.768350980718453,18.4908349206349,18.56867425,20.3095591836735,1.62228112990166,0.849486476063151,2.5442216959138,10.4078,7.9762,10.8183,23.048,22.235125,23.3543,63,400,49
"ZNF417",0.603328917895042,0.427701980228509,0.759345902507379,170.465719047619,161.58563375,154.271473469388,8.12723776820207,3.48138614880813,8.85269459109507,119.8172,113.35365,112.6107,210.0275,200.607925,191.975,63,400,49
"ZNF791",0.925865731406595,0.103883600290779,0.0107944764503604,195.215288888889,198.83533775,167.462479591837,8.49283867303876,3.65657613321566,8.7909464821291,155.24005,148.514825,130.4996,227.78585,244.7166,211.7018,63,400,49
"ZNF519",0.99942269559921,0.782308044975505,0.696126590804527,38.7493904761905,38.63499275,35.432412244898,2.78227094058595,1.36485854974002,2.8116877538152,22.75115,21.594625,21.1988,48.36995,47.08335,42.3601,63,400,49
"ZNF25",0.00460607915496414,0.650837552152796,0.196336098782626,251.647507936508,215.83738625,237.616771428571,11.172803446091,4.06047653764611,13.3230536260273,197.48585,151.1784,188.3764,314.8017,275.9577,257.2696,63,400,49
"ZNF77",0.880517224453681,0.961552424015086,0.995061249849091,78.0220793650794,80.888764,80.2575816326531,3.80328631821297,2.35240317186599,4.42256484742537,56.35275,53.485825,57.3105,94.1687,95.033375,93.9566,63,400,49
"ZNF169",8.57186733894677e-05,0.415135897627321,0.0745318019860205,93.3168777777778,73.447899,84.9407816326531,5.2346837360312,1.69957033771616,4.4274839867955,62.27845,47.753525,60.7083,110.85465,92.727225,101.4852,63,400,49
"ZNF613",0.690047590585225,0.992357124637737,0.827173802826117,125.411022222222,136.3356825,127.616379591837,9.56613008942571,5.18127981349974,10.5345063290128,87.816,85.3276,82.1116,118.6154,151.4862,140.3509,63,400,49
"ZNF404",0.152527410348813,0.974789983775181,0.345872903596703,59.1619174603175,46.6981525,57.1316979591837,7.50956705405562,2.26241109190332,9.47696013806952,23.87165,19.711025,23.7481,65.7626,56.51845,68.0138,63,400,49
"ZNF135",0.13029652312572,0.521000048172427,0.930836603739704,104.342428571429,82.321205,86.9069530612245,11.1708375953581,4.27280077201304,9.02507804719258,37.00975,24.220925,32.1586,148.5393,116.2043,114.8116,63,400,49
"ZNF620",0.888167917936377,0.952619363149245,0.999026329707503,57.4107285714286,59.396488,59.1955959183673,3.44641030305991,1.64512209108376,3.52120199040797,39.5306,39.887225,40.7188,68.22115,71.413175,76.7105,63,400,49
"ZNF619",0.9765332028235,0.539994774693368,0.282958644148887,53.4665396825397,54.0888,49.0046,2.6342528117045,1.13316086381511,2.6868180401564,41.122,38.1039,38.0988,63.7832,66.867475,55.6291,63,400,49
"ZNF354C",0.800090527051165,0.528047923373087,0.711250905877382,38.5008634920635,36.10659375,32.801006122449,3.28950156581226,1.40518608060865,3.83938927343102,20.6074,14.591875,16.8488,48.06265,48.073625,37.4864,63,400,49
"ZNF114",0.280424988129235,0.943728051112296,0.604434742009414,43.3998698412698,74.204323,52.6067551020408,9.64174471218883,7.93966580599759,19.4814203239558,5.8794,4.4365,5.8792,33.2962,73.178,52.982,63,400,49
"ZNF454",0.123310034073371,0.858515756000808,0.518830570203416,25.2810492063492,18.6240775,22.7693591836735,3.60064094128443,1.21404758489322,3.78558236552261,4.83995,3.641275,6.8154,35.9653,25.0873,28.5317,63,400,49
"ZNF543",0.876162713805992,0.869767416296135,0.531870346768773,98.5626984126984,101.21262575,94.7370489795918,4.11425690606784,2.08244531917486,4.72127555805394,75.8519,70.42695,70.063,117.4957,123.526425,119.9908,63,400,49
"ZNF354B",0.0333299892156869,0.998784717234136,0.0744712878663628,114.207515873016,96.5226085,113.742030612245,6.21872018250549,2.56200888818588,8.73737931545764,79.79685,59.60255,77.9429,138.83025,123.197075,147.5147,63,400,49
"ZNF223",0.600869843711181,0.966649510207787,0.846575804518232,93.2655682539683,98.7538705,95.2530183673469,4.03318825176716,2.19922917000191,5.26057484875717,77.5699,70.554975,76.7717,112.95155,120.347525,113.1808,63,400,49
"ZNF713",0.646985784653707,0.500888759602902,0.811874272986807,75.6255523809524,59.82362725,47.6244632653061,25.6451421637789,6.19515966456881,4.25297801472855,33.0814,25.974125,29.0062,65.8854,60.884025,53.7322,63,400,49
"ZNF552",0.9995882939824,0.995759627292437,0.990008564393526,274.424376190476,275.0450205,271.622667346939,19.1769694327297,8.54962839345431,22.4450450421671,168.46905,161.062125,170.0882,321.41115,341.588075,305.0624,63,400,49
"ZNF154",0.00823050380891677,0.0974272320697575,0.997009261250438,81.2370952380952,59.554465,60.1514428571429,8.26179588862102,2.64652222146918,5.57375838688529,32.1297,22.5337,30.9064,101.3316,80.07435,82.311,63,400,49
"ZNF571",0.518626894368267,0.998123451392728,0.636943406177339,85.8805111111111,80.4123955,85.4702959183673,4.56989031999623,1.86297616306579,4.94231741026162,62.12695,57.79005,63.2233,95.49305,95.338575,97.8162,63,400,49
"ZNF443",0.999999792130808,0.993982974245981,0.990408147734234,78.6740206349206,78.6769575,77.9707979591837,3.43983998606468,1.84269196385264,4.40411108742386,62.8442,54.2511,59.3266,94.0914,94.8229,90.3459,63,400,49
"ZNF792",0.588753255603355,0.591354193559768,0.934312434511031,130.975365079365,138.46410775,141.45483877551,6.28542636539386,2.88938287450209,7.2980888177791,96.5307,99.300575,106.1585,156.1264,168.198375,166.9975,63,400,49
"ZFP82",0.323341646309529,0.999974429859689,0.408737630161883,78.7112126984127,90.30807275,78.7885163265306,5.74192659693284,3.15025119629986,6.35409849135793,49.27765,53.1547,48.027,94.8341,111.9085,100.746,63,400,49
"ZNF707",0.211219838631735,0.132656346598781,0.000280773470349605,282.516485714286,253.34583925,329.299230612245,14.5621191152925,6.42350955907989,19.2503291945755,208.1757,167.63575,217.1129,343.3794,303.718,389.5145,63,400,49
"ZNF746",0.80835663707513,0.575004963641149,0.75995814743771,526.749198412698,543.045086,563.717367346939,15.2115216663931,10.3257806595802,21.8274937440966,445.1185,425.766625,465.7837,622.1832,606.63885,657.1906,63,400,49
"ZNF678",0.969647753568628,0.263231737170484,0.18643153020988,61.0513825396825,60.0854785,52.0861142857143,4.32416203060494,1.50775177078643,3.34949475116445,37.64265,39.03505,32.7144,76.97455,75.4677,72.2743,63,400,49
"HKR1",0.10091752372623,0.997925449331459,0.135276999629972,671.067057142857,583.7902885,674.733853061225,35.0198587180013,15.7756605342364,48.6513765850992,454.0813,381.477625,412.0203,786.96125,704.175525,860.8169,63,400,49
"ZNF101",0.647891322331409,0.466641853405895,0.0597487608140937,112.484728571429,119.4486565,99.5044448979592,5.38677192318021,3.08135737711099,5.59504526428565,85.4453,82.4453,71.4657,143.1266,140.675325,118.6137,63,400,49
"ZNF716",0.998614610638684,0.803998113623804,0.680160640427622,4.70111904761905,4.847744,2.11480816326531,2.32869019529045,1.15599693282038,1.00976368536367,0,0,0,0,0,0.455,63,400,49
"ZNF708",0.833176514378241,0.961532717422762,0.671259437178579,150.349715873016,158.10853125,145.297134693878,6.44716036294276,5.42250674846617,8.6857640703189,117.24315,98.32395,106.4718,185.47785,185.6594,163.9213,63,400,49
"ZNF721",0.440778507178538,0.997531095127296,0.570889719852609,453.082576190476,426.4961505,451.035130612245,19.3655179944002,8.32972843712759,15.6778997110746,371.88965,335.419125,376.2381,470.92095,496.4659,515.4027,63,400,49
"ZNF662",0.18732319629941,0.649802466316601,0.892562463551914,128.823715873016,104.569593,111.593357142857,13.9530301892377,5.15509667470326,11.5133682917347,48.61945,32.779325,45.6051,175.13335,147.85705,181.7974,63,400,49
"ZNF320",0.56307705564543,0.868772494622929,0.957818661545248,528.835693650794,498.59493375,507.830653061224,20.421638360675,11.4041165205128,28.0764761436057,408.4075,347.61325,366.9903,585.6764,608.1759,592.9561,63,400,49
"ZNF530",0.196597313458237,0.923212324012045,0.107358625547506,65.1387920634921,73.872895,62.4305836734694,3.60025827521733,1.96602123181862,4.23555628860183,47.162,46.56515,40.7187,77.57125,89.641025,79.767,63,400,49
"ZFP1",0.0357351079538213,0.971967584945856,0.129642153620181,179.238376190476,204.715138,182.515518367347,7.6091839052934,3.90745670937226,10.4761868962292,139.6465,153.2001,132.3931,205.02915,243.883625,215.4541,63,400,49
"KRBA2",0.995946040526112,0.922380712156651,0.842015288423215,57.861080952381,57.5013255,60.1162142857143,3.18861033000342,1.5650102450654,4.87980406255851,40.5677,35.285775,39.1879,77.1748,70.7391,69.2901,63,400,49
"ZNF93",0.0840467390535078,0.966679433347614,0.0682506743189187,63.4043476190476,80.57823225,60.6005,4.39085507167919,3.19417878110332,6.1969087435217,41.05165,42.63915,33.7485,76.9474,100.558175,72.1221,63,400,49
"ZFP90",0.134124882811958,0.598721065265127,0.869616139591415,529.519466666667,484.8543155,497.936963265306,24.6712744927512,8.41112287670859,23.7541694365391,376.893,373.00425,380.6457,655.24785,581.748025,590.0123,63,400,49
"ZNF479",0.141629959856223,0.205777292843023,0.896577636525509,1.55078888888889,0.425769,0.130424489795918,1.01977330215021,0.188913244211646,0.100808553634126,0,0,0,0,0,0,63,400,49
"ZNF445",0.20891406218732,0.957841776018709,0.149154920147565,556.506023809524,507.836589,567.800157142857,24.197999433296,10.2534206671357,40.374872386876,411.2367,376.0893,424.9054,647.5534,616.05025,649.9198,63,400,49
"ZNF74",0.993376872849854,0.773398066332237,0.726804836408477,303.121965079365,305.51163175,324.018969387755,23.4048246076326,7.92040217186736,20.3418926667369,226.8769,204.5374,217.8363,321.8897,366.8699,403.9634,63,400,49
"ZNF829",0.998414963940204,0.915308094482194,0.845312562565448,13.6886095238095,13.7809435,12.7192428571429,1.55627710580402,0.638751361156744,1.78703388635411,7.16935,6.0285,5.6172,15.16685,16.905275,14.1166,63,400,49
"ZNF267",0.7679586710388,0.304950873944822,0.0364518532503587,410.741746031746,425.694355,366.060053061224,13.8512467044448,8.34310548077217,21.1880649893706,324.18905,305.15965,248.1969,480.03195,518.439125,447.3139,63,400,49
"ZNF566",0.921386839682348,0.692308399867465,0.355299739643137,168.109920634921,163.94257175,180.530832653061,8.0737985867215,4.10993752943525,11.0602949223575,128.0099,112.243,128.3804,183.95055,195.34765,216.1056,63,400,49
"ZNF224",0.00489258921629554,0.507281652682184,0.329749364930627,267.250331746032,222.89160475,245.259889795918,13.0646400789861,5.31764742181421,11.478653561984,201.4139,152.506125,193.9655,310.4619,277.839475,285.3996,63,400,49
"ZNF529",0.895917692516102,0.873769442963758,0.562775868123537,295.902247619048,285.869726,311.524665306122,14.1954067592333,8.7990231139602,18.8410817704517,223.45625,184.847725,212.9436,343.71905,326.46725,364.3058,63,400,49
"ZNF284",0.863498337688535,0.735225087324685,0.881462683762825,48.5238746031746,46.69197975,44.7954775510204,3.09494236488267,1.34362257937933,3.15455789697644,34.0322,28.4181,30.6859,58.8831,59.273075,52.1461,63,400,49
"ZNF749",0.343095194783661,0.996839905392245,0.370042788612182,55.9714968253968,61.34786725,55.5617979591837,3.1576885925283,1.46267351070503,3.55887406927599,39.5573,41.32705,38.4426,63.4737,74.90675,68.7933,63,400,49
"ZNF17",0.554007467893254,0.998620971492451,0.662311025669827,100.249423809524,105.37219475,100.596812244898,4.11133529987043,1.9012479884307,3.77177280751174,78.81485,81.326425,79.7764,118.99405,123.16675,118.1056,63,400,49
"ZNF555",0.783938521613832,0.85190462225408,0.410335020015607,65.4053920634921,67.89517125,62.5670469387755,2.92945590531927,1.46072888955826,2.46993507175277,49.68705,48.558825,47.5146,75.90675,81.94355,75.3425,63,400,49
"ZNF75D",0.0349715394671759,0.182116301668946,0.99997555459141,468.5191,398.64172225,398.850444897959,27.4288457407631,10.6178177509063,19.5551791826671,311.9099,269.24695,320.7794,610.4898,461.811025,465.7023,63,400,49
"ZNF197",0.167093604613179,0.632004761857561,0.884536020190076,325.137168253968,301.5048755,308.382493877551,9.31782421324853,5.01073219779185,12.5956926256961,271.65915,238.57375,245.8396,352.4477,353.714675,364.6568,63,400,49
"ZNF732",0.973111871684227,0.132363616385951,0.0679944878311045,6.13508253968254,6.53819675,11.042,1.1352485740071,0.579880177861753,3.70847740756661,1.86465,1.2636,1.7101,5.7787,6.214125,11.8036,63,400,49
"ZNF546",0.0782161005848643,0.955215389204321,0.0564097687033561,64.5273476190476,56.0282925,66.1176040816326,3.26610486946223,1.47426849274338,4.03264912994606,48.03025,34.135725,44.5879,80.7874,73.28085,80.4509,63,400,49
"ZNF286A",0.14698937467062,0.668815944719467,0.818529847931625,184.050796825397,219.825677,206.9787,10.7665506246658,7.55752333621694,14.8178115163101,129.7758,137.9906,137.7556,190.59305,257.40195,259.9401,63,400,49
"ZKSCAN4",0.999751627440696,0.986288478737132,0.974103607031863,130.542847619048,130.673797,129.170916326531,5.45811472996375,2.31728139922385,5.86832771977487,101.22585,101.369775,88.7503,161.16775,156.6963,154.2398,63,400,49
"ZNF643",0.559947677785288,0.974530747658624,0.458308012923437,43.4872920634921,48.5967185,41.9752959183673,3.09512397641796,1.9709503586842,3.44330211550223,25.34985,27.9464,25.722,55.6844,59.2061,52.433,63,400,49
"ZNF642",0.993098016101665,0.998363740080985,0.999442983636241,104.473503174603,105.225773,104.987526530612,5.44535815243776,2.60402488459354,4.60613928040792,76.8699,74.223025,89.5668,117.8948,124.3899,121.5162,63,400,49
"ZNF490",0.735449209059825,0.780326668100927,0.983154130333932,190.882087301587,184.8565845,183.275848979592,6.62597009621512,3.04295443134018,8.04415506623402,153.17455,146.918325,148.6232,224.5992,215.9284,209.7501,63,400,49
"ZNF626",0.347071399567489,0.43335172557879,0.948702365216621,283.755117460317,237.5793675,226.11052244898,31.7666446597102,12.3059434233491,32.4585437353058,92.17345,69.342675,65.6028,354.80715,322.755625,336.1662,63,400,49
"ZNF793",0.45683226531119,0.99528037517895,0.461733668179847,121.269093650794,106.35910525,122.893591836735,11.9338478178383,4.59725150096903,12.7975895129963,71.97995,47.998175,67.5497,146.3128,136.664025,164.5372,63,400,49
"ZNF383",0.981481487696821,0.999915387309894,0.987783820597796,81.8637253968254,80.893517,81.772,4.54513106147732,2.00302114346762,4.52036925458785,64.4314,55.408675,62.274,90.3876,92.762575,97.0478,63,400,49
"ZNF669",0.59941674572362,0.874532176542191,0.298984344553481,106.930673015873,112.749745,102.750044897959,5.44339225023318,2.25662375282325,5.79881605843674,73.182,78.541125,72.1753,136.3439,137.4206,117.3142,63,400,49
"ZNF559",0.0107727823979531,0.0407378041786246,0.889907897524307,251.696519047619,218.8611155,213.048606122449,11.6473033999447,4.18371804964631,9.72664938550567,194.1733,164.219875,176.7139,304.406,266.1395,245.8422,63,400,49
"ZNF177",0.0208936250663603,0.0342747415786082,0.737019231315877,59.216453968254,47.37197825,43.6935102040816,4.89284271766261,1.61327900970007,3.76612648320102,33.97355,23.74585,22.0563,77.92775,62.51495,57.7742,63,400,49
"ZNF548",0.512340614744859,0.885713214900056,0.916578607608536,251.683649206349,238.0340305,243.525504081633,11.1698516107603,4.69716796912452,9.89166308180076,197.6659,174.99315,182.1494,290.63105,286.94635,286.5297,63,400,49
"ZNF563",0.339181618392413,0.257054305292732,0.748729476994196,52.1725412698413,47.72320525,45.1587591836735,2.80830450059692,1.20375591136872,2.59663339046718,37.8998,31.9352,32.8113,67.4978,60.034025,61.2009,63,400,49
"ZNF567",0.570118388679306,0.792103306758264,0.995855276586068,137.513326984127,147.82920775,146.840479591837,7.58792261933636,3.88101576765502,10.4007666451597,103.46655,101.65465,96.1065,166.6237,172.58015,168.2384,63,400,49
"ZNF573",0.943581956945763,0.995126345654229,0.983779951216023,26.0528380952381,26.813649,26.3628897959184,1.62875940343177,0.901538799780699,2.26910899389321,17.5997,14.765325,16.9291,29.92245,32.987975,30.4034,63,400,49
"ZNF527",0.958523911791521,0.977817643429938,0.999982742529602,105.290561904762,107.131472,107.172957142857,5.68404486361242,2.47756103379295,7.01575660939021,76.4892,74.947725,74.5712,118.05995,124.21395,122.9185,63,400,49
"ZNF33A",0.00420889244556188,0.975702191068576,0.00526832011837985,1070.92602380952,904.339611,1086.3953,53.2341320639469,18.9713314837092,53.4735121581716,756.96425,621.1662,766.4794,1251.74915,1140.673475,1245.8578,63,400,49
"ZKSCAN3",0.483533820677638,0.999862273069368,0.570622896300345,83.2959555555556,76.755858,83.169687755102,6.36419628563602,1.97749156834886,6.93182483303258,49.1891,49.430475,50.2301,100.83815,96.1275,98.7517,63,400,49
"ZNF676",0.23446988762194,0.999988803663332,0.314690406727195,20.2220380952381,11.766417,20.1891612244898,6.36870730645245,1.69806607824187,7.37946940415622,1.12025,0.45595,0.5944,5.10545,4.10275,7.286,63,400,49
"ZNF699",0.196063590399099,0.633747621466074,0.0199853250877358,20.785846031746,24.56702275,17.9838591836735,1.52632560132789,0.858493581168221,1.6057895499485,12.73845,14.11205,8.6987,25.92605,31.410175,22.8039,63,400,49
"ZNF250",0.474205934995972,0.73901129153197,0.118949410095938,236.975033333333,221.10294275,251.157463265306,10.2305901104538,5.08289011323126,16.0098046112714,180.0532,150.41255,173.4307,286.83225,269.308025,295.7028,63,400,49
"ZNF79",0.878191566920687,0.994013440009929,0.838149168325154,97.0352301587302,99.11135,96.4081857142857,3.49645868034313,1.6218938505668,4.0656579996449,83.99525,76.46145,75.9136,109.01215,117.842425,107.9013,63,400,49
"ZNF681",0.135391354657759,0.840314892682659,0.572192729780103,117.70826984127,149.23293025,130.708163265306,9.25990424038577,6.50841075716116,13.2068881306872,68.1717,81.90515,77.8073,139.89195,170.7738,153.457,63,400,49
"ZNF766",0.872329757956239,0.648875816590807,0.780965618380895,409.019466666667,400.1158905,386.736142857143,13.7697097870533,6.89764869591275,14.9222199423684,338.77905,305.21375,312.911,463.032,470.9857,449.6644,63,400,49
"ZNF471",5.99180864140347e-05,0.222514777858075,0.181764568754206,99.9170746031746,66.48048575,81.8127040816327,7.67834740188337,2.74915302233143,10.0196822610261,48.9159,22.994525,31.1778,146.1688,92.85785,106.985,63,400,49
"ZNF836",0.589193301206768,0.974367276344443,0.817210934251199,98.5572952380952,92.971775,96.8208306122449,4.14975565285593,2.19327354380923,5.1764025088619,71.24425,63.549225,70.5209,115.58215,113.685825,118.2195,63,400,49
"ZNF493",0.480734692506832,0.821112482301378,0.957254820134302,222.468393650794,192.72611375,200.820832653061,15.6876097515296,10.0072089479894,24.6145110558955,140.50675,92.8466,111.3844,295.3956,229.1583,238.0975,63,400,49
"ZNF167",0.0357140177687514,0.576740612523521,0.600765612348662,72.0647984126984,59.98288075,65.2175469387755,5.05339833796809,1.77950961357766,4.68760484568832,46.58895,33.337875,46.9035,87.45475,78.362475,87.6439,63,400,49
"ZNF565",0.996929431807569,0.373688716962785,0.238329870173658,66.0586841269841,66.370778,73.9270836734694,3.39758825480848,1.59431723726585,3.74493309403459,47.6363,47.6303,53.9033,75.86925,78.685775,89.6994,63,400,49
"ZNF34",0.788308173161555,0.10771345041675,0.124003286611889,117.05090952381,122.38859925,140.137163265306,5.29628688063199,3.03124065359403,10.3283313822862,88.34075,79.904475,91.7468,151.4358,145.87785,155.7055,63,400,49
"ZNF140",0.666633999200781,0.693224779529639,0.963956822691396,490.784823809524,471.23958525,464.680173469388,28.4446037213518,8.13030624234052,16.5586258026943,352.805,360.502275,385.4996,557.641,547.812425,524.2643,63,400,49
"ZNF658",0.150631176701566,0.974036717100071,0.345081778314891,35.1926952380952,30.804671,34.4696163265306,2.30713524705309,0.84502419685597,2.8385268673653,22.65895,18.6502,21.6366,44.1649,39.473125,44.4954,63,400,49
"ZNF765",0.0842163239918006,0.958200578318146,0.0623867857074727,197.415246031746,220.429381,193.195851020408,7.53821550940443,4.22541217852511,8.05993614348571,161.2937,162.947425,165.0811,224.8864,260.91675,220.7602,63,400,49
"ZNF124",0.271110830456651,0.239418428306182,0.791518764109768,90.6874793650794,101.631687,106.788059183673,5.23582631694162,2.71058730255803,6.88518236186575,59.40495,63.37665,69.707,115.2855,124.0674,134.6729,63,400,49
"ZNF569",0.951632445815535,0.999839865518487,0.954691890388738,98.8104222222222,101.13972425,98.624412244898,6.99248199259543,2.88086034377722,8.13179717416966,65.15545,65.0864,60.1039,110.00335,122.716525,118.2195,63,400,49
"ZNF777",0.910746461481453,0.632122486681318,0.715187676725907,436.829477777778,445.6233325,464.229720408163,16.9926033107605,8.19144776653491,18.3280890052165,334.73955,348.176525,386.2205,501.65055,526.322525,527.2975,63,400,49
"ZNF605",0.165285745220834,0.781812884506138,0.0369889389277146,404.788723809524,366.2223105,424.741142857143,22.2109051427411,7.78003864004637,19.6134748789281,280.28995,255.236375,327.5938,489.9491,448.18665,537.2303,63,400,49
"ZNF799",0.63911240779063,0.334084663359365,0.594786714857051,132.4237,125.777055,117.779995918367,6.19073028386455,2.82753410116566,5.74693520320288,102.8439,88.775425,96.5825,150.6571,153.36745,128.3688,63,400,49
"ZNF782",0.0894942329031732,0.709611542459741,0.645045462311347,55.8905238095238,49.50470875,52.5270489795918,2.72963223110835,1.1561918798377,2.27040875406539,38.90685,33.336425,38.6413,71.40325,62.221525,61.0687,63,400,49
"ZNF846",0.122986785196194,0.711412123035886,0.7237966502622,83.0692714285714,72.703247,77.2265346938776,4.49620148216018,2.01056505118093,4.60172823377035,55.8382,43.83125,54.6256,98.3236,93.29145,94.6279,63,400,49
"ZNF136",0.82808134353797,0.046082623428167,0.0363422231821637,189.853980952381,184.603052,159.811295918367,7.69126456681958,3.41124651943235,7.76254078894109,144.86895,135.491025,128.6776,241.16845,223.27375,188.3512,63,400,49
"ZKSCAN5",0.954418998378139,0.326186962511413,0.273504507652721,354.607549206349,348.79908475,314.486385714286,14.9005554486298,7.85818501470043,11.6654279346533,279.46115,276.4018,247.2119,408.61845,383.5045,350.2269,63,400,49
"ZNF33B",0.144913967709031,0.506760222550116,0.00605903267715846,742.457263492063,659.886197,811.046514285714,37.3659248849891,16.0039511530759,54.5290095455655,521.3114,440.583875,503.7821,856.7199,806.2448,1080.3536,63,400,49
"ZNF431",0.607592965767845,0.70132939692533,0.98633572041059,231.669517460317,212.74759075,209.241489795918,14.7514240332105,7.52307429625827,21.2427149238693,155.4015,125.162075,113.313,270.6667,263.157075,246.3931,63,400,49
"ZNF418",0.00440074617841812,0.713049739682125,0.150252070532842,77.8388984126984,54.593177,69.7937816326531,8.15288860898608,2.66127965902492,6.09467374939478,33.9577,17.457175,29.7622,99.36785,77.717925,94.3181,63,400,49
"ZNF700",0.00229185134725984,0.0725271715254671,0.964403642402327,318.436461904762,263.73643975,268.377785714286,15.6660673120415,6.12652268770514,11.8464156769461,226.9977,176.445075,208.156,378.1994,316.994075,331.0873,63,400,49
"ZFP28",0.359866291250089,0.894294767760621,0.788922862260418,144.215406349206,131.38195225,138.268426530612,8.08157227464094,3.50428280665959,9.93112843535312,106.61535,82.681225,93.617,171.5179,171.693,183.6645,63,400,49
"ZNF585A",0.40479852028886,0.983422494292319,0.621023223983443,131.209085714286,144.272475,133.698510204082,9.06777537737655,3.83958702811901,9.06197283347205,99.16485,96.5942,93.7224,142.9192,170.7517,148.2549,63,400,49
"ZNF138",0.890208947442275,0.99995966064126,0.906440329878331,195.58333015873,202.0842015,195.413248979592,9.11320171819269,5.3365989163795,16.9639252948726,151.89785,130.96235,121.4748,238.86815,245.03565,239.611,63,400,49
"ZNF429",0.99277329747483,0.354137817758215,0.234229678576895,133.952028571429,132.50383625,109.533663265306,7.88129987250617,5.01641736192309,8.18397157670386,86.1131,77.688375,72.4062,178.78775,158.10165,130.6144,63,400,49
"ZNF470",0.45701820495977,0.858559904985404,0.912547792619388,148.299588888889,137.4598435,141.589526530612,8.80870754405537,3.35214097065816,8.87296729113716,108.5288,88.4067,101.3005,170.1178,174.95365,166.6667,63,400,49
"ZNF100",0.652344674475579,0.622377110617794,0.123822156680323,200.372988888889,217.98759375,174.289816326531,10.9574076508732,7.96535273230398,14.1564724232387,136.7789,132.869875,101.4169,253.1291,260.854875,216.8094,63,400,49
"ZNF398",0.442783129967076,0.997998988967859,0.567502343518446,424.059557142857,446.04202375,425.587691836735,14.3676764192194,6.85438060250311,17.4070004646534,350.1779,353.882925,351.1491,476.61505,522.946375,495.137,63,400,49
"ZNF498",0.302273010923827,0.659070809930075,0.971729301483453,405.067661904762,378.4451075,383.032179591837,13.4665250270156,6.91968944103921,16.4456565886493,335.089,297.144,299.9493,442.56925,439.150725,434.1291,63,400,49
"ZNF441",0.141454996991148,0.339211988704263,0.997173355821792,132.459676190476,117.3490385,116.710673469388,7.6927622872669,2.96954634602729,7.29003137680158,94.4559,74.244325,83.4951,161.26405,147.031125,144.4279,63,400,49
"ZNF420",0.576829064052316,0.99778064122212,0.693162106721471,129.151477777778,139.64598575,130.087134693878,9.92081033755097,3.80408517462455,12.2618248106409,88.951,88.433175,83.0546,133.15345,170.547175,142.4936,63,400,49
"ZNF763",0.000376033768127559,0.732764232564793,0.033021922508516,62.2087952380952,47.75281025,58.2529346938775,3.51231408118378,1.3873708320803,3.75699859869889,46.77155,26.8543,36.7678,76.84255,61.1872,76.1129,63,400,49
"ZNF679",0.998126015942354,0.691245541241733,0.590617499027901,1.07805555555556,1.02741925,0.0786224489795918,0.981403964533221,0.327453117917812,0.0356032717799878,0,0,0,0,0,0,63,400,49
"ZNF682",0.612363007727608,0.497339507134991,0.834312287405098,119.216698412698,103.31859875,92.5392959183673,12.3109786297495,6.58475939684115,11.9736382064707,49.4299,30.199925,27.8782,158.94465,124.10245,133.4244,63,400,49
"ZNF772",0.362054761435518,0.9875335355099,0.558624249267356,155.108557142857,171.11190575,157.600312244898,8.67129885847907,4.56940617818014,9.26389229181553,104.97515,108.414325,108.0759,182.8984,214.880225,193.0469,63,400,49
"ZNF257",0.998667287043123,0.98483334079574,0.98501521973544,35.357746031746,35.76115775,37.2768816326531,5.29746037401887,3.1653170670289,8.12283197594038,6.7405,5.470175,5.4152,52.4629,42.987075,40.2685,63,400,49
"ZNF785",0.0660074274758792,0.982371678231284,0.17815082016138,225.178420634921,195.413929,221.820471428571,11.5444754427386,4.88471504458442,15.6293975564487,167.0296,134.92485,163.3697,250.59555,238.94595,249.5616,63,400,49
"ZNF98",0.900949962579117,0.703228433184551,0.810857868331089,6.86437301587302,8.13748075,10.1535673469388,2.2979276205506,1.09955647814697,3.16835630439135,0.55015,0.3185,0.4199,3.3688,3.81535,3.8933,63,400,49
"ZNF786",0.500818346258583,0.61159724804507,0.0729590881650682,194.510174603175,183.378344,207.693065306122,9.22960805561849,3.62640676627459,11.1908262426797,141.5212,133.8555,148.5033,244.58895,219.457925,270.5674,63,400,49
"ZNF517",0.229682376384447,0.495002164800036,0.0110771182928875,273.620706349206,242.15118975,304.129220408163,15.12388854631,7.12210021835994,22.6588068153291,183.84205,150.65475,201.3415,338.0211,285.306475,350.3334,63,400,49
"ZNF675",0.516201651182361,0.983793223458808,0.454108278824131,162.003049206349,181.7154055,157.656781632653,9.71393662751085,7.12780187507119,14.0474842469459,108.21225,114.600625,108.3679,187.3659,198.299475,182.6241,63,400,49
"ZNF860",0.288262303694634,0.428962077999728,0.975275588272845,69.4052904761905,60.95163875,59.6171306122449,4.22856209030751,2.1537349058366,5.09848445809458,46.7477,31.883575,38.2436,88.4214,75.64185,68.5684,63,400,49
"ZNF695",0.212327139833302,0.647416500828589,0.91995213361059,24.3464158730159,35.93888025,32.9478142857143,3.63509682546179,2.66676169946121,7.32776563913007,3.3282,4.452025,2.238,34.96435,51.723725,44.592,63,400,49
"ZNF665",0.354135015249221,0.525079000733539,0.990675793668369,28.6148682539683,25.52591725,25.1992224489796,1.87077708283761,0.845805127614106,2.23150374801012,17.93,13.62995,12.8274,37.02825,34.294525,34.9538,63,400,49
"ZNF624",0.85074301647367,0.645203145378563,0.799093900284028,77.872273015873,80.258258,83.3970469387755,3.49517523408844,1.60967095757366,5.69090636985085,60.65025,58.7636,57.3387,86.5818,96.2816,101.9856,63,400,49
"ZNF841",0.00291227139077754,0.134017769915037,0.849715267986617,317.990906349206,255.326757,266.83717755102,17.1966331022677,7.17958363899649,15.6317438356151,213.42965,163.801325,190.0973,390.26155,319.663325,314.8528,63,400,49
"ZNF615",0.868684643979235,0.943743820268198,0.665383925002853,197.679214285714,210.38659075,186.22987755102,15.6246165288722,10.0287682209978,14.5826704268992,129.7885,126.6587,130.315,199.64715,230.0838,199.2768,63,400,49
"ZNF433",0.0346544752605146,0.315647099523698,0.913050726406963,89.8972555555556,75.63381,78.2298163265306,5.35575883256279,2.14841737820886,4.9824080096675,66.5863,48.18225,55.9304,101.26965,98.35525,92.3172,63,400,49
"ZNF595",0.610526768065392,0.704783545691125,0.986828253928081,184.482722222222,167.361478,164.231916326531,20.9894935943852,6.57440249349739,13.5026511467635,112.23915,101.434375,99.7195,182.40575,187.250875,194.146,63,400,49
"ZNF460",0.229623351631869,0.677335211008737,0.0315181938179718,42.2955095238095,49.06960775,37.4121367346939,3.20561372309954,1.61724318703033,2.51044451739545,25.5253,30.70805,24.8984,49.4306,59.7799,49.683,63,400,49
"ZNF81",0.846896736724253,0.838453805318911,0.973697348099976,109.886622222222,106.555478,105.066373469388,4.80661499309979,2.29133764955232,6.21184243181334,85.4207,77.9238,77.998,127.4657,131.680525,136.1103,63,400,49
"ZNF780A",0.988195888480569,0.999843403250676,0.987236891334921,281.393963492064,283.4140895,281.067963265306,12.39212901535,5.17236569476123,12.6975568046747,215.87,216.468925,218.552,311.1935,332.451625,337.7193,63,400,49
"ZNF461",0.785263608173171,0.835049301700378,0.991208441212624,105.270371428571,111.87198075,113.279914285714,5.49371823117229,3.92617009818174,8.54389371583838,78.7244,68.6421,73.5867,124.7472,134.159225,135.4914,63,400,49
"ZNF181",0.979906931958195,0.988249802813021,0.999914868323868,171.999922222222,174.03191725,174.178855102041,6.98403207031058,4.11499553993436,9.53011387658693,133.5075,123.932575,132.2002,198.7951,204.911,204.6924,63,400,49
"ZNF44",0.057528613468817,0.774839784707358,0.455025603980365,242.031403174603,211.431943,229.271920408163,12.3656500039941,4.97060576748939,12.8530779107104,188.04015,144.915525,179.8303,266.92415,253.589525,251.0448,63,400,49
"ZNF790",0.757604874977866,0.120100401641471,0.00544971531286143,93.5179412698413,89.14645025,110.580206122449,4.62607052774362,2.19292846548199,9.19107922276789,70.50915,60.9995,70.1754,105.18905,105.089075,138.0484,63,400,49
"ZNF677",0.0351547625916683,0.899290995761122,0.215756262970713,32.8099777777778,23.56390575,30.5171571428571,4.09410393391298,1.28073643780704,4.86067450845661,11.6735,6.554675,9.4057,46.80265,32.3487,43.9266,63,400,49
"ZNF823",0.763848545247312,0.790842019931695,0.979237048726977,112.964841269841,108.37819625,106.949897959184,6.63075201509773,2.43787541916768,5.48087458988109,82.84165,74.257675,84.0585,125.2896,132.596875,121.3739,63,400,49
"ZNF311",0.748061136228271,0.9979373380072,0.834396305380946,49.1421444444444,44.88267725,48.6377387755102,6.90105528455617,2.00028590461364,7.39056921362001,17.23815,14.337425,16.8742,58.30885,61.051725,61.4035,63,400,49
"ZNF347",0.430430639718238,0.0237540486103508,0.0718375881467543,119.44556984127,110.51094475,92.7900795918367,5.61246834906585,2.7555785878961,6.66536067930149,86.23155,70.459525,61.8508,154.0466,145.642475,115.7923,63,400,49
"ZNF273",0.402019803014965,0.611807904446671,0.999311264068546,168.029844444444,151.40797375,150.898959183673,14.5123256334295,4.52125247470183,14.8921463855605,95.4773,90.144825,87.6524,203.5844,184.906225,173.8583,63,400,49
"ZNF84",0.0440164966733626,0.995934165583844,0.0627535778304362,674.277103174603,591.8593955,678.423932653061,32.0800039335656,12.786826616139,32.8076177335926,493.45565,404.84765,517.2884,829.99085,724.81785,801.4728,63,400,49
"ZNF667",0.316147627263336,0.965417756045765,0.589492870378622,60.0746841269841,48.16745475,57.158806122449,6.45227908233319,3.09168293212212,8.74941722097656,14.71585,10.541025,13.6307,99.70265,64.58885,77.5922,63,400,49
"ZNF649",0.979388860664071,0.450096135439013,0.371625529837376,189.69009047619,184.8910155,147.844242857143,30.2488779342375,8.98712609816947,13.4265965105153,93.7416,92.259,94.0673,180.7006,204.06505,169.7473,63,400,49
"ZNF248",0.0107277688020052,0.929218580084037,0.0827186292991051,325.906723809524,278.4721655,317.528253061225,16.5235301856509,6.0306284988404,14.9016450850693,238.22555,195.733325,241.8177,374.087,339.060925,382.4544,63,400,49
"ZNF544",0.83886001609869,0.975426515932349,0.969137759210001,516.040384126984,532.61796425,524.802536734694,24.2864154759308,11.2120992346072,25.2274332724485,389.11005,389.82265,396.4137,616.35055,655.09995,620.4566,63,400,49
"ZNF251",0.959823795700066,0.0980753087593238,0.0128533226357466,361.830974603175,353.995456,445.222046938776,23.6128263461103,10.3373539467328,39.2877229763193,224.2779,219.84855,310.9114,455.53905,435.482025,483.0028,63,400,49
"ZNF607",0.889701419693229,0.833950448658378,0.492903607724312,188.358433333333,181.4058175,200.53893877551,14.7202383227861,5.36916806992934,19.1871347727131,125.90965,117.408675,119.1732,228.70165,216.493925,226.862,63,400,49
"ZNF334",0.786261880277222,0.812354861066741,0.360159355099658,81.3806523809524,73.192208,92.0767714285714,12.5426984575358,4.50794874141973,12.9618939456577,24.23905,15.45895,26.0486,107.993,94.32625,124.7682,63,400,49
"ZNF485",0.899053745975353,0.291921000918983,0.294753064083842,62.4546476190476,64.364705,71.6141775510204,3.63955243494823,1.58585929159009,5.46359512078085,41.00505,43.461,43.4145,78.3959,77.505325,90.1575,63,400,49
"ZNF192",0.399398875068034,0.994054097203265,0.401779722900133,367.630779365079,333.26164525,371.513757142857,25.1608502831491,9.49216140861559,33.8924077803983,256.7184,195.698675,225.5118,498.03915,441.1528,449.0066,63,400,49
"ZNF442",0.0271540462504681,0.0688022583982761,0.880631883159635,27.2064317460317,22.511782,21.536993877551,1.76377010476043,0.680139655046931,1.53244590947369,17.60795,12.495125,14.0528,33.82365,28.7097,25.4282,63,400,49
"ZNF813",0.362814879825588,0.955536281657803,0.255436613362845,79.7261222222222,89.52153475,76.8187530612245,5.57073066871172,2.71561992314504,7.68489358433104,51.9,54.925225,44.0949,105.62385,111.093625,96.9812,63,400,49
"ZNF26",0.340520339582048,0.901899411901463,0.757131017313588,295.33353968254,271.48262525,284.986169387755,18.2862842703976,6.10872281043242,17.9043682012698,189.99405,190.91395,202.2417,378.05,314.6154,344.0784,63,400,49
"ZNF69",0.00196415547268725,0.999982684277135,0.00669944589547344,92.0977873015873,68.68166225,92.0438408163265,8.34066655934835,2.44101394503781,5.7308195031754,49.1489,35.920325,61.7577,108.7156,88.04235,105.121,63,400,49
"ZNF583",0.945744174190659,0.390801271238703,0.361544952348816,62.0935507936508,60.973892,55.6199285714286,2.94830023877165,1.30114763052281,4.07153610257957,44.70585,41.81945,32.0397,76.77935,77.812925,74.6934,63,400,49
"ZNF568",0.806832861863542,0.982841855279534,0.939624464294341,84.252873015873,80.008516,82.560206122449,6.38329409722241,2.41913904567107,8.92052444373721,60.8898,49.4037,43.3125,93.86345,101.14125,107.0082,63,400,49
"ZNF480",0.24821624706391,0.996136737134969,0.38246312128798,338.196782539683,364.65961075,340.148940816327,13.6252345132146,6.30148783222652,15.3252599767813,251.56695,272.96585,258.7482,387.83475,435.44535,413.5558,63,400,49
"ZNF587",0.0726639388750046,0.610412050744787,0.718613736661954,701.449601587302,613.42030875,648.092755102041,35.942703548154,15.2053448315509,32.8437719831496,513.2518,412.2171,482.2908,839.6934,750.8783,729.2584,63,400,49
"ZNF808",0.321978565195221,0.431533659638814,0.96079219382189,220.00906031746,205.448838,202.404020408163,8.04607302471875,3.85478507261061,9.54644645263676,176.15475,154.4609,161.656,250.0303,245.45465,244.114,63,400,49
"ZNF43",0.846892262748321,0.653347435686753,0.811865735573502,289.139606349206,272.51495525,251.723312244898,20.9538688331167,11.816632336162,24.1984538753014,184.9591,147.10685,155.8499,339.3584,339.830325,329.4975,63,400,49
"ZNF28",0.535459928947626,0.970321729081329,0.424824170879308,398.584768253968,425.0273315,390.438085714286,19.1464783021355,9.5244887387067,21.8790338452518,302.94105,309.99615,267.4697,471.37335,515.569375,478.055,63,400,49
"ZNF627",0.253573362793985,0.703898379615046,0.0415108605830709,356.765584126984,405.12430325,322.488767346939,20.091048069979,12.165302222684,16.3982357665223,267.30795,269.520375,257.7491,393.1363,450.898325,360.0102,63,400,49
"ZNF789",2.77184132333463e-05,0.97760788425735,0.000565922374894168,122.993803174603,86.8698465,120.696010204082,9.34684472018725,2.64755012030401,12.0777421801474,62.73365,53.120425,71.6158,148.5366,107.852075,140.411,63,400,49
"ZNF534",0.977938215760138,0.918433702331521,0.946993233370237,6.20183174603175,5.922778,5.4358693877551,1.7413943556526,0.502038031148002,0.725273063672911,3.20675,2.78485,3.324,6.04265,6.268325,5.2705,63,400,49
"ZNF525",0.991173353631766,0.899276012242183,0.899323470057419,207.885431746032,206.185494,199.616724489796,9.23293079172488,5.12210989498198,13.9538374574798,155.3986,136.858125,134.7518,243.4801,254.14145,232.318,63,400,49
"ZNF814",0.000868957053626773,0.955681591085752,0.000934592766055897,260.753533333333,206.91074975,266.711091836735,14.9901690242812,5.23547552078613,18.4674695744042,172.9109,130.6021,165.8685,328.2806,259.844,320.8773,63,400,49
"ZNF551",0.99577834031577,0.261775062464185,0.142227468380523,123.623688888889,122.9075625,105.64356122449,7.63340994608489,3.08963032648484,6.5320062891539,89.61585,77.835475,75.6049,139.88075,158.992125,136.0328,63,400,49
"ZNF805",0.538454652987776,0.883301386512562,0.933483525267362,285.87336031746,272.0369445,277.180595918367,10.5025258159562,4.98603980026783,11.4456118627116,238.0275,208.465725,235.6612,326.00785,326.490975,316.1295,63,400,49
"ZNF468",0.206335053500088,0.971397934093047,0.1670384718102,438.809380952381,489.88419175,429.120008163265,21.3425981966497,11.7250269328692,23.5032938168632,322.9332,351.306175,306.0429,526.22045,579.117025,537.5794,63,400,49
"ZNF616",0.867920193361837,0.591747370111295,0.212426684368195,173.090685714286,177.50353425,161.143171428571,7.81835231434593,3.27865120040986,7.81273162992026,124.54125,132.2204,116.9978,202.67635,213.312275,201.1304,63,400,49
"ZFP57",0.996791163612762,0.926265824378521,0.852854504319698,25.0389380952381,25.6478975,20.8605755102041,5.51249758499026,3.14042343446546,5.43807568039015,0.84595,1.657525,1.0714,26.28855,22.377275,23.5171,63,400,49
"ZNF155",0.916125691569074,0.99809005450466,0.902632377389359,152.405738095238,148.99807975,153.112967346939,6.16210421011156,3.29229207810781,7.86142796386676,118.79045,104.9122,111.6998,172.9566,186.216625,185.8873,63,400,49
"ZNF425",0.66437871128195,0.989132434407171,0.822867510253938,61.5285476190476,57.72443425,60.6556857142857,3.55627277090203,1.65000158667255,4.85156098037276,41.0034,33.041675,42.4147,71.8069,75.247375,71.1501,63,400,49
"ZNF611",0.923253382868521,0.447009106785804,0.463577000668841,176.862514285714,173.21981075,160.573928571429,7.12988627318847,3.7081444521514,7.81994070122151,149.19215,123.330325,119.3459,195.91305,210.786825,181.2865,63,400,49
"ZNF254",0.418033837742407,0.852810861899094,0.893258982386308,471.579357142857,528.895723,505.921710204082,29.2257607826847,17.6897755974986,41.0452482655811,306.1781,307.07155,294.0739,625.4808,632.2634,627.7127,63,400,49
"ZNF625",0.746629358151178,0.173588081812662,0.245922691779413,23.9458111111111,22.414838,18.657312244898,1.60661814491638,0.821228103155982,1.39825445818235,17.66205,11.705525,13.1938,31.01185,30.189275,24.4725,63,400,49
"ZNF845",0.0567097621381449,0.95317984516769,0.0407460461627323,173.417211111111,195.700781,169.401273469388,7.16854023396971,3.72987586160539,8.73999811716809,135.22955,145.69535,121.9512,197.5295,235.22035,203.0267,63,400,49
"ZNF90",0.803303936778553,0.456208344368091,0.615172728029852,313.295046031746,292.1825335,257.043748979592,36.4398858822987,12.0480993096084,33.8258057106063,132.18295,128.81755,98.2677,360.36695,377.782425,369.0907,63,400,49
"ZNF788",0.993214177923989,0.466367553771977,0.350042874800189,70.2035666666667,69.434119,58.7343326530612,4.79831425921749,2.72994695156883,4.54874603391036,41.80065,29.789075,36.0772,94.0364,89.1728,73.5786,63,400,49
"ZNF880",0.0433708627264993,0.376750301982489,0.882632794209937,159.894147619048,125.37941375,133.002575510204,16.756732853004,5.02494894353236,15.5849701320962,62.19825,52.822925,60.6669,219.7893,177.033775,178.4387,63,400,49
"ZNF630",0.75208467562153,0.777573324181809,0.97678630015997,64.6833841269841,61.61566075,60.6328755102041,3.54511786356034,1.62896573365411,3.63600491930502,44.82465,40.703075,43.0403,77.8556,75.66375,74.0551,63,400,49
"ZNF844",0.955741246588946,0.679959128194108,0.704941436756676,111.760182539683,109.2619135,101.50227755102,6.93133338913511,3.33140637502161,7.88926716683794,71.3645,64.500125,62.7921,142.90995,135.5362,114.4746,63,400,49
"ZNF717",0.884730442998821,0.798127636801549,0.437402263759897,43.3780666666667,41.9304285,46.1391632653061,3.10931060043615,1.12864325679957,2.923514289815,29.0288,27.0963,31.1372,50.37835,52.536875,61.9087,63,400,49
"ZNF492",0.976975016543197,0.853794429253921,0.876076145790919,9.34115238095238,10.02914425,11.8605530612245,2.20075681969312,1.29150522771991,3.27263540188421,1.13345,0.761275,0.7209,5.70735,6.105325,8.9875,63,400,49
"ZNF688",0.350610196537871,0.735654957971233,0.075872060739131,246.078893650794,224.8210955,262.211971428571,14.3228633378531,5.51689916861898,19.4213245378939,173.96865,149.991925,177.841,285.6041,270.603375,321.2559,63,400,49
"ZNF879",0.0640040390482187,0.850391143031086,0.377764339279963,71.7988380952381,58.10739,67.1609,6.01208815297838,2.10817883552909,8.63018812707655,41.85855,29.7229,35.7616,82.0607,74.719075,76.6037,63,400,49
"ZNF737",0.922924291965738,0.175558877520903,0.138283523379202,315.622233333333,301.03354275,219.693136734694,28.1020386888727,15.0735027532424,22.2306833412055,165.85595,129.927725,119.6542,417.0547,380.125925,309.3315,63,400,49
"ZNF709",0.418427710399844,0.235425294310767,0.62905956967583,77.4695571428571,71.479395,66.6063040816327,4.9369630083613,1.75748112039063,4.00554103211928,55.36605,46.489125,50.8003,87.60495,87.50335,77.8355,63,400,49
"ZNF585B",0.975784518136008,0.979879332833927,0.998464228832447,73.8847412698413,75.0799115,75.4140551020408,6.04320909994357,2.04312482973815,5.86926025830585,48.0429,46.680475,48.6295,83.8324,91.362575,90.8272,63,400,49
"ZNF324B",0.599265401032016,0.941202137564728,0.895730380907373,116.497993650794,110.9633205,113.825928571429,5.7005906486828,2.1268624915575,5.1402264739209,87.88285,78.780525,90.0498,136.24845,136.595875,132.9628,63,400,49
"ZNF564",0.795487531694094,0.573847154146303,0.770709275034591,230.787292063492,224.03807125,215.996751020408,9.1543030856524,3.91500467003793,10.5803168437485,185.6611,168.89115,163.7427,260.12315,265.415,253.811,63,400,49
"ZNF674",0.00368736420592486,0.0387833241019693,0.981314193641116,91.3147761904762,67.64563975,66.1349244897959,17.0431465302641,1.38362377089636,4.22122522839312,56.0177,51.4526,48.4115,86.3874,79.798575,71.1502,63,400,49
"ZNF432",0.80127858762642,0.946468355736474,0.984110148221169,122.781144444444,116.05196425,118.071132653061,9.49702778137043,4.02312023600854,8.80409182452135,83.50195,73.274225,74.8227,139.06445,135.1041,127.4049,63,400,49
"ZNF10",0.00258574457297811,0.999470334529325,0.00924355668000565,215.415365079365,172.632514,214.857359183673,12.5254070568728,4.71674735207911,12.748082591817,145.3046,112.948575,162.6888,253.42855,213.006725,253.692,63,400,49
"ZNF486",0.724535133567412,0.503112261807072,0.0923102307951622,138.099282539683,164.63287,83.601187755102,25.3731769319344,13.7740871014121,14.7949082006103,28.0666,24.48515,16.8299,147.45195,173.9658,87.0079,63,400,49
"ZNF225",0.995052813585281,0.988325236756053,0.961008701348497,72.6181158730159,72.97501975,71.8463408163265,3.08743876059693,1.43080518855234,3.46997076140899,56.4192,53.1865,56.3215,85.8646,88.787275,86.1913,63,400,49
"ZNF350",0.76109684465108,0.989783008782717,0.890443727565505,198.790152380952,210.81668775,202.065512244898,9.03116716620486,6.80726399202065,12.4626616612682,155.20135,144.3178,155.2347,227.05865,238.67105,220.5052,63,400,49
"ZNF253",0.464527465685876,0.893019875515567,0.234446175618651,180.137328571429,196.30923725,171.423804081633,9.81679953840518,5.30461255854168,11.655483094331,122.8636,124.7214,116.3575,229.8475,232.288975,210.4853,63,400,49
"ZNF878",0.907807212563739,0.633797785085634,0.281756235011645,5.58089523809524,5.2632645,6.55107551020408,0.61053670980675,0.278031472221831,0.95151621562717,2.2506,1.83405,3.0753,7.01855,6.714275,7.8014,63,400,49
"ZNF727",0.5108108457746,0.999196532008167,0.613685860213608,11.4677825396825,9.14931675,11.3553020408163,1.91362111703236,0.699786931914319,3.52870499763522,1.658,0.8556,1.462,16.20105,12.066775,10.5909,63,400,49
"ZNF578",0.0883395272746755,0.997644267972298,0.119702682317793,68.8250603174603,44.42898275,69.886587755102,14.6801730677418,3.47850248439244,19.8046071522632,10.89725,9.52485,12.3012,70.74125,49.236925,49.2855,63,400,49
"TRIM28",0.273609428046743,0.51469995596238,0.999981904785071,5180.95936190476,5646.6966995,5648.63271836735,291.63766191435,114.287942203598,226.381526512462,3857.10965,4138.35845,4461.4408,5521.51875,6428.551125,6260.9929,63,400,49
