"gene","p-adj-Magnoid-Bronchioid","p-adj-Squamoid-Bronchioid","p-adj-Squamoid-Magnoid","mean-Bronchioid","mean-Magnoid","mean-Squamoid","SEM-Bronchioid","SEM-Magnoid","SEM-Squamoid","Q1-Bronchioid","Q1-Magnoid","Q1-Squamoid","Q3-Bronchioid","Q3-Magnoid","Q3-Squamoid","count-Bronchioid","count-Magnoid","count-Squamoid"
"ZNF195",0.0131470064175202,0.988694498082109,0.0222529890900819,348.156806410256,426.764085,351.921441666667,13.6191117227465,24.1754376443458,20.4726178821208,267.676225,293.65465,226.639075,406.616025,552.55325,419.14945,78,60,72
"ZNF263",0.066503960352249,0.00551975913429859,0.745914040178,714.420006410256,643.587133333333,620.115305555556,22.5180152361905,23.4668871509365,19.8129846255306,570.243775,534.968025,526.5913,787.751225,717.232925,690.604125,78,60,72
"ZNF200",0.816291566993579,0.14017647079096,0.464477079237874,207.928201282051,215.148511666667,229.469158333333,6.66692117884186,11.3017955492602,7.30988785898083,169.2081,160.604,185.99875,224.62935,243.671325,263.269825,78,60,72
"ZNF582",0.0329674215135222,0.818218230288561,0.00741362585624816,32.4898705128205,23.5449766666667,34.5265027777778,1.94996770292431,2.89063129235485,2.64520490365786,19.619675,9.79145,19.81615,42.049325,28.472075,43.403475,78,60,72
"ZNF285",0.109466996813526,0.454066638744561,0.663747423724747,32.9565679487179,45.5932083333333,40.0984277777778,3.02941023558923,5.90079297809115,4.32878352711174,10.8949,9.06685,12.36795,49.9891,63.58515,59.075275,78,60,72
"ZNF275",0.990066134788797,0.0382896249316886,0.0411649584809511,662.297584615385,668.646343333333,551.561186111111,23.9559219845392,47.7780080277899,28.3089849370669,527.828725,446.71825,383.072,803.50925,822.232475,679.06555,78,60,72
"ZNF37A",0.971216926293476,0.483630022800768,0.395280434466286,380.846874358974,387.900765,347.263931944444,18.5559730773231,24.6452715302399,21.5500915630964,236.945425,265.679825,215.91615,495.904025,460.240325,442.726275,78,60,72
"ZNF510",0.0457510024378758,0.0358391277216666,0.999674018953349,239.039548717949,211.184668333333,211.472418055556,7.25143171477273,10.3215885783914,7.07095596879587,195.474875,152.7258,169.5221,273.604275,240.2321,259.6184,78,60,72
"ZNF506",0.0167454313132717,0.0347422229304951,0.923246197648856,351.622315384615,275.288293333333,285.9666375,18.7969814551981,24.8072835268185,14.1857514741021,240.97915,145.363375,192.79575,426.024975,353.236825,350.8631,78,60,72
"ZNF324",0.00103261895622653,0.000920196503345183,0.98889077646958,172.250215384615,139.124561666667,140.446497222222,5.16497787664807,7.3713738573149,6.73127475600174,141.1086,103.73215,112.772,209.727125,168.7508,161.356075,78,60,72
"ZNF671",4.38900649157858e-09,0.000636503962032631,0.0202472921437555,155.319033333333,86.6198383333333,116.467591666667,8.29343936958617,7.58329215229674,6.39707137236233,89.9936,43.976075,73.66425,216.75545,130.42605,148.638475,78,60,72
"ZNF416",0.0184392077162686,0.9999175153427,0.0217953129774588,120.210569230769,98.2082233333333,120.116970833333,5.5159206758614,6.25346699749048,5.09357346660403,90.897725,65.6566,92.719075,149.5694,117.030875,144.86955,78,60,72
"ZNF586",0.643237858599495,0.481904952002324,0.978466798274077,163.299133333333,153.335683333333,151.087018055556,6.10219227470899,10.173696746326,7.36611459850598,129.088825,95.679825,113.700325,202.1519,181.273525,179.0603,78,60,72
"ZNF446",0.78181526677465,1.98688172720063e-05,0.000916456385666176,213.609151282051,205.524883333333,160.442654166667,7.21963152808446,11.8421037783428,6.50011446206759,168.91985,149.4841,123.8989,255.335925,239.236725,186.459375,78,60,72
"ZNF8",0.000339098098559809,0.831919404635955,0.00303717776882062,80.106758974359,105.21935,83.6226736111111,3.65048830442231,5.8475456686615,4.08943662529981,58.582725,67.042625,60.551275,96.6117,131.7575,98.21525,78,60,72
"ZNF264",5.66713502681004e-07,0.00132292797806577,0.123156189099532,735.351747435897,515.090768333333,596.867120833333,28.9196394171322,31.4942257861936,24.9449065073369,593.608475,346.829275,449.2648,874.247175,664.11925,720.714125,78,60,72
"ZNF213",0.000394174594391949,0.00215842784294284,0.807346064801056,594.577532051282,462.39734,483.961384722222,25.4285688216588,22.0892530027024,22.0696424611087,421.937975,362.260425,372.8144,696.70125,568.866325,550.281275,78,60,72
"ZNF343",0.684566870479318,0.164275507080503,0.0331913428566769,176.866914102564,185.815388333333,158.160669444444,6.648526803021,8.85395314802067,7.29594741609517,136.7115,135.139275,108.80505,212.694175,229.796925,193.613325,78,60,72
"ZNF302",0.321032448342341,0.92434773438961,0.537583604020005,474.103871794872,415.181518333333,459.415056944444,27.5740158441747,21.1858596597779,32.9668137736393,344.221525,281.27755,281.7316,536.51965,501.204625,558.812525,78,60,72
"ZNF268",0.224959840051002,0.91425520024732,0.113904695588019,351.130892307692,391.321403333333,341.810504166667,12.80791207512,22.1849005625666,16.606619998841,288.4545,278.67895,229.6944,416.430625,496.910475,402.414725,78,60,72
"ZNF184",0.301129198019696,0.974389714464877,0.422874692089576,249.317747435897,226.3816,246.124508333333,7.99291664943286,10.2841471204655,13.4216152706233,206.02405,160.1373,174.899575,279.8951,273.629225,279.202675,78,60,72
"ZNF500",0.0037867163124643,0.0076290305423099,0.931256769655487,244.794284615385,207.4186,211.622302777778,7.59595122142132,8.31263453435262,8.09521181061186,196.16555,162.66425,167.891125,295.2629,243.563475,241.413025,78,60,72
"ZNF419",0.215180277823587,0.77430823312171,0.569404866213342,160.422264102564,141.687706666667,153.186509722222,7.38830101896526,8.30474531002133,7.66907079100091,122.378175,95.429225,107.504525,182.811725,199.1202,186.993425,78,60,72
"ZNF175",0.000778200451496014,0.355840712163706,0.0503329915519839,123.658605128205,92.3369133333333,112.606908333333,5.47487977793031,6.78758536318702,5.55040569386012,92.108575,55.2102,83.1576,158.38305,124.00995,140.927875,78,60,72
"ZNF14",0.000297248463822175,0.0508054408979316,0.21005371373988,207.443270512821,150.360148333333,175.182823611111,10.004959726778,10.7410208478091,9.33713358049282,145.542875,99.585725,120.476925,257.4864,180.683575,219.5444,78,60,72
"ZNF85",0.00791198490331901,0.740943372400983,0.000931485034317503,104.886993589744,68.1280733333333,113.4333875,9.99670634735541,8.36468289288747,6.10128651945154,65.317525,23.970625,78.23085,121.003575,86.104575,140.9877,78,60,72
"ZKSCAN1",0.282565674129638,0.646721393575013,0.785409184743485,572.930280769231,693.727776666667,640.204859722222,40.9098113027661,78.321111922637,49.3229643937774,317.383825,441.6405,365.491375,689.8292,788.128175,776.201425,78,60,72
"ZNF862",0.000577190444362219,0.865252289641891,0.00391631857962904,386.071915384615,273.695223333333,371.603698611111,18.6959169534817,21.8393079932903,21.5966335368394,270.632025,149.578275,238.7905,470.89995,414.4055,463.5961,78,60,72
"ZNF684",0.215804911234038,0.708440501403116,0.635401049487181,65.4217666666667,55.522325,60.9774027777778,3.89821246489603,4.34708224920832,4.10066177637909,44.039275,36.22415,38.996875,77.236425,64.300875,72.375,78,60,72
"ZNF430",1.38056545055942e-05,0.395913589123774,6.02142364858338e-08,127.876235897436,85.4421566666667,139.048423611111,5.77190054474245,6.00672948601297,6.89745497962776,89.067975,58.3107,94.995125,159.780425,98.7067,173.559025,78,60,72
"ZFP30",0.0607095804998188,0.0439485408137206,0.999885067665768,172.337329487179,209.96469,210.207133333333,7.38662739753403,14.7315093129788,12.6195642959519,130.917125,135.529475,137.2393,210.8235,289.00485,262.615575,78,60,72
"ZNF549",0.0727028634013566,0.15783362724253,0.898175120861984,162.989762820513,131.86952,138.213556944444,9.4049464943604,11.9647922507513,8.39699793247005,104.2272,55.654075,84.169325,214.5638,192.4492,173.97165,78,60,72
"ZNF211",1.48996750770625e-06,0.000288046736986236,0.350650733111832,261.725784615385,163.033731666667,189.838002777778,14.2399383899932,14.7582957101275,10.3606715524734,170.98715,98.0453,120.337075,321.3008,200.69785,229.501375,78,60,72
"ZNF205",0.978727889922885,0.802495363781895,0.712527859178062,273.812847435897,277.53768,262.4627125,11.267301379256,13.5877119681109,14.5410670620746,209.731825,210.5015,186.2113,306.05645,349.36925,320.2154,78,60,72
"ZNF45",0.715024364722658,0.77851561247549,0.989759767093237,238.118251282051,226.796366666667,228.812409722222,7.23952664828978,13.8118220560254,9.73659990070502,198.299425,160.766325,186.8681,275.036775,271.2589,267.37405,78,60,72
"ZNF133",0.808831938656989,0.89475215524257,0.558755113487127,251.869170512821,263.338298333333,243.969868055556,10.1316306341277,16.4687504319918,12.6538866074159,194.13925,180.91915,169.664325,292.717125,313.5161,287.450375,78,60,72
"ZNF436",0.116974794966718,0.953049173481924,0.0682303426269353,454.288553846154,394.230226666667,462.769358333333,16.8976626513002,23.7599002714928,22.8738527602124,356.761525,268.1488,339.2232,532.061525,472.09155,530.20995,78,60,72
"ZNF484",0.736736457103409,0.936046682970022,0.542466454582602,106.047430769231,98.2605566666667,109.490708333333,5.56102246148199,8.83185188433345,7.71436574090973,72.951225,57.820825,69.895875,128.065225,106.768475,127.5896,78,60,72
"ZNF780B",0.152645965166554,0.407295253765803,0.80352848095761,234.693706410256,201.336576666667,212.838558333333,10.9469253775937,11.3736041391439,14.5147316820596,161.00515,130.15995,133.71625,287.716125,247.32735,243.6213,78,60,72
"ZNF557",0.00106695252056976,0.0458348754675548,0.386496819849513,164.619166666667,129.29595,142.384943055556,6.97389853766351,6.58679088669755,6.58895067076656,118.062875,90.1097,96.531825,200.3854,158.6293,169.88125,78,60,72
"ZNF337",0.510762989216011,0.237916422911176,0.902930877772922,405.06528974359,366.428125,351.132695833333,20.6155041392891,30.1566507001773,23.3117198594342,272.750675,212.461425,226.54775,501.696,462.2825,434.4993,78,60,72
"ZNF317",0.223054492799097,0.922447462957719,0.411969418777694,593.867534615385,550.068173333333,584.256933333333,16.7232544073328,19.3674648300649,19.1665894614844,471.664175,456.126075,481.905175,692.928075,634.24815,691.178275,78,60,72
"ZNF426",0.0095675333299674,0.999941063942153,0.0108752739085677,111.892396153846,88.26372,111.970933333333,5.36103276953941,5.59649324613231,5.65849511652733,78.16725,59.396075,79.8551,139.38025,108.703175,138.9782,78,60,72
"ZNF331",0.00158452979766599,0.00929937750108334,0.780008858023337,615.252067948718,408.372468333333,448.685072222222,51.579815479835,36.8780687195868,26.4809320873565,345.1957,213.344,288.7588,700.355225,508.607925,560.619225,78,60,72
"ZNF227",0.783388796818413,0.984804896414595,0.872075275475482,219.495105128205,229.458438333333,221.8675375,7.07884816570487,14.94683188317,9.67608425650887,175.539275,146.39525,164.3248,255.0382,264.663625,265.675675,78,60,72
"ZNF141",0.136023312615027,0.510180007567516,0.673198087608486,76.8485307692308,65.2745716666667,70.4863583333333,4.84794348630715,3.7266801412424,3.57076227186935,50.771925,43.40785,51.413725,93.225675,76.993775,82.220625,78,60,72
"ZNF304",0.00112444855258964,0.296602036195437,0.0827802298589844,285.188517948718,225.184541666667,261.561575,11.0321231730915,13.3716692635383,10.6354369446231,218.980075,154.753075,211.152175,336.862325,291.252875,312.439675,78,60,72
"ZNF132",1.80423717842659e-05,0.980247984322622,5.48387597145705e-05,85.6801192307692,51.9915866666667,84.3667152777778,4.58665747223356,4.77863364102702,5.63315881232315,56.64455,25.359475,51.786975,106.21145,66.9612,104.392025,78,60,72
"ZNF20",0.00150285069491263,0.092966602980417,0.291542452543246,122.286112820513,97.44579,108.226255555556,4.36745096071575,5.8360292251109,4.70837705070563,93.015475,70.6615,81.2863,147.78325,109.51555,125.425925,78,60,72
"ZNF670",0.590045979173908,0.205459946949357,0.802891917938988,77.1387243589744,86.6100833333333,92.8213638888889,3.95041035072284,7.88385736404278,8.17170741529855,48.273525,49.904375,61.422825,92.544975,112.064525,101.683375,78,60,72
"ZFP37",0.000782400955806839,0.463385779422189,1.12976425687972e-05,48.6819692307692,28.3222233333333,54.87565,3.56911963034518,3.18961159345165,4.40433383791932,23.625475,12.14755,23.9514,61.669825,42.415875,74.282,78,60,72
"ZNF189",0.0530792102579187,0.00132830336820555,0.556386688918884,574.823016666667,470.380021666667,423.336193055556,40.1640146154592,26.3870912399379,19.1468615937214,424.512575,332.0966,315.445425,636.36285,545.324,492.61345,78,60,72
"ZNF434",0.152858235853678,0.00260806078419651,0.386162670043991,379.269821794872,348.074588333333,325.561175,10.2138010236341,15.8956959385753,9.40655894454075,316.088475,283.0404,272.6168,423.1831,368.37965,364.973925,78,60,72
"ZNF287",0.032193827940065,0.325390130586243,0.486093736640103,99.8105705128205,77.4235333333333,87.7477013888889,5.35606440180264,6.87143418419606,6.39433632140859,67.991325,42.474775,51.26415,125.38515,104.919675,107.416275,78,60,72
"ZIM3",0.53599065694968,0.0873540973009663,0.616373591552313,0.0323448717948718,0.0152866666666667,0,0.0149660753733026,0.0112858326935006,0,0,0,0,0,0,0,78,60,72
"ZFP14",0.344460418974606,0.00992409196118571,0.350868402363852,172.931514102564,157.706566666667,142.344068055556,6.48510527843355,8.21496405772891,8.18634973359428,130.174025,108.181025,89.27685,211.39,194.53,175.9389,78,60,72
"ZNF473",0.00698724281482077,0.240393412598994,0.294865874637362,195.634944871795,237.597593333333,216.730856944444,6.20106917650392,14.3573275816885,8.35805939251323,155.2847,158.53835,165.33575,227.942575,292.4971,248.07255,78,60,72
"ZNF614",0.371864632306493,0.908741313211676,0.203421408186476,298.073228205128,364.802735,278.396219444444,24.0807236010571,52.2706390870088,28.3853342795548,178.135,177.73395,162.084775,351.44145,385.2846,281.783575,78,60,72
"POGK",0.260581679720318,0.69254619436847,0.0569558365896049,1933.24887948718,2107.22503333333,1847.06789444444,72.9096842595759,81.6779035316946,77.3234718935438,1487.734575,1661.96995,1399.393825,2229.7066,2475.5011,2294.858025,78,60,72
"ZNF514",0.258744298330325,0.0110299188955921,8.7687661881275e-05,229.113142307692,262.281776666667,170.723901388889,14.1156419474158,19.1065835233569,11.0501707522455,144.5745,141.586475,101.3733,280.521275,327.32355,215.302225,78,60,72
"ZNF300",0.144237516522989,0.0201752867146894,0.779806269879177,62.7314846153846,92.5194483333333,103.309134722222,6.61008964017326,11.7818106477022,13.9212763645911,24.28725,36.497875,23.93925,76.6533,120.1988,129.196125,78,60,72
"RBAK",0.31130566552343,0.779240484469021,0.699202867875963,485.506029487179,438.391963333333,464.856825,21.3309975010845,22.3706336498582,23.3362724154421,355.359825,313.058375,329.255875,573.097725,546.03875,541.52945,78,60,72
"ZNF92",0.888034907922058,0.01107443355576,0.0628961244862767,264.080852564103,275.19985,330.445297222222,13.5798089072454,19.51893090749,17.5204619647408,190.623725,165.492025,239.734775,311.883425,330.815975,408.23995,78,60,72
"ZNF157",0.956772650699382,0.618696874719279,0.483019982056285,2.32167435897436,2.48486666666667,1.80874305555556,0.342258683778072,0.481597983357892,0.397329478576013,0.36055,0,0,2.913275,3.277075,1.8783,78,60,72
"ZNF182",0.371443286005633,0.232959193018944,0.0132381240205077,185.576580769231,200.074498333333,168.807893055556,6.14121644387519,9.56714526897641,7.18508832988874,148.403925,152.329175,124.80755,221.098375,224.294025,204.6636,78,60,72
"ZNF673",0.0733923547483717,0.260267298777455,0.768039069285705,235.551878205128,202.037301666667,212.774743055556,11.2574319398698,10.8847612203755,9.35490536890843,174.355375,155.60905,166.628175,262.509625,218.50605,251.611325,78,60,72
"ZNF41",0.015457329661253,0.000548694983851128,0.699066991797919,268.609978205128,228.968918333333,217.3305875,10.4176257083099,11.0020613649049,8.01535723264099,216.337125,162.120925,168.343625,308.247,272.249025,250.6473,78,60,72
"ZNF7",0.0137620288539265,0.199393690384481,0.46746572065719,446.834161538462,548.955488333333,505.800718055556,20.2804780661952,31.45351680711,24.6845528163806,325.2736,382.644675,348.5603,519.18365,659.261425,596.167775,78,60,72
"ZNF214",5.29887511913074e-06,1.61137502040498e-05,0.887537939908286,57.5628705128205,33.9764,36.2484986111111,3.56532457144469,3.19296827848781,3.09647681318417,32.94975,11.921225,17.16085,74.60855,49.240575,48.562775,78,60,72
"ZNF215",0.544817380854679,0.975692816149852,0.436103099100021,39.2675705128205,45.8780883333333,38.0043277777778,3.41751982109143,5.82217180833774,4.12272133943657,16.726375,12.357375,9.56275,55.55945,63.535725,51.76,78,60,72
"ZNF547",0.00123396872417048,0.0900904685886805,0.27228126454705,42.2972756410256,30.797285,35.8463680555556,2.37368509334921,2.61622022756342,1.67303129122662,30.523975,16.701225,25.7868,48.83245,41.03,43.37615,78,60,72
"ZNF773",0.0189465996696208,0.424742340108341,0.288603659742448,121.772041025641,97.1699516666667,111.031780555556,6.10178847836818,7.91227173896886,4.96756668733581,90.272225,56.76545,80.486875,152.0015,123.01995,131.245175,78,60,72
"ZNF776",0.0436350630403638,0.00680373095375741,0.871877044527181,395.150975641026,341.356036666667,330.0419625,13.7630490575396,18.7412624201072,14.6820324686303,316.73635,242.588425,256.8497,482.275225,451.843675,393.40025,78,60,72
"ZNF256",0.812923125394694,0.00747354814599177,0.00198411581304336,69.8782474358974,65.2249783333333,91.8321722222222,3.93795070916265,7.11937137254791,5.06851074393552,38.25135,21.70755,66.09245,94.6237,85.7357,109.265275,78,60,72
"ZNF599",0.00215339697663941,0.696760214904548,0.00016160359343842,91.7806102564103,67.55749,97.2428055555555,4.47220399194957,4.40126489055462,5.64726230098569,68.941525,44.502275,66.49555,111.465875,85.0463,120.3464,78,60,72
"ZNF18",0.996652286065852,0.0711375376842298,0.0830922643591389,156.391466666667,156.95642,141.126041666667,4.17606813408757,6.90838151553007,4.30359085100331,128.7293,122.606175,111.50095,177.803225,171.909325,160.432325,78,60,72
"ZKSCAN2",0.039020802364216,0.256194017197566,0.000390471340821597,187.582082051282,220.754645,167.284568055556,7.73435620050065,12.9651261775923,7.95245826796445,143.3742,145.141175,123.107025,213.638625,266.8817,192.574975,78,60,72
"ZNF689",0.741525443020418,0.178639439400076,0.615432548125196,163.273046153846,155.235518333333,144.802861111111,6.69498421085134,9.95871990907344,6.4646350334044,128.76355,109.464725,107.177525,195.720975,195.30245,180.418125,78,60,72
"ZNF19",0.00132206133152224,9.68013187385708e-08,0.149077506196339,98.0672358974359,77.88311,67.0783527777778,4.03877877843482,4.60421240321074,3.20129359533987,72.330125,50.897925,47.417125,116.197975,105.16315,85.75855,78,60,72
"ZNF230",0.495628763340368,0.994151207810512,0.5680033052743,98.6207564102564,91.5277466666667,98.0054902777778,2.99587478681665,5.63191136927859,4.62903366332815,77.26315,66.3007,73.331725,118.197825,113.56115,114.934475,78,60,72
"ZNF222",0.761848777023904,0.46091172796013,0.906956367048919,64.7559397435897,68.7387333333333,71.1662277777778,2.97168170993003,4.40588323818802,4.49781809593503,47.650375,45.38155,46.929075,81.469075,85.716725,84.5754,78,60,72
"ZNF221",0.691377695530063,0.661693369265421,0.999982897694384,12.2743525641026,13.6852733333333,13.6950347222222,0.883373568714756,1.52432139760147,1.24290260769342,6.5755,5.501175,6.170525,17.084825,18.6721,17.027425,78,60,72
"ZNF233",0.563899222103086,0.521302639021774,0.109239450520757,27.8490782051282,32.41386,23.2147958333333,2.51099578711698,4.68012050295885,2.19686093874511,11.2216,8.485675,9.132825,39.37195,46.09455,29.0745,78,60,72
"ZNF235",0.115696141427636,0.992676076275504,0.0988803321074264,66.1234551282051,77.1942566666667,65.5139402777778,2.40255314924988,6.031264957144,3.20446423884472,49.887475,46.999575,42.17765,79.248475,89.306775,84.054575,78,60,72
"ZNF208",0.528372605515268,0.855863155241593,0.840123449251303,43.0534666666667,25.2970683333333,34.7235888888889,14.6701676533602,8.08830064724949,8.60027397169294,6.98685,5.3995,4.734,21.850475,15.525475,26.4331,78,60,72
"ZNF714",0.993530569925951,0.0416380228332567,0.0474392554528189,181.397644871795,178.600461666667,241.105709722222,13.8028683032696,18.3367806412977,21.3532706355545,82.846025,94.611625,139.680125,250.423175,221.790225,301.074025,78,60,72
"ZNF394",0.450939199163428,0.754515193720678,0.154918583227555,446.735120512821,414.023291666667,465.209238888889,10.8027615575344,20.8981735093144,23.8898629174208,376.7496,319.81465,338.428375,504.85845,455.74405,507.81005,78,60,72
"ZNF333",0.105405676346293,0.108765077028028,0.993315939063726,151.703556410256,132.117926666667,133.196086111111,6.26010776370121,7.08379815823072,6.77058228127716,106.2092,99.8348,90.812625,183.652375,149.01645,158.6485,78,60,72
"ZNF382",0.0768519808144614,0.147377998200781,0.000382314638195824,30.0243115384615,21.7100166666667,36.8414777777778,2.16809025730928,2.19001171521796,3.33378731565087,15.445825,8.881875,15.9328,40.62895,27.3408,47.515225,78,60,72
"ZNF577",0.50595225415497,0.983603356656959,0.421097084026867,93.0041243589744,121.409266666667,88.804975,7.46170354970032,33.1733162540761,7.99187924690334,55.54655,41.3661,42.407975,109.52875,107.495975,115.3538,78,60,72
"ZNF75A",0.921940395473089,0.852698522881776,0.653335935616684,298.246121794872,289.037785,310.521676388889,16.3233327511348,20.0095955981148,14.1073475472962,193.882725,183.275125,206.800625,380.8514,347.897575,382.94385,78,60,72
"ZNF496",0.839092210365468,0.604371036601061,0.937966240970679,270.178329487179,283.041056666667,290.948279166667,11.3404161856277,19.8242670589609,17.0200909023678,220.33005,169.7085,195.05455,298.896675,349.798925,337.35085,78,60,72
"ZNF2",0.392594449502902,0.175068723863724,0.91955457530113,122.523143589744,114.46833,112.021615277778,3.58210266304072,4.2932917705273,4.9270267533468,102.543825,88.512725,89.978075,138.95805,131.91965,123.6248,78,60,72
"ZNF589",0.00114532565613301,2.05617184848572e-05,0.718699616353307,277.278537179487,205.351505,189.596697222222,16.8371353563612,12.531074421824,10.2791310410058,180.556675,145.933575,130.6371,352.270825,247.76045,230.9669,78,60,72
"PRDM9",0.474324633701995,0.13591673650056,0.793856895064498,0.0357307692307692,1.40191,2.17389583333333,0.0180948180037008,0.697184096535185,1.24315393985877,0,0,0,0,0,0,78,60,72
"ZNF12",0.0434581024418241,0.520546607567069,0.00236764449827065,775.120085897436,670.944685,819.890791666667,26.9141527566747,28.2817816590168,33.8639337266296,628.025275,534.043025,598.450625,874.238675,791.830775,975.575025,78,60,72
"ZNF202",0.241312889528298,0.850525127156228,0.527463572816259,228.705258974359,251.504063333333,235.988263888889,7.23439091083421,13.0626791555271,9.6852569061347,183.7904,188.289025,184.380175,279.37715,313.453925,274.838775,78,60,72
"ZNF3",0.0432074191659519,0.504998133390225,0.378813733792453,678.632458974359,831.520878333333,745.792083333333,18.645162077246,67.2607265319073,44.0954245812004,552.4043,603.310875,535.031375,815.068875,886.27285,819.5993,78,60,72
"ZNF606",0.377527296252301,0.989470220531277,0.465408623837957,255.024171794872,231.594328333333,252.709258333333,10.2091487526924,14.8397457419479,12.171450852067,198.1533,144.2136,178.52005,308.793625,293.724575,294.747075,78,60,72
"ZNF91",0.276374231984109,0.00286484623989058,0.242757807662322,371.140685897436,328.392441666667,282.710006944444,16.7435444262675,27.1660961932292,14.9532445558062,254.9784,183.045725,190.72285,443.726025,406.059125,338.09235,78,60,72
"ZNF226",0.971027278642325,0.999662119125693,0.966130946624145,291.832305128205,286.568098333333,292.369377777778,10.6923444598757,17.9165453879369,18.8897784207686,234.059075,191.899275,198.435575,344.1076,339.0965,322.146375,78,60,72
"ZNF229",0.151763901437235,0.145310078024707,0.997446518958334,96.5518551282051,142.34457,140.641741666667,11.267096445864,25.1144988368113,15.5779328252226,17.29935,11.950225,25.85235,141.752575,190.920475,236.4483,78,60,72
"ZNF180",0.904342755995301,0.137914865678092,0.0723375043706262,162.837034615385,167.382535,143.479505555556,5.21659404674649,10.8273145945001,6.50312427445349,132.7163,120.483125,108.8857,189.083625,193.0865,163.49225,78,60,72
"ZNF641",0.89236741669848,0.409059668086188,0.230508978561931,188.598371794872,195.374668333333,170.468613888889,8.18048635166577,12.7245401977211,10.6880905536317,140.309375,132.5941,107.993,245.9207,249.64415,209.439025,78,60,72
"ZNF610",0.913548139740764,0.160866973616971,0.387102270218958,61.7759166666667,65.06904,75.9699,4.03810436411062,6.95642836086918,6.16971551606827,36.46695,26.6147,43.370625,82.8426,87.93385,98.601675,78,60,72
"ZNF528",0.0488323854459052,0.988697130364578,0.0386472855101109,251.470553846154,195.751363333333,254.683293055556,14.3758654991556,18.7492583935284,16.5121028925003,172.7238,83.70515,160.665725,317.382825,262.87635,326.649975,78,60,72
"ZNF701",0.55172003372536,0.976090357247916,0.443406085300158,142.085023076923,130.061663333333,144.387652777778,6.51338235847439,10.8324578967209,7.21033077288206,106.046375,77.6018,110.50045,172.1365,156.577175,175.530275,78,60,72
"ZNF283",0.19920278747327,0.428450754711248,0.857364224426314,47.7538371794872,55.5289466666667,53.0997791666667,2.27981862329702,3.69764922960373,3.52184042016241,34.6588,36.66335,37.166775,58.847725,70.77795,62.669075,78,60,72
"ZNF558",0.998647396485813,0.227576382894431,0.252050819356172,279.863648717949,278.726595,315.879131944444,14.1332870471216,18.1151845453955,16.163404918385,189.88365,180.97185,235.9819,369.98805,335.654375,356.62655,78,60,72
"ZNF597",0.093094845630371,0.183721433158695,0.912262544872342,76.4319743589744,61.4840666666667,64.4477611111111,3.95146826162826,6.12695636332222,5.04880600017706,54.075625,42.082425,43.6674,99.86215,69.4659,73.93515,78,60,72
"ZNF30",0.968345897129641,0.678137766248979,0.847234924547172,84.0792897435897,86.51994,92.1634652777778,3.99051049850725,6.83828105307075,9.43807803611409,59.7417,52.5088,46.864125,102.1923,107.44875,107.538775,78,60,72
"ZNF354A",0.0846737166866369,0.946971086652641,0.0459306410895474,258.207771794872,215.504213333333,264.183884722222,10.3713064373127,10.2738099345659,18.6584238726038,199.884075,160.54875,181.881,309.666875,246.125325,288.634575,78,60,72
"ZNF764",0.988833043773278,0.0100542764089459,0.0260127363551269,206.084278205128,204.65076,177.941080555556,6.24189572601554,8.87281728838561,6.18381773925766,164.134375,157.68765,140.6582,242.14015,242.863525,213.50235,78,60,72
"ZNF747",0.982747470936526,0.209258466600979,0.33716403780695,249.342265384615,246.915786666667,227.302801388889,8.89405993095489,11.7978329277106,8.17190288553697,200.934275,177.49085,183.452275,274.9204,317.832175,263.1336,78,60,72
"ZNF778",0.0130046903272577,2.11571937871469e-05,0.292777873332937,116.924165384615,88.7549333333333,73.6979527777778,8.50756375906199,6.42540518961949,4.45068240598095,64.506375,56.9754,49.4513,138.30225,112.82385,85.70445,78,60,72
"ZNF212",0.395247700895854,0.325893778927265,0.025514786785292,369.987478205128,341.335805,399.981208333333,12.0130389767679,14.9622754327875,18.4296557495339,304.1409,256.4474,285.782475,423.75275,392.51975,455.079625,78,60,72
"ZNF282",0.35510651244634,0.143376922608539,0.00580529073887048,701.459057692308,643.051996666667,777.888304166667,26.9538420716609,27.0272507587379,33.3626728165739,546.35635,527.825525,578.241225,811.632075,769.9747,900.30345,78,60,72
"ZNF160",0.0407233076870219,0.0182094473860701,0.985371036258534,529.72557948718,453.119233333333,447.898538888889,17.3530871729607,28.4041817975198,20.9432980722192,411.6547,303.425275,334.804725,625.2873,597.9615,536.95835,78,60,72
"ZNF415",7.69819686872175e-05,0.241505019479997,0.0195027930046442,146.904261538462,91.3920766666667,127.0714125,8.72269687029264,9.16153938546651,9.00389527855857,99.1048,29.62255,68.0533,194.7955,147.6027,167.826375,78,60,72
"ZNF439",0.0107143643455748,0.841271869508265,0.0516528399750609,91.53575,63.0400633333333,86.3368236111111,6.11324849124507,7.46151834741934,6.93198654753268,48.5349,24.789325,39.81325,129.15085,87.857425,122.31045,78,60,72
"ZNF440",0.00277082585010935,0.0505757743020347,0.523782733695647,311.751693589744,224.418013333333,253.257636111111,18.1066446263979,20.0579554808808,16.4521764651066,193.8447,145.3914,157.893425,393.619725,262.177125,303.4181,78,60,72
"ZNF562",0.856511017410117,0.338524093612208,0.159958187023209,444.064056410256,427.883591666667,484.950277777778,18.3636321163614,22.4510259954519,23.08184318883,320.11025,312.353925,356.4779,555.51095,514.855325,550.139975,78,60,72
"ZNF561",0.0427899947296364,0.992072512243499,0.0626876630868481,662.692292307692,558.109278333333,657.756038888889,26.8826401242384,35.3700732048529,29.0406635725097,526.88695,405.3389,488.035275,747.0394,606.86425,780.43275,78,60,72
"ZNF584",0.000525823553352733,0.753296769769823,0.00669242426233785,186.05515,142.959543333333,178.338656944444,6.3906066184899,7.40045046410479,9.45212312283399,148.580525,98.145275,118.9189,224.37605,170.89345,214.33875,78,60,72
"ZNF274",0.0475107949244002,0.936420993528741,0.0227074468724677,507.931082051282,435.143911666667,517.9758,21.9498085879041,21.2973990621913,20.073098581857,355.526975,314.12415,395.333125,622.8272,578.374075,616.11155,78,60,72
"ZIK1",0.408147485594953,0.577366042845689,0.0747881648416304,76.5478923076923,59.0243983333333,89.5856097222222,6.45857085412772,11.8778658179996,10.5228533592091,28.466925,13.600275,29.8625,107.2112,53.7822,126.884875,78,60,72
"ZNF540",2.24169607349056e-05,0.0823669514035896,0.0348591836951312,62.8141179487179,29.7980416666667,48.1046402777778,4.81548792950413,3.18925331078748,6.05249621821549,33.619825,11.319125,18.584175,77.717275,45.11,57.59905,78,60,72
"ZNF570",0.938120294944763,0.214261421586883,0.431755238436903,50.4791756410256,52.1087583333333,58.1440583333333,2.3985533424443,3.81032440583208,3.82679196315905,35.375725,30.64355,34.848125,62.552,68.7286,67.4046,78,60,72
"ZNF57",0.121092918756057,0.0707595256018538,0.990355147213448,113.09928974359,91.538345,90.0645333333333,9.13987670056042,8.36186835515047,4.14389699687671,78.971325,56.273875,61.544575,128.226525,97.3602,102.95125,78,60,72
"ZNF556",0.981062063933017,0.793831876293164,0.710459014023151,1.93352435897436,2.16261166666667,1.17516805555556,0.891401951296483,1.04275413181835,0.625539073391034,0,0,0,0.50185,0.326775,0.55785,78,60,72
"ZNF554",0.0479285875374025,0.000716383129844012,0.482657791516153,112.884942307692,93.670405,84.18495,6.82921610585977,5.34735208702201,3.8835767215493,81.75905,65.1704,61.897,127.938425,113.46145,106.7202,78,60,72
"ZNF738",0.861190344066671,0.913829260338119,0.990201625149552,192.776906410256,177.076245,181.176352777778,21.6655522434877,25.3447171464183,15.8419880345766,95.227775,92.35515,94.912075,225.6172,190.934675,232.213725,78,60,72
"ZNF596",0.00595844739000106,0.121990868633898,0.445223081502232,57.4592038461538,40.81805,47.4326833333333,3.36363180733606,3.30433024268635,4.28691159730389,39.901475,21.61555,22.07295,67.27475,57.09705,60.086075,78,60,72
"ZNF621",0.996506307362876,0.299476578386942,0.39035267758003,518.981274358974,516.398371666667,473.117513888889,18.5881807035122,28.3682489930141,21.907351095344,404.2486,381.6914,346.451625,592.16335,592.336625,592.07365,78,60,72
"ZNF680",0.429159395529334,0.750728652333163,0.142284483568649,328.720903846154,289.999351666667,350.124105555556,18.1265471550121,21.298393356447,25.1397342630751,214.558625,190.10635,246.4286,441.0896,341.094525,414.919725,78,60,72
"ZNF483",0.0405007449062557,0.0869975293077111,0.910254766949249,21.7058782051282,14.9467916666667,16.1097125,1.96478073953924,1.49632425697539,2.10088533321675,9.19715,7.8205,6.9009,33.5794,20.2987,18.0996,78,60,72
"ZNF417",0.274180398076351,0.449823791273405,0.921965550825539,161.762865384615,145.242895,149.434876388889,6.55400468589473,8.28908603510345,7.73740551624755,123.304675,96.691375,101.804875,207.18985,179.93955,183.898175,78,60,72
"ZNF791",0.000262986402168597,0.147242337730038,0.079053919577688,225.526401282051,175.679208333333,203.215527777778,8.56047336183518,8.34590736169947,8.9068672668114,172.26305,141.752025,150.972775,279.656675,195.248875,254.3342,78,60,72
"ZNF519",0.852449109103801,0.304922710834668,0.67216836030375,30.6398679487179,32.5562933333333,35.6368111111111,1.69117037422815,2.57656826653443,3.07184686870923,20.720575,20.8317,19.442425,38.940175,37.47515,42.344525,78,60,72
"ZNF25",9.90436533124806e-05,0.851674002953542,0.000925456251058221,237.351482051282,179.228443333333,230.308175,7.9392720495955,8.20224807228835,11.7158456084897,186.1392,129.6479,157.638825,292.22615,221.981825,287.15765,78,60,72
"ZNF77",0.99289746010336,0.778575061389764,0.862194280304296,84.1450307692308,83.0812483333333,78.1392708333333,4.62919325962412,10.3197619296839,4.61156840542568,58.750475,46.209625,51.54005,96.710025,87.4434,103.695025,78,60,72
"ZNF169",0.130701981697839,0.125479789361711,0.997025269070463,75.7094846153846,64.3409933333333,64.7799791666667,3.89440396280331,4.55663619507841,3.88115626824186,49.64275,42.580325,42.811125,94.640975,86.8223,81.304825,78,60,72
"ZNF613",0.353538381154674,0.897936934085076,0.18280174946658,140.291494871795,166.775241666667,132.213497222222,9.07812930354438,21.1096215690109,10.0376791936844,101.819675,95.013825,83.4375,159.429575,160.73845,146.0443,78,60,72
"ZNF404",0.11458723142688,0.256800893201174,0.00201056225373974,38.493117948718,26.17767,47.7465875,3.30149119405026,2.80216338096333,5.81309142527813,18.6789,12.014875,23.8936,51.3278,31.676525,52.272925,78,60,72
"ZNF135",0.966503003319895,0.999367926932344,0.958914138653606,69.3554256410256,66.4426066666667,69.7330208333333,6.95598175636815,11.2991404150335,6.57457729208269,23.080175,17.184175,26.6346,93.883425,74.140375,101.35965,78,60,72
"ZNF620",0.00781378660222065,0.47039746870253,0.000196604260162325,56.6887141025641,72.47272,50.8649375,2.25663400344412,4.27060348255068,4.32809341884839,44.7057,50.7474,31.17425,65.70275,93.941375,57.9666,78,60,72
"ZNF619",0.275951907469108,0.45660326382808,0.919262321893972,59.3928769230769,53.252245,54.8423777777778,2.62987150998815,3.0914834855807,2.68049343597737,43.846875,36.3081,42.228025,74.8471,65.5939,71.604725,78,60,72
"ZNF354C",0.001751887828355,0.303136003858451,0.105822933869354,41.5982294871795,25.668605,35.1586763888889,3.2664635807561,2.89759405054403,3.22380260342153,20.037425,8.47605,16.420525,52.317225,35.60565,45.551025,78,60,72
"ZNF114",0.997841630567782,0.038034682055249,0.0488881163118414,45.6937461538462,43.8833966666667,113.642186111111,10.990929762197,10.1514948274211,30.5789579232563,4.52515,2.14485,10.336425,39.362025,64.486925,96.595275,78,60,72
"ZNF454",0.00177150660240377,0.107405821802154,0.284303580580551,25.7381025641026,10.4699033333333,17.2546736111111,3.58233424244844,2.24674913927064,2.8073315738167,5.28815,2.8171,3.55115,35.841525,9.8292,26.1088,78,60,72
"ZNF543",0.486816761392429,0.736344222974588,0.903810111119465,105.825702564103,97.3985866666667,100.605402777778,4.49125215067754,6.00398222470497,5.05619769922674,77.321725,63.247075,71.5808,129.506725,124.52335,122.308475,78,60,72
"ZNF354B",0.318384429177838,0.196659352489097,0.979339641045267,94.4234,83.2801783333333,81.7555486111111,5.53329043945065,4.7388630582114,5.46021018391986,61.50765,55.74605,49.5896,121.4014,101.648925,100.91505,78,60,72
"ZNF223",0.996724450473275,0.991766916887045,0.98024068985709,97.2104564102564,96.622015,98.0994694444445,3.98388191955698,6.83329892370976,5.37768428398965,74.3496,59.927125,73.08425,126.51995,116.4801,110.40225,78,60,72
"ZNF713",0.999892114376282,0.478339514807129,0.533142310177611,50.302141025641,50.66995,79.334975,3.74791744267236,4.30025580446613,30.3317403427347,28.202,28.810025,22.53285,65.272525,64.118825,64.146975,78,60,72
"ZNF552",0.00371560442814045,0.000105992291986601,0.735477586304824,366.976638461538,274.186195,252.526345833333,18.7057773543667,23.592443220881,17.7811929908716,238.6928,169.021625,142.692775,461.5745,309.4505,294.742925,78,60,72
"ZNF154",0.0100675527964216,0.0257164169036396,0.896500515323603,64.9398435897436,42.36301,45.8401666666667,6.07744623696709,5.82927199153286,3.72176533062946,24.40205,17.082125,21.061125,84.227025,47.8675,66.182225,78,60,72
"ZNF571",0.138748271055875,0.51585922139367,0.673788232291808,84.0042602564103,72.8278266666667,77.8806111111111,3.41386174694347,4.75581910814831,4.21031855096555,65.47325,46.0212,56.0461,97.848025,85.28695,94.945025,78,60,72
"ZNF443",0.642875667591982,0.992410390104533,0.58338356701363,79.4316756410256,73.090245,80.2227319444444,4.13246910058583,5.39310894086484,5.33334169874411,58.973125,49.7102,49.823825,100.02055,84.846225,94.7293,78,60,72
"ZNF792",0.0662063030171454,0.194856629134506,0.829073107228695,153.975053846154,131.483453333333,137.435475,5.6997624389792,7.76530710107516,7.61156395953685,114.052125,91.60625,92.462525,182.833025,159.139125,165.031775,78,60,72
"ZFP82",0.1742603856457,0.940870409232506,0.31686187296054,88.1734448717949,70.932305,85.1307013888889,7.51539182840817,5.67354579459825,6.18453368724117,52.44995,35.2733,46.853775,106.2423,96.885375,110.4085,78,60,72
"ZNF707",0.193835044314645,0.770909152312344,0.0513869511132194,218.276906410256,253.216223333333,205.112869444444,11.5246819821265,20.5055532380627,10.4030745285647,154.04005,157.549775,135.180575,241.3728,323.5723,253.485925,78,60,72
"ZNF746",0.00373398164010119,0.15193836736072,0.313188313395166,471.501543589744,546.858276666667,512.523368055556,11.6245141233198,20.8984780355431,16.5331223129089,394.791925,434.788125,417.8219,530.69135,644.20095,589.797625,78,60,72
"ZNF678",0.886956367344449,0.481823168645536,0.275414661709245,65.0874025641026,67.7530483333333,58.8117527777778,3.41420202380496,5.34139516832981,3.36856868736419,41.04485,36.4978,42.029575,80.6479,90.6174,69.561675,78,60,72
"HKR1",0.552902392671453,0.25397176119087,0.889207378403937,595.379126923077,537.124848333333,510.7813625,42.5193109373316,41.4339581556534,31.6343187954559,371.2012,345.10325,326.319725,694.486775,651.506675,561.42395,78,60,72
"ZNF101",0.351628508996649,0.121863976135872,0.00448773637562538,116.305837179487,101.568625,136.299231944444,6.15688027193811,6.12682000319925,9.2403114835143,82.229825,70.002175,88.539775,132.08515,120.0161,158.904375,78,60,72
"ZNF716",0.589214080831615,0.857073595902117,0.885630513490412,5.40975512820513,2.08481166666667,3.70379444444444,2.9898192096985,0.967989053593182,2.14473163387804,0,0,0,0,0.3702,0,78,60,72
"ZNF708",0.0617022237856393,0.190938160235559,0.818925337414173,171.808461538462,135.505468333333,145.294468055556,9.42194909630932,15.1623424204169,9.29373941982044,114.06605,78.81995,94.67275,200.018925,141.096775,184.58125,78,60,72
"ZNF721",0.136424259642548,0.225314264277646,0.93960778382662,449.471933333333,401.684238333333,410.216154166667,18.9685600080874,15.1494914751214,16.4825885513231,347.753025,325.78385,316.977625,497.432575,464.639775,482.2037,78,60,72
"ZNF662",0.73279929608881,0.000190313569319644,0.00673226817730099,113.671643589744,103.185068333333,59.5356916666667,9.35121227642775,13.4461709043047,6.25694050361247,51.579575,25.4759,20.428375,146.026525,139.100925,73.4937,78,60,72
"ZNF320",0.89212259496158,0.354726719513492,0.678362342293634,498.91396025641,483.552166666667,454.685183333333,20.4211072180992,29.2179255301434,21.9655840377666,391.630825,334.61295,329.9556,596.78605,589.35905,528.796375,78,60,72
"ZNF530",0.949009023196879,0.00103305558319833,0.000811534394606128,62.3770435897436,60.398615,84.5628930555556,2.95350380596619,5.22369646251164,5.23947547313293,45.95455,37.142575,54.19645,78.714375,75.064575,101.718125,78,60,72
"ZFP1",0.929425834328164,0.879512154286825,0.995203151015749,216.641032051282,211.832871666667,210.578698611111,8.73411014025067,9.3581194416886,9.41964742233287,165.06155,164.3595,156.918225,252.23065,249.411225,238.66735,78,60,72
"KRBA2",0.81351302966546,0.0823319619665829,0.33794913934844,62.2437192307692,58.87805,50.993475,3.93573535425145,3.5148772245505,3.83726007471077,40.45375,42.883125,31.3342,72.08995,75.9777,56.231075,78,60,72
"ZNF93",0.648937405803796,0.0384097880608307,0.00487481374252718,70.3525192307692,61.3760733333333,94.0873833333333,7.07816887491567,6.04515735667949,7.50882753136587,38.377025,25.09465,52.182075,87.2717,76.78,121.04355,78,60,72
"ZFP90",0.000531574255831835,0.21227786118551,0.0794052515222025,527.279816666667,425.009961666667,484.183318055556,18.536112529347,19.2977703828148,18.0796840185901,434.09515,324.049225,385.50175,594.366325,503.775175,599.832025,78,60,72
"ZNF479",0.959612335026896,0.0243439047823744,0.07412923534806,0.0337525641025641,0.0787333333333333,0.446466666666667,0.017196110302575,0.0438668033157764,0.18831811081444,0,0,0,0,0,0,78,60,72
"ZNF445",0.591394045096265,0.0608792641011395,0.472080779276517,514.998057692308,482.389335,442.670527777778,19.8186573556668,25.5894663333539,24.7135372092034,397.4721,351.674525,307.04845,610.7385,588.197075,562.900875,78,60,72
"ZNF74",0.270888103141187,0.953301843949471,0.173471489720948,272.432619230769,313.113755,265.063701388889,11.8665940266992,20.9071201129497,21.9208556684449,204.5417,229.956775,153.35105,328.440625,355.646475,310.594625,78,60,72
"ZNF829",0.998070878508488,0.00171951142413285,0.0044833315060091,10.0609371794872,10.18688,17.1238402777778,0.636272743064479,1.32129368054901,2.12940339311117,5.9476,3.855475,6.124425,13.63055,12.77425,18.47905,78,60,72
"ZNF267",0.436920627375268,1.82440801244077e-06,2.33110333258679e-08,400.862787179487,369.253951666667,526.784413888889,15.4368302851102,15.9757101320053,21.2215480183157,304.778575,300.730475,395.2215,483.00315,405.243975,622.318,78,60,72
"ZNF566",0.0512916352245362,0.581807328513953,0.353209963868412,167.35235,139.881615,156.301238888889,8.74076985981481,7.0654607895526,7.95351897130198,122.758375,103.30775,105.94515,194.262125,177.9321,198.2025,78,60,72
"ZNF224",0.318620708986751,0.108211072828866,0.883789582045641,217.775414102564,194.343296666667,186.538409722222,9.57382195494711,13.4397326477959,11.2748892437211,157.25675,131.8327,126.81495,264.850725,229.661425,222.832525,78,60,72
"ZNF529",0.571358852429625,0.999838478364744,0.572500754555807,249.403512820513,229.609248333333,249.722772222222,10.1469438530831,15.8053307401455,15.2791543628556,187.7679,157.16415,159.536925,307.1824,265.963625,310.066875,78,60,72
"ZNF284",0.688943250687539,0.129944874789104,0.574181080867105,39.2111358974359,42.87682,47.4338069444444,2.34942693275422,3.83004166297928,3.25156603835827,25.0546,21.08085,25.78315,50.709775,53.2523,58.619175,78,60,72
"ZNF749",0.397976814164733,0.625899074142983,0.911011256138849,57.7827782051282,64.3948116666667,62.2617333333333,2.55139800542306,3.84538083111266,4.21340917290937,42.443425,41.7093,41.6393,72.045025,80.23665,70.173975,78,60,72
"ZNF17",0.000283298417899536,0.0940513860941024,0.12709702863063,114.828671794872,91.1488966666667,102.976272222222,3.19893870540716,4.94270825115365,4.44327183511923,98.272275,65.947425,84.26895,128.844,116.772925,119.0312,78,60,72
"ZNF555",0.979034250189948,0.244292643074381,0.208947996084452,67.8323025641026,66.7767533333333,76.0745305555556,2.66079961628991,4.64632443720954,4.06653343236762,51.0599,43.856975,54.6738,83.58565,81.394,88.88615,78,60,72
"ZNF75D",0.218659311590035,0.00911590146129548,0.490050930470992,445.169342307692,382.895183333333,339.623088888889,22.4753617718355,27.7776016946267,27.90220690527,332.7534,235.264475,226.2522,492.930025,480.0171,361.80965,78,60,72
"ZNF197",0.010004563975897,0.998853895471709,0.0132555005645224,319.17148974359,272.625156666667,318.485629166667,9.70083395626814,13.8944029384478,9.93030918140163,255.2478,201.456525,258.150525,373.5801,331.15705,361.414125,78,60,72
"ZNF732",0.979257054854354,0.640018439752936,0.556070064394073,4.8465717948718,4.573395,6.04840833333333,0.713527795357856,1.09353768726095,1.12636617459133,1.405525,0.728625,1.023975,5.261475,3.61935,7.582425,78,60,72
"ZNF546",0.00475875019263117,0.0148756187945106,0.871888291207773,59.0832512820513,45.6550316666667,47.7972430555556,2.61292172546795,3.01186884058549,3.18196588587382,42.1188,28.5625,29.0084,75.3453,55.09365,60.4205,78,60,72
"ZNF286A",0.128677683111411,0.133171723827074,0.993614960537249,175.929216666667,221.133481666667,218.583861111111,8.26684365131856,11.8696747316072,23.7398140326258,128.8963,165.8063,129.779375,214.243,273.7406,242.08295,78,60,72
"ZKSCAN4",0.879692454793947,0.273453181642352,0.597992796995418,128.259137179487,132.312773333333,140.591036111111,4.96477090823995,6.49269565721987,6.22856890749017,100.514975,100.070125,111.5158,158.808925,156.456075,165.9117,78,60,72
"ZNF643",1.0980208450917e-05,0.175782045941191,0.00848089228583471,36.1174423076923,62.29152,45.4865944444444,2.20572542432059,6.37357982420367,2.78097434165777,23.347575,36.7875,32.7147,43.66455,71.299125,54.120275,78,60,72
"ZNF642",0.596024269949352,0.960575160259171,0.76299502255105,101.611114102564,110.269816666667,103.903905555556,3.95195115160403,8.99318082172509,5.90301753401373,82.1419,71.759025,74.8185,121.746175,137.260875,121.05295,78,60,72
"ZNF490",1.60966004081331e-07,0.00488357402141071,0.0286172886806737,208.987782051282,155.630951666667,180.422975,6.07654894936935,6.0042254789842,7.36930287180118,174.487975,127.577925,134.88985,239.28685,186.581,220.126625,78,60,72
"ZNF626",0.00111798914684225,0.742325030949356,0.0130221182771564,278.087688461538,141.365688333333,251.548005555556,27.5159409329754,22.8538152428481,26.8235041991481,100.15445,27.908475,74.936675,359.97825,200.72795,402.464875,78,60,72
"ZNF793",0.766657178979025,0.690388036262175,0.31712263822202,87.3982474358974,78.78543,97.0820069444444,6.93293742109439,8.62531541850218,10.1433230647784,49.533875,23.154625,45.31005,110.9971,119.7188,109.79015,78,60,72
"ZNF383",0.993749523599659,0.440497707869713,0.425856043391763,77.8906576923077,77.1578,85.8943527777778,2.9519035338617,6.04844216264849,5.4108177450045,58.569125,50.3706,55.78175,91.056375,89.775125,99.3407,78,60,72
"ZNF669",0.99670415546754,0.999927894155555,0.997650082959307,117.817232051282,118.447785,117.905923611111,4.71711233215345,6.22125311659923,6.18356196520495,86.853925,88.897625,78.1222,142.371775,140.27075,141.49235,78,60,72
"ZNF559",0.00586009577905622,0.257599692456752,0.252800849833262,231.911144871795,188.220888333333,210.876422222222,9.96549243299046,10.5440067939334,8.70859747853479,173.87405,139.8208,168.7332,286.970475,220.61885,238.520575,78,60,72
"ZNF177",0.320954169015415,0.770923683955884,0.719188960105362,44.2005807692308,37.2807783333333,41.0613430555556,2.72054293696038,4.34300109316888,3.13565752507901,25.4941,17.26835,24.9665,55.837225,48.422375,50.176,78,60,72
"ZNF548",0.166643431072542,0.984027007781502,0.237465902759756,236.862574358974,209.57637,234.419458333333,8.17635879906558,14.404937233338,9.35727472759012,196.379625,143.711725,174.239525,269.57985,263.6611,283.643375,78,60,72
"ZNF563",5.03182706612648e-09,0.0427206807689483,0.000337695307273123,56.7708923076923,32.2761416666667,47.8153902777778,2.82105794853047,2.46033267750096,2.67594778203972,38.873375,21.1352,34.2435,73.071875,40.154475,54.09485,78,60,72
"ZNF567",0.82441193062801,0.0164291843507228,0.111224666096415,127.86233974359,133.556873333333,153.274094444444,4.3487123608053,6.5576449725414,8.65690542029171,101.52875,99.049625,101.968375,149.5699,166.03775,186.736425,78,60,72
"ZNF573",0.773646807027454,0.590776137449604,0.967563197186702,28.6815025641026,26.5078466666667,25.7154819444444,2.10734898918784,2.50459761679015,2.08468014409172,15.246775,15.52845,14.7588,36.9222,30.581775,31.78745,78,60,72
"ZNF527",0.996990311205611,0.907107719014333,0.944903875531943,100.234944871795,100.790948333333,103.245679166667,3.50253225811218,5.91482283049206,6.24556324977063,74.284975,71.372575,71.7932,119.54475,116.56835,122.190775,78,60,72
"ZNF33A",0.933074108820418,0.0013905008598305,0.000912882764957712,953.541073076923,976.910088333333,730.998194444444,39.5559025022158,57.8434550498706,42.5435279059361,696.363925,665.716125,508.664825,1209.22575,1240.192,843.346825,78,60,72
"ZKSCAN3",0.000159833675423715,0.313276986532086,5.10326521041549e-07,73.7353243589744,102.222571666667,64.1454388888889,4.07152948958939,6.71075225648648,3.86112300643882,50.137375,71.365975,44.022075,84.4846,120.206275,70.8547,78,60,72
"ZNF676",0.814841393296678,0.537179448689698,0.250296107428372,7.49539743589744,4.66055166666667,12.2040347222222,3.56808823303804,1.73592892535336,3.55205580711935,0.645525,0.317,0.33925,3.09815,1.97345,4.225075,78,60,72
"ZNF699",0.0793075514309056,0.0705604024939734,0.000115957745123518,24.0782448717949,18.73348,29.2835041666667,1.41029877563784,1.58675372543075,2.06682505981925,15.2259,11.146775,17.432375,31.00695,25.466575,36.412525,78,60,72
"ZNF250",0.998843137856032,0.922353478814908,0.914366436834719,225.087375641026,225.927526666667,218.403408333333,9.60310409012878,15.7350908037375,13.4859346051759,173.847875,134.942975,141.01445,271.3192,306.3283,250.2406,78,60,72
"ZNF79",0.18754529625229,0.849113246111838,0.446041635589983,104.18035,94.6503466666667,101.363236111111,2.90771500499085,4.31276684570598,4.20527423691693,87.011425,74.245125,76.872625,118.278925,113.045275,119.5141,78,60,72
"ZNF681",0.182107957021321,0.794950110029263,0.493381485980586,127.635717948718,162.963298333333,139.8998875,10.5231038978081,20.3277228995023,11.4243228776776,81.369425,84.56195,80.628775,151.84945,174.970925,189.34325,78,60,72
"ZNF766",0.968834353010931,0.118255784465161,0.23899773643883,415.712553846154,410.083305,371.323169444444,12.9087017565356,21.616101224197,15.4335305657917,332.9322,284.01855,293.638275,478.143275,467.92135,447.668525,78,60,72
"ZNF471",0.000193747244052966,0.0230528576667521,0.284329712355655,67.1064397435897,40.5485033333333,50.6249194444444,4.64276160902068,4.35499171989325,4.46037824560737,30.531,13.626125,22.150925,86.2923,61.882825,77.35715,78,60,72
"ZNF836",0.000365246969177724,0.0534337137082525,0.223106286901685,110.148493589744,80.379135,93.2424138888889,5.2760733789386,5.73466235049259,4.90727064263823,83.112675,50.7636,63.06065,135.58325,101.1866,122.052575,78,60,72
"ZNF493",2.27045804157555e-07,0.00150987410728676,0.0763700057755458,221.884130769231,113.841121666667,156.903173611111,15.3289587232829,10.9310188604118,12.5120196230449,133.762725,55.4496,83.188275,261.25255,150.02985,200.6781,78,60,72
"ZNF167",1.89633707310399e-05,0.0429657728022637,0.0598188568281051,69.5589012820513,44.4031533333333,57.0462208333333,3.11920744286109,3.97902705248737,4.25391856095245,48.215975,23.838375,32.4743,86.63365,56.64505,72.65265,78,60,72
"ZNF565",0.573189040654482,0.722944961077244,0.960283787856744,62.1071025641026,66.724735,65.4591263888889,2.49656626868171,3.49335381232716,3.6185267970291,48.99825,50.3573,44.07325,69.2941,77.412575,84.782175,78,60,72
"ZNF34",0.948701200380628,0.544357327952022,0.403418031761793,124.498466666667,127.479876666667,114.832636111111,5.32115564634972,8.36475093136223,6.78348009026176,94.12745,86.8917,76.06985,139.3367,177.439625,136.20635,78,60,72
"ZNF140",0.0825520796101946,0.942089760448687,0.0431657941351702,457.211787179487,519.585781666667,448.125654166667,17.2965137283982,24.3236625033368,19.8735213653942,356.045125,408.379375,337.6746,551.9435,604.798225,516.89555,78,60,72
"ZNF658",1.93966025086034e-06,0.00654437165672728,0.0803781008986804,39.0618782051282,24.7328566666667,30.8723430555556,1.65683180438173,1.99554461448436,2.1702844767655,28.129625,14.774375,18.857175,49.3335,34.183975,37.939375,78,60,72
"ZNF765",0.0256219013974105,0.517622181169102,0.271206549522643,209.703243589744,245.40947,223.930061111111,5.94947547078294,14.2276145236927,8.58411033699439,167.287225,161.669475,174.788875,245.456525,308.06555,260.8784,78,60,72
"ZNF124",0.99732006584574,0.861202682410711,0.908021523347454,106.984770512821,106.278971666667,101.969063888889,7.06221473475052,6.79861220908089,7.06653848239589,64.370225,76.044875,61.8733,130.9659,118.1708,126.75285,78,60,72
"ZNF569",0.328750679463937,0.76901277935203,0.103455930655999,98.3501307692308,86.0241233333333,104.029481944444,4.12875374505879,6.57662824034151,7.24119042847602,70.2823,52.2185,64.913925,118.38065,119.874375,122.9392,78,60,72
"ZNF777",0.570531132111595,0.783460268919791,0.241074245742261,426.132908974359,451.181866666667,410.433531944444,12.3861107815481,22.3316049833793,17.7991914289073,355.89775,346.60165,313.38005,487.44525,538.219375,475.3514,78,60,72
"ZNF605",9.28022919721716e-06,0.558314601347742,1.39998187043133e-07,310.722462820513,413.494176666667,289.693148611111,12.7329010777135,21.0938706255803,11.5071690900925,227.96985,298.169425,228.43825,367.724675,470.84005,347.56235,78,60,72
"ZNF799",0.0154176837381362,0.973213150674969,0.0313880111889614,136.241917948718,107.442811666667,134.0686875,5.99588881490324,7.19614428589221,8.20105359024713,100.092425,76.74615,88.983625,163.403425,118.25805,166.885875,78,60,72
"ZNF782",0.135614746799059,9.62105907051924e-05,0.0952419792327532,54.082708974359,47.2207783333333,39.6318541666667,2.37429909971744,3.03062220139497,2.13493363321929,36.262075,30.7054,27.41895,69.378075,55.31425,49.169425,78,60,72
"ZNF846",0.00146415076169348,0.27658305873406,0.106352245651253,79.9340025641026,56.9778033333333,70.4402305555556,3.72198020346047,4.58096005650986,5.2119615392835,57.032825,38.102525,39.63,97.101475,64.5548,90.433825,78,60,72
"ZNF136",1.99020076874223e-06,0.441414849398601,0.000386328324135099,209.964341025641,148.835211666667,196.102273611111,7.52461002200965,10.2811834115075,7.43659529441706,161.537725,103.64995,145.428825,262.398375,170.62375,230.468575,78,60,72
"ZKSCAN5",0.358350029019007,0.0420828761694444,0.625034868880805,313.810992307692,354.097378333333,381.782726388889,8.04795670046358,34.2584633052965,17.2621834804299,264.670175,255.48515,288.565,352.813725,354.06685,413.65825,78,60,72
"ZNF33B",0.221112816546636,8.37565220679348e-06,1.24687598024309e-08,766.161667948718,855.49116,520.215027777778,30.1316012451031,56.3089335751673,26.2604214765046,570.061575,554.0735,347.276975,919.2602,1091.151325,646.59985,78,60,72
"ZNF431",0.0211593713257696,0.716695059452354,0.00259010861313158,208.474596153846,151.857901666667,224.081625,12.2606157172242,14.5126948156562,16.9404118715976,133.482525,79.323275,132.7698,254.5359,170.490325,299.6188,78,60,72
"ZNF418",0.804736868631323,0.99460843197561,0.859371240751228,46.2032320512821,41.2612316666667,45.4619333333333,4.14379264569562,7.28519616663653,5.29440945301196,16.6644,11.556925,14.678275,59.997675,47.2938,67.85615,78,60,72
"ZNF700",0.0106422756143875,0.584203711889821,0.127908067018656,256.1391,198.710713333333,237.647270833333,13.9494771621866,13.8227531989187,12.9747877330346,174.0273,135.971475,155.9621,301.0096,242.6788,276.52425,78,60,72
"ZFP28",0.11912485943717,0.977622419059794,0.0849933785954491,127.013746153846,104.324051666667,129.221068055556,6.58683141856328,8.94809532122484,8.57257322728382,90.2043,32.858,85.913375,159.065575,161.095425,148.702475,78,60,72
"ZNF585A",0.828664654034378,0.0048916353688867,0.0459381342567559,129.01831025641,135.326206666667,161.641094444444,4.32907166993247,9.07917496154055,8.99599138671481,99.555275,93.6867,111.85775,154.003125,160.26925,188.83865,78,60,72
"ZNF138",0.915370714005254,0.0400194164170837,0.142331483894292,190.925153846154,198.694756666667,236.127929166667,10.1944021796416,16.6250694967722,14.2465620049304,140.4194,130.229525,168.383725,238.248275,226.0401,286.6965,78,60,72
"ZNF429",0.0030024697653106,0.00557958469541875,0.939999770998038,182.945674358974,118.881878333333,125.456241666667,18.2686875835042,9.88104424268731,7.09762147240654,122.261175,67.0206,88.379575,203.32005,141.6218,147.2716,78,60,72
"ZNF470",0.0122675673351454,0.235541955495556,0.394980120092389,148.425162820513,115.201846666667,130.519155555556,6.41626111177654,9.23857933159886,8.69442601458038,107.4509,72.36445,80.711175,181.72155,150.244025,164.185475,78,60,72
"ZNF100",0.00510956077517477,0.943744592988403,0.0022524376262042,213.905343589744,155.036103333333,219.649504166667,12.0046926232524,14.4408349586644,12.7420289139888,144.20575,85.901875,150.091725,264.481425,175.37785,292.326775,78,60,72
"ZNF398",0.0158529802736215,0.797370848848199,0.084269414540235,464.318129487179,403.316605,450.967084722222,12.2050307217896,15.5153285118452,17.7474981616636,384.687175,316.3564,352.18025,529.803775,464.434975,559.21215,78,60,72
"ZNF498",0.849254112668062,0.574198855899804,0.304900056702996,371.71908974359,358.464521666667,395.002893055556,10.2063603002732,19.8409007947199,20.4423548493172,309.42555,285.90625,299.872175,429.052025,391.745025,461.13625,78,60,72
"ZNF441",5.99568172887643e-11,0.0185308764471791,4.8292779029846e-05,149.159825641026,79.5510083333333,123.629718055556,7.00962883428481,5.95771684769198,7.05773865237279,106.127925,47.829175,76.42915,175.6423,98.1249,147.8983,78,60,72
"ZNF420",0.99999746553526,0.394420221177542,0.444301408812531,140.483870512821,140.512675,157.159988888889,6.30141683716247,9.51885427022216,11.7666244502111,101.452825,87.052025,99.289325,175.357375,172.57565,201.635125,78,60,72
"ZNF763",2.30241073539972e-07,0.000429836796354444,0.15323616375045,61.1741038461538,37.1150133333333,45.2841888888889,3.01853832911899,3.30161397902513,2.70689735783446,45.3258,20.624175,27.06565,71.8561,51.15395,58.018825,78,60,72
"ZNF679",0.991888649086525,0.328528037167713,0.31522499821026,0.330888461538462,0.208893333333333,1.69473888888889,0.277045436945765,0.102723195381098,1.13398632584561,0,0,0,0,0,0,78,60,72
"ZNF682",0.000775255630359628,0.0160879696064652,0.551653558457704,108.939329487179,53.7105766666667,69.4909138888889,12.0693466584315,9.63134146611822,8.30168751834322,47.8834,9.293625,22.575625,129.596525,57.1717,93.8179,78,60,72
"ZNF772",0.707629600787449,0.977555693542773,0.825919776815015,169.753412820513,157.363791666667,166.736630555556,8.69425435466268,14.8248004276889,9.69759695415585,120.72655,84.64965,120.179625,217.8557,210.7332,194.2291,78,60,72
"ZNF257",0.990859898749793,0.693881285663961,0.800660965942504,27.5472602564103,28.5376833333333,33.5032222222222,3.71616054874567,7.10001654126193,5.45368709297587,5.958825,4.4352,5.709075,41.354325,38.17705,44.017175,78,60,72
"ZNF785",0.931780121246186,0.239674008075018,0.151233672094821,180.546194871795,186.07426,156.751959722222,8.05353733051936,14.9462289366536,9.81568375758564,140.359025,133.652575,103.12555,232.30125,214.945275,188.5886,78,60,72
"ZNF98",0.999596622444971,0.507097473281651,0.568811974120472,4.73274743589744,4.80734166666667,7.65384861111111,1.27048432194843,1.97394857626866,2.41803939363901,0.565325,0.308275,0.2292,2.784275,2.59985,3.14325,78,60,72
"ZNF786",0.736552943142669,0.95882032988096,0.583488667015726,171.104787179487,179.963836666667,167.981609722222,5.81429935870825,10.6046178045682,8.73023455347798,136.2339,121.670425,121.6148,206.994025,215.537875,197.248125,78,60,72
"ZNF517",0.060621199634142,0.33136594187072,0.0012801265740372,227.412,284.494653333333,193.550790277778,11.7771939667367,28.8429208997128,10.9729027091499,155.47695,164.023975,127.9097,256.16685,350.3999,242.26355,78,60,72
"ZNF675",0.948855148351502,0.944064254484681,0.817339578631944,176.612391025641,182.513293333333,170.731654166667,10.6542087640298,18.6005478016405,11.3569171965405,124.043675,99.900775,103.65975,199.095525,228.89165,195.040425,78,60,72
"ZNF860",0.884458946282813,0.996668760544992,0.919185923647188,61.762258974359,65.26047,62.3108375,3.87039731128484,7.44465426995201,4.40470390875889,37.536075,28.67035,42.877725,79.7894,72.93425,71.483375,78,60,72
"ZNF695",0.0241808461481182,0.00112272244435796,0.715367014491425,10.9799730769231,34.89556,42.0960583333333,1.41181070527227,5.49302834373692,9.46190540968561,2.111925,2.98105,5.1525,16.212025,55.68925,52.238075,78,60,72
"ZNF665",3.67067606532601e-05,0.489563295752588,0.00291329804178619,29.6488923076923,17.836325,26.7834347222222,1.98197837636578,1.83154389097981,1.61600062663547,17.51435,8.0841,17.7102,38.839725,24.698,33.89005,78,60,72
"ZNF624",0.908046408978201,0.918034005359103,0.716068888520539,84.7482358974359,87.2689016666667,82.4894611111111,3.4729713747122,4.98591811949436,4.29449673485531,60.629175,59.01585,57.458175,103.451625,110.066025,100.560275,78,60,72
"ZNF841",0.985188074547167,0.667002493609236,0.797611816741964,219.513708974359,216.575406666667,204.921236111111,10.4611067009598,15.6118675443916,11.8582412861916,152.0034,117.699725,131.98565,265.6658,260.84535,246.999025,78,60,72
"ZNF615",0.92761218647179,0.00954164431362603,0.0446481382199377,234.314305128205,224.912833333333,162.561784722222,17.1373518241085,25.2054717741084,10.246506214201,155.7453,130.6772,114.88645,241.23385,219.579475,176.207475,78,60,72
"ZNF433",0.0113125262716697,0.709528555421905,0.0892992973134482,83.0951576923077,62.63841,77.7994597222222,4.27957423456227,5.5805228201478,5.00234317021459,57.826625,39.50695,49.025525,108.700025,72.5571,94.193975,78,60,72
"ZNF595",0.773775980507956,0.504736364706484,0.201990002004873,166.914230769231,150.111678333333,193.072494444444,7.80615468166563,15.4995998835678,24.3642443997275,115.970825,81.625125,108.482775,198.379725,173.614275,184.28915,78,60,72
"ZNF460",0.885617444805932,0.987009836453605,0.817362012214187,48.306908974359,51.15172,47.4190277777778,4.81912716627495,4.6822074933984,2.81461569730959,31.13435,28.716025,31.1235,56.749675,65.6636,58.905875,78,60,72
"ZNF81",0.0885445633604465,0.370200265065822,0.00282790444046288,100.672271794872,116.512396666667,91.0782013888889,4.05925305120199,6.77396059656778,5.06240680790072,77.927625,82.298525,63.214875,118.3104,140.879575,116.640125,78,60,72
"ZNF780A",0.540767414191216,0.454556299431375,0.0802669706080338,280.50446025641,298.154711666667,261.466618055556,8.51574157922982,15.6517491148575,11.2598114615637,227.94465,209.333225,191.2236,323.92195,339.882525,319.7942,78,60,72
"ZNF461",0.901925076702681,0.0923978558685178,0.046685393534761,101.586437179487,97.279025,121.469438888889,5.19902767571055,6.08910678692113,8.86173554354621,72.228,67.32395,68.241125,126.027875,122.4302,155.080375,78,60,72
"ZNF181",0.275020063303737,0.473400614903745,0.907754181938935,188.322837179487,166.665546666667,172.671122222222,9.97319158914019,8.83941053892146,10.0540775482399,149.69705,116.355875,112.348775,209.810425,195.619075,201.7306,78,60,72
"ZNF44",4.80880950078921e-05,0.000375677290555543,0.770777438568519,229.158583333333,168.093798333333,177.778755555556,8.68727780268693,9.42435022613107,10.6046690432451,179.869,132.319125,127.6789,258.966525,187.2026,205.053575,78,60,72
"ZNF790",0.0257703271032278,0.993356027801497,0.0382288847754854,96.2509525641026,75.1922433333333,95.4084319444444,3.80950804798267,6.35161579270841,6.63416125643567,74.111525,41.981175,60.748675,110.487025,97.0505,104.8238,78,60,72
"ZNF677",0.0298866943248632,0.856847689349901,0.109863655591012,26.84,16.095155,24.7246291666667,2.76042854934591,3.36064326551949,2.72093199200048,11.520825,4.467075,7.131375,35.7808,14.098525,36.603425,78,60,72
"ZNF823",0.00437368739005339,0.151429456077715,0.337970309887332,121.26873974359,93.8616383333333,106.110627777778,5.18028437660893,7.35147223076677,5.58218016905418,86.62015,62.670775,75.287625,143.10035,101.53285,116.07745,78,60,72
"ZNF311",0.961374715687844,0.999230252365773,0.952373722945376,45.3725294871795,43.5119383333333,45.6200736111111,3.64268485077307,6.47334996541256,4.68039140081886,25.3371,7.3597,16.20115,57.14655,56.386125,63.824,78,60,72
"ZNF347",0.000124480988258902,0.994510172994764,0.000114990457674824,113.282780769231,78.0495366666667,114.083473611111,5.13196954079094,6.40651820942725,6.16223540423621,80.2893,44.348675,81.571275,148.849225,99.39785,141.963975,78,60,72
"ZNF273",0.927029920128725,0.115000252261717,0.290841300141573,127.840052564103,132.641443333333,152.472272222222,7.29384081187204,10.6625435149035,9.43240248270463,79.20875,73.813575,96.64305,165.4837,179.707,203.58745,78,60,72
"ZNF84",0.00536576597889094,0.460819175167133,0.00011572431215201,509.148319230769,626.270501666667,467.010791666667,21.297635495653,33.5095324334864,24.3374990808161,372.67105,438.485025,333.48905,632.294275,778.47725,536.335825,78,60,72
"ZNF667",0.582751032218409,0.776144727603486,0.24408371176927,41.5538884615385,31.575955,48.0513083333333,5.6646162700066,8.96827858832383,6.74838693010693,8.95495,5.396475,11.91435,64.1703,21.0285,70.368075,78,60,72
"ZNF649",0.853722086471114,0.999873419592542,0.851343290650716,186.683643589744,206.774651666667,186.143036111111,16.6124562431862,37.2756802283416,25.3632339171297,108.770975,87.205675,98.439,210.539775,206.50825,187.804825,78,60,72
"ZNF248",0.692938671063583,0.285651160357042,0.070240502951139,263.116037179487,278.8722,235.295579166667,10.8142094751588,16.8806197905816,13.2683517623736,191.62165,173.621025,152.287675,309.41355,334.390825,290.750125,78,60,72
"ZNF544",0.00657730041201166,0.0213749825458057,0.862439427790183,459.13285,575.575635,555.637330555556,20.5436719894797,34.2576533296441,25.5261321754341,350.67345,404.650125,433.20205,550.566375,707.982975,636.669175,78,60,72
"ZNF251",0.268084930982125,0.945570942610139,0.164108142141921,308.251475641026,361.342103333333,297.889463888889,24.4040389779654,30.1273777257672,16.5690713390432,185.30765,214.797525,192.98,375.90555,412.24115,356.857125,78,60,72
"ZNF607",0.521686419054511,0.476924369405525,0.999846064954288,155.288480769231,173.163206666667,173.442297222222,7.4763946941687,14.4302085836337,12.6413872201569,114.617925,115.4656,110.614825,187.47125,202.0722,198.534775,78,60,72
"ZNF334",0.996264501632424,0.385928476926535,0.482858136557661,61.77215,60.7309083333333,45.9011555555556,5.48878117776601,14.912164581614,5.47152616374904,24.6307,8.558875,14.771375,86.8421,59.4666,60.0841,78,60,72
"ZNF485",0.0676044346500616,0.101991661552242,0.959052324686138,58.9307833333333,70.881345,69.3827916666667,2.73343742156899,4.45257737894958,4.08925681903039,42.425825,45.370175,45.287,74.278025,90.2861,82.027425,78,60,72
"ZNF192",0.9738940398323,0.109771593732405,0.0913886140710677,359.11411025641,366.521765,294.081943055556,21.339578404518,26.1915024154127,23.6667280780563,195.5207,226.17755,165.379475,474.18555,537.4141,353.211725,78,60,72
"ZNF442",6.92123032219882e-08,0.754216841589891,3.02883552061317e-06,27.5815205128205,14.4093516666667,26.0367277777778,1.31443884920634,1.24682976992995,1.98685965601706,19.9147,7.929375,16.253075,35.388925,19.220725,31.415275,78,60,72
"ZNF813",0.0532107658201588,0.00631167572141667,0.820482248970687,73.7281897435897,93.8918366666667,99.1614277777778,3.61587573393989,8.25219996268174,6.31223454849517,48.298475,54.2107,68.592375,94.392775,113.00515,114.3535,78,60,72
"ZNF26",0.000504758201990141,0.127059908927507,0.131838838124498,209.419733333333,268.873433333333,238.283526388889,7.54652014422442,15.8203005924203,9.56126140510676,159.63365,188.207,179.151425,245.880625,306.92535,292.2947,78,60,72
"ZNF69",0.00649131440554007,0.00156421758202119,0.965097760358263,86.4120205128205,59.1340533333333,56.8498180555556,6.55036177357834,7.92062137384823,3.66346253717391,46.811875,31.701875,36.5093,111.937125,68.399375,73.859975,78,60,72
"ZNF583",0.00960934740934072,0.689864019128412,0.0846776620195615,66.9838153846154,53.5098966666667,63.4219083333333,2.99847625695787,3.31585125812189,3.20853940263692,47.6852,34.688325,44.586075,84.8668,74.43235,80.80565,78,60,72
"ZNF568",0.427540896848945,0.395339452224754,0.0407621976323153,77.8953076923077,67.1234733333333,88.6127916666667,4.03746103320695,7.37343010076207,6.76988396361972,52.365925,24.58295,52.540575,99.50155,93.865975,108.133125,78,60,72
"ZNF480",0.0372812248275127,0.966949989126757,0.073182006839082,350.180798717949,403.308593333333,355.222323611111,10.8199691656567,21.2307314052427,13.5002438917772,275.8194,288.902525,280.718775,401.926725,477.028,411.818575,78,60,72
"ZNF587",0.693464666738166,0.181587565230082,0.0390706603134445,583.975779487179,623.632871666667,502.028205555556,27.5183934586943,45.5919756982407,30.2214324053155,403.264675,406.6062,320.712275,794.327175,723.2308,644.46535,78,60,72
"ZNF808",0.0813665984442365,0.181437818629136,0.889595853697214,212.651473076923,187.192545,192.732465277778,6.48117329973653,10.015051672665,8.5247409298379,176.463475,134.46245,153.0621,241.891425,238.45005,222.130675,78,60,72
"ZNF43",0.000760726900426612,0.0847268827441291,0.226913615263917,317.40161025641,180.71896,242.535601388889,32.4888436324045,20.9869526835186,17.7057193787317,162.1775,63.9235,153.192825,405.8616,254.263175,304.027075,78,60,72
"ZNF28",0.996254930703243,0.57806662980531,0.67026010164411,439.199044871795,442.006236666667,471.565113888889,17.5422283476382,30.5823805650784,24.1005950187707,329.146675,280.64735,349.7747,502.7867,566.286825,554.61105,78,60,72
"ZNF627",0.538075829165676,0.913429959654107,0.330742588749359,455.642414102564,405.171408333333,473.961118055556,25.7194428305543,34.9218515557069,38.3866759523597,316.67355,265.167975,287.17945,497.916225,444.383175,580.86895,78,60,72
"ZNF789",0.991028822835791,0.623190371907686,0.581936289187239,67.5133333333333,66.7001516666667,73.1310430555556,3.58865120523938,4.82484649888347,4.92950501021897,48.5839,41.1772,41.1079,81.505475,74.251075,100.3291,78,60,72
"ZNF534",0.759760941811226,0.0616954163575252,0.326296351925782,3.94986025641026,4.99992833333333,7.16589027777778,0.250962406703117,0.453844772027356,1.67767114700725,2.355975,2.900925,2.96285,4.781575,5.6692,6.434625,78,60,72
"ZNF525",0.564004548844802,0.00486551207222474,0.123138039502385,170.852715384615,185.388223333333,213.8678,6.53458366815011,12.208263023879,11.1605068411557,125.072725,119.53635,138.517125,212.554825,235.0715,256.05955,78,60,72
"ZNF814",0.316657212487257,0.276134654286983,0.999938774972259,198.09875,174.932378333333,174.761151388889,10.7491237562627,12.5422156653357,10.2558475769803,128.7575,101.276475,127.3789,246.232975,227.583175,202.723625,78,60,72
"ZNF551",0.313153617317363,0.848679283546813,0.129293509852585,123.436680769231,107.423805,129.141173611111,6.29998642681201,8.38391635924433,8.38054530219694,84.401525,57.205825,90.533875,162.060525,146.915175,154.368675,78,60,72
"ZNF805",0.0403596796542711,0.728399859656047,0.210358778762519,278.293596153846,237.698586666667,266.300575,10.60036373617,11.7057141752598,12.305057684854,229.66345,169.839025,196.597825,327.999825,290.0058,313.890725,78,60,72
"ZNF468",0.326829755991414,0.566528546279435,0.892527235048582,493.229219230769,549.34613,531.210151388889,17.6544787861447,40.5001361423288,24.6878358352285,371.13385,370.4353,372.40675,571.8861,684.197775,674.408075,78,60,72
"ZNF616",0.355064669436013,0.0715614462720543,0.754601633855811,195.369235897436,180.228638333333,172.2176,6.48056904193677,10.1067636841923,6.78587329438396,148.930425,126.65785,131.2688,233.435075,224.358675,204.8589,78,60,72
"ZFP57",0.700336700871708,0.390580098427727,0.901010270084332,17.6945487179487,26.8496533333333,31.8856888888889,5.00733862491922,12.9256176762528,5.69663460227227,1.771275,0.7366,2.285775,17.7586,8.505125,37.104625,78,60,72
"ZNF155",0.423874425075112,0.795670531256151,0.805089578228635,149.525017948718,135.992678333333,142.896806944444,7.58057197189685,7.55798559437725,7.29839362927659,110.0913,94.744425,108.90045,182.80815,171.8737,165.30495,78,60,72
"ZNF425",0.00121737855995918,0.952862984641934,0.000558432526108876,65.7840743589744,46.0670683333333,67.3333305555555,3.17214591451462,3.54047203866327,4.58581390347951,45.043725,26.6694,37.7963,84.439675,57.28015,88.30035,78,60,72
"ZNF611",0.709831918180328,0.8879677958814,0.937786268489588,178.079644871795,167.690636666667,172.263455555556,5.69498490196084,11.9397074032466,10.0447241820361,148.09675,108.61045,121.8817,213.4893,216.8114,203.878225,78,60,72
"ZNF254",0.990338461485854,0.0490286690994077,0.095609752793943,560.903826923077,553.692313333333,438.401316666667,34.1712434948765,53.9414950869706,25.8548586728739,341.009175,277.329675,296.190225,666.8094,739.759375,552.31525,78,60,72
"ZNF625",0.157611795884027,0.548621896539607,0.0157981320700755,22.3068474358974,16.9536166666667,25.1956972222222,1.38398316597375,2.07048073894308,2.51792719433702,13.19615,5.089675,13.28145,29.37305,19.84275,35.298575,78,60,72
"ZNF845",0.868930103856111,0.322102526131036,0.158288845503375,197.784447435897,191.559483333333,214.679941666667,7.14515953019598,10.4032852376608,8.58133003175246,148.903,138.199525,169.68285,236.362525,235.1114,248.3892,78,60,72
"ZNF90",0.727447499384129,0.811693813755807,0.384007970190325,297.403085897436,331.406878333333,271.211120833333,25.7888027069288,36.21875140994,32.4600952751144,143.39885,129.781275,88.9678,364.8933,428.064975,360.99965,78,60,72
"ZNF788",0.00104976226555875,0.433011117620621,1.29870614388183e-05,72.7623897435898,43.7445416666667,82.1791236111111,4.62276057783031,4.71640609285254,6.88511110005153,47.772625,19.85185,41.508525,84.60865,52.556825,102.732225,78,60,72
"ZNF880",0.177004073180365,0.404595256750409,0.00968955755598822,125.570896153846,94.5653283333333,146.827997222222,11.6532054442779,11.2764932700802,12.9053887416539,51.27155,39.763725,68.615525,169.4717,116.692225,190.353275,78,60,72
"ZNF630",0.907117994129216,0.579594977603527,0.862220796470653,63.07645,60.97844,58.3441944444444,3.40088128867644,3.40717372071668,3.53964251470745,44.274025,40.74975,38.175975,72.923675,73.97575,73.735125,78,60,72
"ZNF844",0.0287911195344434,0.656602389455258,0.20342418229759,124.441012820513,93.85322,114.546647222222,7.83610603230765,9.10331247648452,8.01732365949018,77.301325,44.2661,70.9957,157.423025,126.654775,134.478175,78,60,72
"ZNF717",0.339472700366799,0.522044119971191,0.929771473398748,43.5137435897436,38.3012083333333,39.6728,2.50089751269745,2.88655908114284,2.39713202404871,29.971475,23.5781,26.707975,53.817575,48.48705,48.578725,78,60,72
"ZNF492",0.859068769288229,0.310959414194301,0.671262006266163,5.20776025641026,7.37688333333333,10.957475,0.942254777236978,2.42710085680714,4.27749914969353,0.96145,0.3087,0.8466,4.91005,3.0518,5.60845,78,60,72
"ZNF688",0.150539388000456,0.968225706981793,0.244090958094597,239.269315384615,202.040001666667,234.678948611111,12.2589065909775,14.1575615454313,15.16347761684,161.25795,130.099575,149.200375,275.4884,254.64615,274.8416,78,60,72
"ZNF879",0.0219438935749761,0.797169311274231,0.108272475984408,64.609541025641,46.0911583333333,60.3796777777778,4.17153686533823,4.4098579289024,5.6505841650176,42.511075,17.077375,30.0037,78.4929,57.049475,78.114175,78,60,72
"ZNF737",5.76164914412036e-05,0.00741513858107534,0.317485318240898,404.020102564103,187.640798333333,260.6701875,44.7897869943661,26.122540293356,23.0965375587676,183.656725,63.622775,126.039125,474.932825,205.29565,358.9697,78,60,72
"ZNF709",9.95623624111541e-05,0.00524477602905582,0.444603411095712,87.0114807692308,60.5824566666667,68.3032041666667,3.79703733596991,4.91491270757374,4.43730034640914,66.84525,34.613825,41.265225,109.6585,76.7418,83.306475,78,60,72
"ZNF585B",0.99575096143631,0.312508176658814,0.316779598873937,71.0571358974359,70.4646883333333,80.42275,3.01666567299957,6.19512068272582,5.01366148792602,51.029,40.25065,55.17995,86.27005,83.843,91.43665,78,60,72
"ZNF324B",0.022927706664845,0.108543872249836,0.753438709116293,116.060707692308,97.0077066666667,102.241922222222,4.38548494348038,5.64116295644463,5.08910609914605,90.36175,65.4911,74.8332,139.62265,128.163575,119.303925,78,60,72
"ZNF564",6.04416315885814e-08,0.000249032669655036,0.118236592185425,267.34382948718,193.073476666667,218.790377777778,7.86160296326763,9.55359778018382,9.29642403685237,216.94765,152.5469,161.49755,308.18295,220.24985,255.171725,78,60,72
"ZNF674",0.413778101479994,0.172037369204061,0.900776461522162,74.0591769230769,65.6322216666667,62.6901152777778,6.32667061010984,3.4893894305881,2.23784982791411,52.109,50.481425,48.306175,76.43105,73.8531,74.862975,78,60,72
"ZNF432",0.84363318765433,0.534343872226187,0.271930931520543,115.741171794872,122.831271666667,102.7608,7.00176620718512,13.3806337931638,6.47430451323853,75.43045,70.918725,68.3992,133.291025,131.6467,119.306575,78,60,72
"ZNF10",0.567483998500025,0.0135921877721167,0.000944380898734054,156.406356410256,169.079761666667,122.666020833333,7.58039307477129,12.0395171970843,6.760371329902,116.0252,107.445425,90.991125,190.425375,223.052675,144.06625,78,60,72
"ZNF486",0.0525007222873199,0.0167766744329756,0.954713724988595,232.989992307692,123.179756666667,109.332547222222,40.3785742217392,32.0614467882309,19.8583014749724,30.107,10.65385,22.988125,213.344525,104.210275,110.3346,78,60,72
"ZNF225",0.987159974187758,0.450556741609454,0.59173029461876,73.2871602564103,72.5388666666667,67.6743986111111,2.5995930775333,4.61766225700723,3.17729273923265,57.434725,43.09175,51.7635,90.158925,88.7383,78.9105,78,60,72
"ZNF350",0.654720603051577,0.210531542925776,0.0404513470400271,217.907684615385,239.45974,178.374956944444,16.2084085317337,25.2698448881558,8.74065097411459,159.240725,136.472725,136.7021,234.8691,256.248975,202.70255,78,60,72
"ZNF253",0.0431089322880442,0.0243273769733268,0.995717993992262,228.123365384615,184.188436666667,182.557880555556,12.2741546345326,13.9852173256734,11.8415222556523,159.943075,112.6225,119.827625,264.078875,229.238525,236.6556,78,60,72
"ZNF878",0.893116425453964,0.253654809486158,0.553494701074533,3.77764230769231,4.16607333333333,5.07244444444444,0.384811554451385,0.820024586085416,0.608216288820238,1.472725,0.7696,2.509875,5.15365,5.3439,6.154675,78,60,72
"ZNF727",0.0662117429033605,0.964306185735899,0.123527664654202,9.33932051282051,4.18051833333333,8.77763472222222,1.70121522213069,1.01182581010344,1.77305094729135,1.241,0.537375,0.86615,8.6103,4.03865,9.79305,78,60,72
"ZNF578",0.601013796967065,0.140680642178497,0.0190874810627591,39.3492974358974,26.48126,63.5348638888889,7.25769409607173,7.13779399333223,12.1648318807749,10.580475,6.396225,11.973725,31.29165,25.387725,87.6038,78,60,72
"TRIM28",1.42502004485401e-06,0.493524342253623,0.000215514762539004,4716.62065769231,6401.384625,5066.65749166667,152.824592052476,297.046489517001,235.791651677384,3887.838625,4920.6164,3904.9302,5312.76535,8266.600325,5524.901275,78,60,72
