"gene","p-adj-NO-[Unknown]","p-adj-YES-[Unknown]","p-adj-YES-NO","mean-[Unknown]","mean-NO","mean-YES","SEM-[Unknown]","SEM-NO","SEM-YES","Q1-[Unknown]","Q1-NO","Q1-YES","Q3-[Unknown]","Q3-NO","Q3-YES","count-[Unknown]","count-NO","count-YES"
"ZNF195",0.345523591715723,0.211808745402559,0.655199524587594,290.787996153846,335.549033333333,368.545305555556,22.8335583958136,13.4231036322138,30.5152949335863,239.57475,242.50165,283.7187,349.10035,385.74985,433.5492,26,138,18
"ZNF263",0.74139295583872,0.962028814230822,0.607102305859556,784.975534615385,757.326026086957,799.221088888889,37.744109588957,15.0922895272707,29.6170806399416,681.816,629.25495,729.154875,857.05435,859.687175,888.560125,26,138,18
"ZNF200",0.928520508557548,0.359556246591196,0.118208896062499,172.902523076923,169.053055072464,193.497388888889,10.2954265389433,3.96190786920528,14.6244528401102,140.07645,140.0896,141.987325,200.118425,192.425975,219.3753,26,138,18
"ZNF582",0.562690746567313,0.066997078152193,0.150548590901937,31.1194461538462,27.7458688405797,20.5262277777778,3.33544969750121,1.29760135740718,3.35185837932034,21.817175,18.01965,7.602675,36.516725,33.582,31.4999,26,138,18
"ZNF285",0.990228068545787,0.636847947071201,0.580728741242736,53.1513115384615,52.1475463768116,43.37255,6.40727742099878,2.99163912045346,9.14915852873574,33.83845,30.1242,8.025925,70.04385,67.774525,73.807075,26,138,18
"ZNF275",0.948553864250307,0.712501753172508,0.765660385345081,353.631196153846,368.611011594203,408.131255555556,26.546596709546,21.1467668336564,28.9190439436312,254.115675,243.58035,342.4976,425.134,425.008725,447.480625,26,138,18
"ZNF37A",0.810742029112592,0.339652539772271,0.0660903239922526,292.323242307692,275.21330942029,348.220811111111,32.8686841428219,10.1296755754951,34.5149883757008,142.64905,190.72975,263.1261,407.916575,362.150875,378.78655,26,138,18
"ZNF510",0.954133280475478,0.999266901722532,0.953594473338064,168.403042307692,164.496271014493,169.10315,13.438148505505,5.27678806831534,13.7375396814886,110.34745,122.316475,130.9553,208.558475,199.0308,214.677575,26,138,18
"ZNF506",0.77468962276232,0.999201438136097,0.805047181097487,325.331692307692,342.927147826087,323.921727777778,21.5116907337146,10.5359649713549,26.3591334356305,255.53985,265.035275,273.9876,407.415175,404.99445,421.393775,26,138,18
"ZNF324",0.979298053442158,0.989109638434044,0.938768731305555,142.617219230769,140.92400942029,144.374066666667,9.79471717908261,3.38895433834743,7.30950671275366,105.08075,118.7103,135.301825,169.3816,160.5135,166.751575,26,138,18
"ZNF671",0.857295266823804,0.893001494847396,0.574164636586411,136.3177,148.365665217391,121.507,15.6966894039691,9.24110800785015,29.0244782734169,71.00005,64.677225,15.158375,196.529375,205.623425,246.4576,26,138,18
"ZNF416",0.596861993574288,0.891393046473468,0.961087015494052,71.8953769230769,78.180984057971,76.1422888888889,6.40401609664125,2.53814831397133,7.23993151523909,52.388675,60.2959,63.58735,87.477,91.184525,95.1977,26,138,18
"ZNF586",0.98309883581017,0.490223323478294,0.272043119854003,125.256238461538,126.911365217391,109.854644444444,8.06818074475486,3.71965456563326,11.8605543830333,95.171175,100.239425,95.3709,139.3767,148.8627,137.256325,26,138,18
"ZNF446",0.423021650695,0.871123318332814,0.891106274561845,311.260123076923,350.666423188406,333.816238888889,27.3005530186767,12.9173912592018,27.2134374940559,221.781325,249.19875,271.65115,378.866375,398.581225,350.56465,26,138,18
"ZNF8",0.439341289941936,0.969000739569615,0.731862307295973,80.7243384615385,73.438015942029,78.6871722222222,5.93557526547817,2.35519114720691,5.86490320786578,56.927775,54.0776,66.53445,92.999925,87.468275,92.63645,26,138,18
"ZNF264",0.237540941993298,0.50830186761567,0.999599442941272,699.695303846154,616.936726811594,618.545422222222,48.2095362206523,19.533756547966,68.261099985455,514.0965,465.90095,414.3309,878.96015,748.50455,814.287475,26,138,18
"ZNF213",0.746871391897492,0.953149742657968,0.963281914803332,553.567173076923,526.856689130435,538.052388888889,32.6692768616672,14.9909316147848,32.383561371199,453.352975,430.67085,430.38065,599.91415,596.499825,619.4573,26,138,18
"ZNF343",0.631361325193777,0.426311881522873,0.0571764741160435,266.341026923077,248.808251449275,300.641777777778,19.1956171061534,7.03577024479847,29.2378413349529,191.08075,193.819975,229.440375,357.13525,285.338825,296.267975,26,138,18
"ZNF302",0.409742257607007,0.201382318602428,0.570369362826035,491.279238461538,553.439834782609,611.151183333333,38.9953268847988,19.4390245692435,61.0319927546599,303.99845,409.70465,515.34635,601.641425,670.93245,822.994075,26,138,18
"ZNF268",0.873326119943628,0.936745154833582,0.999998280129466,382.566557692308,365.502732608696,365.573961111111,32.8255622314768,13.6644862995622,36.3839477409281,251.800475,236.730575,276.59955,485.92375,490.995,431.99625,26,138,18
"ZNF184",0.985626630300011,0.662781264256705,0.628000894461068,148.569823076923,151.479564492754,170.854683333333,12.6921613506803,7.55399663063315,16.0611796214486,99.834425,112.223175,123.7532,176.228375,177.80745,223.895525,26,138,18
"ZNF500",0.167633879119756,0.310665803934278,0.967938627275869,286.297915384615,257.006598550725,252.406488888889,15.9299044628462,6.5310278014953,12.6231500653396,237.123725,202.712525,218.765775,307.6141,307.0744,279.698675,26,138,18
"ZNF419",0.971991938031288,0.966061506829075,0.993038955042628,162.64305,158.465452173913,156.037444444444,18.5181273877831,7.23559867521084,19.2493969113341,108.4606,112.904525,98.32885,183.958425,184.082575,192.374675,26,138,18
"ZNF175",0.64628528761645,0.998773799645538,0.762056066050504,144.724673076923,134.955015942029,143.983344444444,9.30747662326048,4.27685954803513,14.9105610278392,113.142925,102.6943,105.6826,184.732625,168.781575,181.04225,26,138,18
"ZNF14",0.119075700754952,0.122540598113002,0.753037802986685,109.527869230769,129.740536231884,138.316955555556,9.81911864557298,4.0994769534787,9.22119451047147,79.211575,98.2386,117.997825,125.875275,150.5015,162.1966,26,138,18
"ZNF85",0.463875098061764,0.688407597911639,0.99999788125575,57.8147,66.966552173913,66.9488,3.54422803218893,3.28093626708065,8.48889340074522,41.889675,46.33845,42.6507,68.997975,76.199725,83.4509,26,138,18
"ZKSCAN1",0.152822717131528,0.488815985621737,0.98035122833922,612.213338461538,492.589866666667,506.877805555556,66.2500812921601,25.5248802527826,56.938945451487,324.82885,229.7684,347.06065,820.44155,688.8654,609.2636,26,138,18
"ZNF862",0.725535713990511,0.884341667784273,0.997006013693056,1135.56607692308,1022.0962826087,1034.93502777778,135.76262474799,58.9477381538033,168.676177086212,610.40435,559.5652,543.107675,1753.5978,1334.349825,1269.43305,26,138,18
"ZNF684",0.972949910498483,0.593130886562262,0.575565836553285,115.062957692308,111.756430434783,94.31795,26.6268281892266,4.32084000940471,12.3636121606182,65.418225,76.155275,60.296975,122.845875,142.142975,125.918875,26,138,18
"ZNF430",0.999934820698037,0.698039984057752,0.578495509491292,43.4208,43.3567615942029,50.2529777777778,3.54272906960808,2.45127567404642,6.78351561049869,29.089425,23.33225,27.180925,61.451675,57.3802,69.5311,26,138,18
"ZFP30",0.931847991520556,0.669574012304172,0.739892207902149,131.047380769231,135.086036956522,144.876566666667,10.7348534708656,4.4322343740606,13.0708720638103,101.040725,104.7418,112.47515,171.079225,164.612675,188.71615,26,138,18
"ZNF549",0.935078560122861,0.468815585974076,0.489843351090346,132.501038461538,127.196139855072,106.858783333333,14.0955214653854,5.86018216879317,20.3093018417658,84.867575,79.243675,27.23675,168.20915,168.352225,188.4105,26,138,18
"ZNF211",0.82230353203567,0.940827227672843,0.631060704822462,201.109296153846,222.672117391304,183.852827777778,21.4142113285342,15.6345286702047,25.7079469388242,132.57475,130.592425,98.7614,242.761975,254.776125,274.7104,26,138,18
"ZNF205",0.96960750881319,0.723842496212472,0.490744845280499,561.112111538462,575.201266666667,495.635061111111,60.4825603652049,24.3222518716341,32.3555014302557,360.766525,382.0503,444.949375,655.42025,670.983575,527.975875,26,138,18
"ZNF45",0.911396891468194,0.774991269354976,0.8795217479121,156.087011538462,161.169781884058,168.1793,10.6991277007173,5.08361269960753,11.0992495135859,131.7096,118.564675,136.157825,182.34915,185.497975,199.178225,26,138,18
"ZNF133",0.888563315957885,0.993843179326845,0.961853918718214,378.370657692308,404.593285507246,386.964488888889,50.5221759073465,23.5808973399488,35.2350858674475,233.109125,261.549525,267.777225,379.850975,460.8477,477.063225,26,138,18
"ZNF436",0.941065597249245,0.963014872941123,0.999257847733909,336.543084615385,323.146893478261,321.411372222222,30.6507410334496,16.9728582853082,32.2438789639332,251.8458,229.096225,219.48455,348.975,348.182225,387.916725,26,138,18
"ZNF484",0.632379995568049,0.997802805220211,0.762504470647418,51.0674846153846,47.5369898550725,50.7174388888889,3.46494696728288,1.5610011639191,3.87717369898494,40.4094,35.2796,36.25115,60.168375,60.112525,65.666875,26,138,18
"ZNF780B",0.999735937968302,0.911445871528357,0.879297083313772,300.153726923077,299.412280434783,280.21995,33.5470628656865,13.51899262668,31.7014015712768,132.701575,186.486275,180.068775,375.701625,378.154825,389.477375,26,138,18
"ZNF557",0.404225373218782,0.0197928739029446,0.0698456425057811,128.590711538462,139.334951449275,161.097238888889,8.33606605793686,3.24847596437476,9.59366292029165,95.817875,110.49775,138.5387,152.844425,164.653875,191.2832,26,138,18
"ZNF337",0.975275850639105,0.997714801313397,0.994168770318644,936.0265,900.620305797101,920.677594444444,157.845337546053,68.0806276602455,118.06487453306,334.917025,458.453175,597.478325,1081.638525,1016.168025,1132.353775,26,138,18
"ZNF317",0.962630394024774,0.0461874192955248,0.00532512694074516,602.160257692308,596.000757246377,682.653566666667,23.0821471399196,9.0917411047335,28.0611781258064,527.977825,531.085775,600.940425,685.7144,661.9994,717.8349,26,138,18
"ZNF426",0.535648318835767,0.68931307917906,0.994888882479137,59.9542269230769,51.4221528985507,50.5187,6.41354234355725,3.28847851118838,7.90203080535366,35.13385,23.82255,23.31615,79.250475,71.6787,63.8294,26,138,18
"ZNF331",0.99188492383383,0.864278928039617,0.743946602666871,319.769665384615,326.140218115942,281.088038888889,21.2857202144608,22.6616845201425,49.4859526560895,263.75815,172.0385,119.3458,366.837275,378.576625,331.83585,26,138,18
"ZNF227",0.980849008613783,0.455657504722516,0.237309932410556,178.905969230769,176.595118115942,200.112377777778,8.35956819872298,5.2332026847987,10.3778417789817,155.3014,138.8534,167.395025,200.908675,200.643875,230.8189,26,138,18
"ZNF141",0.909759450591046,0.890584010756169,0.976492104596575,86.5241538461539,81.0418094202899,77.8199388888889,16.6517521960601,4.9904676879314,10.6134361208878,39.813625,46.643875,49.8243,93.9009,92.441475,93.030625,26,138,18
"ZNF304",0.998326874094775,0.978541303257237,0.979109385226851,185.949961538462,187.041298550725,191.583927777778,15.6118939959202,7.8601051417219,26.1459060598914,146.88995,127.7326,115.99705,216.5483,226.009925,248.08355,26,138,18
"ZNF132",0.99990130215674,0.832702066252522,0.753708069754683,119.125380769231,119.26405,110.552666666667,9.47292028312124,3.79523108853209,17.1485590946417,85.11615,85.83075,55.37035,139.759525,143.65705,154.5571,26,138,18
"ZNF20",0.134777123575063,0.109259842701206,0.681531834236105,107.710165384615,121.199908695652,128.064366666667,6.31613821011138,2.75649040639361,8.64027635394168,88.6368,98.9023,105.867725,118.27445,137.719675,147.341,26,138,18
"ZNF670",0.552014710682138,0.751718826785304,0.18279296685435,39.5616576923077,36.1998007246377,42.8983777777778,2.41480074245458,1.26375115289563,4.7331792205894,29.8646,27.18265,30.657075,47.52,42.79535,48.130175,26,138,18
"ZFP37",0.915992423162499,0.983658715181394,0.845575930764982,49.0639576923077,46.8613811594203,50.4323333333333,4.52009919564799,2.23218606477409,6.20726909537667,31.057525,28.393075,29.074825,67.0247,58.692525,68.7047,26,138,18
"ZNF189",0.526942382338557,0.552418037375558,0.934535395283444,464.770876923077,525.395607971014,548.434861111111,40.5471147581588,23.6695257993929,46.1313487877226,345.830525,355.5578,390.958875,508.939375,606.266675,693.620825,26,138,18
"ZNF434",0.69759417767578,0.996942865908376,0.714660971564552,317.0135,302.847973188406,318.88365,19.852361261979,6.90449260250963,11.6504394483565,247.32525,250.898775,264.247475,366.54825,351.02345,359.451325,26,138,18
"ZNF287",0.933266765038878,0.167443025629297,0.13621831104744,182.888680769231,177.392976811594,142.472861111111,12.955275601599,6.28006589192593,17.0403706037998,150.1064,125.5815,95.9389,229.169125,225.390125,178.62955,26,138,18
"ZIM3",0.998688689471193,0.683753405892967,0.592846443992919,0.0253692307692308,0.0268855072463768,0.06245,0.0253692307692308,0.0121759925168317,0.0428452895878798,0,0,0,0,0,0,26,138,18
"ZFP14",0.979134191789432,0.984145720421197,0.999052297460209,150.239861538462,152.536991304348,153.107905555556,10.1826919235203,4.73986659808317,12.53100595956,121.931175,117.645575,116.580625,172.682875,184.588825,181.25315,26,138,18
"ZNF473",0.208708880541958,0.00433947333182183,0.0363293429244542,144.744711538462,160.397078985507,187.296461111111,5.8619567378251,3.90529720106802,8.48549446703073,123.639025,127.9703,162.824,156.076225,185.312725,217.52,26,138,18
"ZNF614",0.98607952152841,0.959858784723905,0.885623082028631,125.449992307692,128.791180434783,117.256955555556,14.2380637469943,9.07685252302891,9.86207983705429,74.3222,76.130625,78.961,152.856975,144.242925,150.393725,26,138,18
"POGK",0.229407139182393,0.184427428618052,0.00135889461675365,1391.17878846154,1230.42115072464,1638.48242222222,92.1143751302496,33.1224433110436,190.672628008862,1161.3148,953.778075,1191.588275,1554.184475,1365.08805,1724.082125,26,138,18
"ZNF514",0.416735708156507,0.973259449018608,0.369182381340107,299.152615384615,256.463626811594,309.883533333333,33.9966116664333,13.1726716971888,37.3365446189058,143.56695,153.162975,212.762775,427.948575,322.1675,388.355075,26,138,18
"ZNF300",0.875160379570498,0.993403401239477,0.844615240895204,232.215684615385,255.974948550725,224.628766666667,26.933216442188,20.9500483650503,34.2596904549733,132.249725,114.8462,134.2599,307.157575,309.77545,290.647525,26,138,18
"RBAK",0.838925174110103,0.993970193552242,0.933372293357693,485.307196153846,462.56518115942,479.259461111111,46.8553863734365,15.419754574022,37.2764990204741,282.17425,347.752025,362.58915,682.10345,571.18925,601.620375,26,138,18
"ZNF92",0.971829409769036,0.647073586498242,0.406232909216888,161.296907692308,157.563177536232,182.237155555556,17.966165612072,6.10679646079616,21.2512204888819,99.70615,107.84605,136.8967,227.872375,199.635725,202.69455,26,138,18
"ZNF157",0.728094798739629,0.355546328285467,0.555405406437711,3.12235384615385,2.72230507246377,2.08313888888889,0.494728522610152,0.212975793087026,0.474925806599077,1.2593,0.71195,0.634575,3.790125,4.0134,2.74625,26,138,18
"ZNF182",0.852961757480026,0.27519999060747,0.33045949423723,196.15695,206.147902173913,237.186138888889,16.9679109895303,7.60528630099874,15.3834157283013,126.74925,144.998325,199.96295,248.6588,245.421225,252.39635,26,138,18
"ZNF673",0.625052867420229,0.0794535698740211,0.15226959223978,182.887792307692,194.502578985507,221.927916666667,10.4716504321994,5.18965964810393,10.9405786229993,136.702975,157.8947,188.814675,216.490625,212.8323,251.678775,26,138,18
"ZNF41",0.715962300245895,0.98376587936185,0.892530594338039,186.657357692308,173.310202898551,182.426988888889,15.2368170436027,7.0004462552796,15.1381732813788,130.93245,119.323375,135.827275,223.53295,218.21685,221.949325,26,138,18
"ZNF7",0.407220743567772,0.000337698365262873,0.000744526213107721,303.867946153846,331.653650724638,426.453433333333,14.7478205284549,8.71871699104761,29.2230488955253,249.689075,264.14865,327.73135,356.091675,379.87685,491.579925,26,138,18
"ZNF214",0.621306338403834,0.807085884271834,0.266619333577282,79.4374961538462,72.8296289855072,85.7893333333333,6.60412574739919,2.77896966197764,8.64025424763216,52.078675,49.93765,65.7413,105.307275,92.687825,110.8625,26,138,18
"ZNF215",0.741991786731988,0.0393926008098789,0.0480764547741078,36.6969269230769,40.8285789855072,56.4683444444444,2.94221817653363,2.37888513602827,5.869852452128,25.467775,23.860625,37.671475,45.93605,50.47805,77.398,26,138,18
"ZNF547",0.473514025258977,0.601787073446275,0.982258945637446,38.7760538461538,46.3147333333333,47.6774333333333,4.00903693940896,2.71565664928593,6.54639298473505,24.993,25.718125,26.9237,50.046175,57.836425,61.590225,26,138,18
"ZNF773",0.737998665964077,0.592256609154015,0.840758495819244,85.2069346153846,79.0033362318841,73.5123222222222,9.51987788203341,3.06987741696917,10.7911017578287,60.975275,59.109725,27.127375,97.70375,95.3479,101.427225,26,138,18
"ZNF776",0.718747028377776,0.995246631937494,0.847860327494999,285.856323076923,268.448708695652,282.862133333333,19.1288864107746,8.97545648447579,26.4500980449744,201.008125,188.779425,203.134675,349.494075,335.718775,364.719025,26,138,18
"ZNF256",0.827015805406892,0.82854718055601,0.975051970667066,82.4055846153846,77.6555492753623,75.6264333333333,8.4154925677891,3.12987743742902,9.00080033779132,50.640775,57.77305,52.048725,100.05325,90.349425,98.794725,26,138,18
"ZNF599",0.179881319300787,0.41167373516686,0.999030322907744,127.829873076923,110.719388405797,110.246222222222,10.1020637322686,3.65574579675024,11.941876696856,86.826125,79.03215,74.63835,163.727975,137.948325,147.123925,26,138,18
"ZNF18",0.993447555969132,0.839534538273608,0.822137163769007,280.688442307692,277.855336231884,259.713283333333,31.1834080285912,10.0178444480088,18.6607538718343,215.141775,198.973225,197.29955,282.121375,321.833075,303.346025,26,138,18
"ZKSCAN2",0.348021289977504,0.10110901706988,0.377794752900584,283.925857692308,260.042239855072,233.167483333333,15.9905153870288,6.91763575082333,16.6122230968611,230.693075,208.9021,193.30995,323.663375,301.58415,281.26705,26,138,18
"ZNF689",0.278429022156521,0.690782376784995,0.950670739133127,137.182519230769,117.333996376812,121.935305555556,8.97770257031363,5.37270441220845,13.9126353880192,108.7787,68.2086,78.510825,161.6983,160.211675,168.999075,26,138,18
"ZNF19",0.804749402846969,0.280934299735671,0.379474932383746,163.841815384615,155.074069565217,133.291594444444,15.9400825955477,5.48964164420016,9.49807034895462,103.9938,107.483175,101.879275,205.143225,193.70605,158.8496,26,138,18
"ZNF230",0.410248109199535,0.0347676070225641,0.120642894833596,74.0185192307692,81.2625376811594,94.4186055555556,4.72258182962217,2.24798290809364,7.2458820393112,58.001325,63.121775,77.3979,83.968525,97.155575,114.89595,26,138,18
"ZNF222",0.938820422016299,0.930209331789726,0.986911003095077,41.6436115384615,43.0947768115942,43.8716777777778,3.4529907291877,1.7227978166964,5.1497169998172,33.390875,30.402725,29.5427,44.723825,52.7747,56.467725,26,138,18
"ZNF221",0.44908746544952,0.164923235994471,0.455353134735881,11.6247692307692,9.84103188405797,7.76849444444444,1.65710512564504,0.558819747181725,1.64508875793034,5.66045,4.967,3.11315,14.7044,13.701975,12.74275,26,138,18
"ZNF233",0.859962150938006,0.746642558847695,0.896527218482775,19.8339884615385,17.0083934782609,14.1907722222222,6.52075605968965,2.12060202382956,2.16983658796786,5.368675,5.85095,8.4145,22.565425,15.9192,17.966275,26,138,18
"ZNF235",0.955892927095135,0.951869932172241,0.814771645338598,59.4129576923077,57.8108731884058,61.8157166666667,6.14614323947872,2.13649519982122,6.24803229383883,38.527575,39.61115,43.91435,66.2897,72.2487,83.06425,26,138,18
"ZNF208",0.909694106630781,0.985353629709633,0.987102026026302,90.0641538461538,110.372172463768,101.559527777778,33.6323418578241,20.4929929086997,48.6623377967314,4.7163,3.555675,2.1629,73.732375,113.2699,81.55405,26,138,18
"ZNF714",0.966198979161597,0.987268284090377,0.915782953968431,63.6297115384615,60.8813586956522,66.0356333333333,7.62546943574135,4.59933732094359,10.9069249416301,39.254575,33.205925,35.49035,78.3171,75.356775,90.972825,26,138,18
"ZNF394",0.623275534873201,0.286632574806444,0.539512358544414,448.561426923077,484.706236956522,533.143672222222,22.6898584450543,15.697036250109,55.6285975303792,344.807725,372.726425,408.2271,514.994775,571.003375,573.33215,26,138,18
"ZNF333",0.997685621854159,0.672951725379316,0.588115032898533,134.110634615385,134.993592028986,150.698,10.8296511330427,5.66473562727265,11.9280152837817,90.6499,84.239825,127.1782,158.77355,169.57075,189.389925,26,138,18
"ZNF382",0.490813589953272,0.224779220132176,0.54343442105662,70.2998,62.2869942028985,53.5967277777778,6.58628992171792,2.74894777245085,8.55963141041389,44.081725,39.032375,25.048425,91.338075,81.17465,76.316975,26,138,18
"ZNF577",0.649562498302784,0.553060024588165,0.863901587374836,265.050407692308,210.262149275362,172.916172222222,49.1854790479773,25.9029304505642,47.9223955503176,46.6873,44.143075,38.398925,388.2427,233.419325,332.441225,26,138,18
"ZNF75A",0.984516094162193,0.50672019130018,0.290284275210335,270.83025,265.866055072464,317.968116666667,35.7972596965003,10.5537314030144,39.2078061060202,158.275925,187.1043,203.002025,286.33205,309.011225,378.893575,26,138,18
"ZNF496",0.866036283073754,0.797884428535164,0.443001956695241,238.650073076923,228.810175362319,256.338838888889,9.50082410276491,7.78594113101797,28.3957406230335,206.567125,165.12985,218.1085,269.616375,282.416475,293.9795,26,138,18
"ZNF2",0.8527813028424,0.789652227225745,0.937293722172677,116.711153846154,119.874114492754,122.237294444444,7.12842434652499,2.15451837046615,6.9173137497194,89.9242,105.142075,105.057275,144.818875,132.7455,137.478175,26,138,18
"ZNF589",0.766323647482588,0.585142362161322,0.171570957443875,225.6385,239.657986231884,197.071261111111,16.7218080517177,8.0943076750728,23.5708997981076,174.6475,169.4696,146.419,250.262725,284.804675,235.261725,26,138,18
"PRDM9",0.965760154859882,0.126125985344059,0.0774805485913538,0.215180769230769,0.380297826086957,2.05807222222222,0.127298740705504,0.209589925202766,1.66470218492591,0,0,0,0,0,0.38815,26,138,18
"ZNF12",0.239042561010469,0.978378367138282,0.236793653498921,884.179588461539,786.35160942029,901.405772222222,64.1747531238758,23.0849170325463,69.8885892272219,634.187775,561.7361,666.81385,1118.75435,993.645025,1115.10955,26,138,18
"ZNF202",0.961777019240055,0.917424270628846,0.757420972105294,212.607907692308,207.597070289855,223.297261111111,13.0165190627329,8.08511410659358,12.0605084714619,158.4916,154.82375,198.819775,261.399125,228.05525,250.13915,26,138,18
"ZNF3",0.947791986177987,0.305817403475509,0.27592440060357,749.040003846154,768.232316666667,879.112555555556,48.4070114994148,22.1302137101541,114.933684639892,558.8192,578.855975,559.011125,904.59265,920.98315,951.8427,26,138,18
"ZNF606",0.989957186677809,0.846861459822694,0.843060595123997,210.842976923077,213.440366666667,225.970983333333,20.6536311923164,7.14570567856456,25.5875302607677,146.729225,163.66275,140.5148,278.6645,264.52075,305.21865,26,138,18
"ZNF91",0.864015734676087,0.993209974306769,0.833317762209268,272.153942307692,258.78595942029,276.290527777778,29.1089920724783,10.1241337789545,21.955900440172,187.26685,185.701125,199.5715,338.327625,307.959175,329.48865,26,138,18
"ZNF226",0.847834187995444,0.987275572424954,0.95751061813258,303.582280769231,318.333977536232,309.470866666667,27.2518256390932,10.6417033286136,26.7005542657079,206.871425,236.3107,226.07195,372.714875,362.71945,367.04325,26,138,18
"ZNF229",0.0835276460444074,0.298237203093916,0.999960910810785,146.354588461538,110.980677536232,111.143333333333,13.8525064593261,6.53345588694823,20.7548829213455,108.3822,60.275375,23.954275,184.0569,152.09135,167.99595,26,138,18
"ZNF180",0.486745455540424,0.164216231284591,0.422421726734288,89.2400692307692,97.9839492753623,109.2042,7.34105182763713,3.07817910339459,6.65494913252806,65.352375,73.421325,96.670575,98.2286,114.854575,116.361475,26,138,18
"ZNF641",0.53957625454547,0.939907085639133,0.873902176894537,92.9964615384615,83.2792094202899,88.5910055555556,7.20662864012138,3.75950857988541,9.4893586421516,72.738475,48.272975,57.223075,112.962275,114.21965,113.169625,26,138,18
"ZNF610",0.467552697552147,0.899299437693923,0.886251246911072,103.018838461538,91.3555956521739,96.7878777777778,9.35297053899756,3.92658286579257,10.7291341451068,76.079025,58.18025,48.672675,126.1733,122.251475,129.471175,26,138,18
"ZNF528",0.726816202784902,0.422574069677162,0.650105416151611,320.975742307692,291.768936956522,251.976633333333,34.3857038333407,15.1898899648565,45.1588565375138,197.027425,161.3234,100.745,429.388425,365.024075,382.8467,26,138,18
"ZNF701",0.584688604477151,0.783524754130405,0.999536139748225,106.222757692308,97.8325492753623,98.1209888888889,7.63960476145033,3.34301876200141,10.3144817234662,73.555325,70.8021,74.213725,134.165175,121.874425,120.346875,26,138,18
"ZNF283",0.985213381457444,0.866342946858468,0.725037224781422,34.4671692307692,33.8690101449275,37.1311166666667,3.606996356556,1.39189749188026,4.70178655164246,22.19055,23.9489,21.81485,40.72385,40.474725,53.45465,26,138,18
"ZNF558",0.841441403249684,0.91031554368748,0.999581252303264,437.249253846154,403.844826086957,401.917772222222,55.9058959351935,24.2612705479949,50.255481432957,191.448075,238.7401,316.481625,644.2425,480.564075,562.446225,26,138,18
"ZNF597",0.235677300288284,0.969565502720302,0.215536773379397,44.28065,37.4868833333333,45.6961277777778,5.27709967417199,1.53377580685925,4.21997946191766,29.2957,24.503175,30.537525,50.9185,47.334625,52.7192,26,138,18
"ZNF30",0.388669936771762,0.678392433789777,0.995187078314293,56.0719153846154,62.0002673913043,61.5059388888889,4.56189625752845,1.81372423539197,3.55515640776453,40.317725,48.137275,52.936975,69.4654,72.831275,68.52285,26,138,18
"ZNF354A",0.0732146132449152,0.164659327547784,0.934185206266759,261.869919230769,331.58868115942,344.622316666667,19.7195515230007,13.4459412447703,28.44874795207,186.405975,240.291,249.7541,333.168475,381.175775,402.36315,26,138,18
"ZNF764",0.408588138710991,0.285113716790574,0.724808275832998,232.099638461538,216.480291304348,205.530872222222,12.7885206466281,4.8637609660881,9.90724394031602,192.3905,179.394275,161.971075,249.684375,248.933925,230.492275,26,138,18
"ZNF747",0.0116722275171488,0.101284824211074,0.998793182021145,392.601396153846,339.685794927536,338.684516666667,18.2291851781093,7.08548048619245,21.3504593712366,333.469075,278.900675,267.4359,407.727275,391.144375,405.85495,26,138,18
"ZNF778",0.561255856570417,0.288809147530363,0.5957887422124,60.2247076923077,54.5265289855072,48.2037222222222,5.62735810072931,2.23648481923319,4.26611566930534,43.558175,38.93915,36.3964,65.431725,63.297325,60.641275,26,138,18
"ZNF212",0.740069035299929,0.918361322245532,0.507718068173936,420.441730769231,397.79739057971,437.698622222222,26.2621324088522,11.4687238497241,48.9262079320618,301.52045,301.896475,316.6972,521.35025,476.457525,437.35265,26,138,18
"ZNF282",0.539242022257357,0.999550935334693,0.61543373288011,987.714096153846,922.390703623188,990.233327777778,50.9237757644811,23.7989959703273,89.2540393297879,798.933625,748.6077,719.0365,1156.787275,1039.5427,1000.8507,26,138,18
"ZNF160",0.998834760955754,0.984780144558854,0.967896256051943,679.119684615385,674.889086956522,701.127288888889,79.9305033248562,38.1341307404949,69.9611434708474,369.44315,418.6977,521.3984,864.5262,838.9355,812.41215,26,138,18
"ZNF415",0.789956400825966,0.309922302281728,0.434292122295644,141.193911538462,129.327399275362,103.092877777778,16.3122029376182,7.3461626656487,17.4685940280203,89.215675,60.71485,24.469875,186.82445,186.064775,151.572175,26,138,18
"ZNF439",0.944644718725712,0.661114073845894,0.376954416737766,121.930196153846,128.415605797101,96.8140666666667,13.8987845193616,8.43215332543742,20.1339419702381,63.6747,64.14555,21.21515,166.137675,165.981275,149.5931,26,138,18
"ZNF440",0.916377155349029,0.692529759751814,0.786432097024671,226.342461538462,214.699820289855,192.047566666667,19.1699107007856,12.343301102634,27.3741947010915,172.52945,135.0204,122.735325,293.716,261.60895,244.019075,26,138,18
"ZNF562",0.560038211618624,0.626798133020133,0.965739561402211,278.29655,261.094655797101,256.162877777778,16.3798118519712,6.52394875200841,19.548718016658,225.64475,211.027975,205.03515,330.476375,304.1038,313.43515,26,138,18
"ZNF561",0.757176527870215,0.82449277838613,0.992380320390277,482.471430769231,503.870460144928,508.024611111111,19.5902717426598,11.8622270346197,45.5656187495944,439.188725,411.317025,349.56565,531.655175,573.87685,589.57105,26,138,18
"ZNF584",0.51276037909754,0.125459039848606,0.31511232388949,156.7303,166.11174057971,180.603855555556,8.36348432783297,3.24030161837745,11.2516053202304,126.8566,139.892625,155.0016,178.005675,191.720075,198.761125,26,138,18
"ZNF274",0.836156225526928,0.959341898499076,0.987566864725731,520.1214,497.553436231884,504.542766666667,33.8809013144583,15.5816364379627,51.0905874138274,410.5895,377.812675,334.368175,615.450075,584.282525,612.765875,26,138,18
"ZIK1",0.975734997654424,0.630489987788559,0.396112331329941,51.9487692307692,53.6835934782609,41.1449611111111,5.26056414202528,3.37055070459958,10.1781525455041,33.015125,25.89795,6.00655,72.756825,70.767225,70.047125,26,138,18
"ZNF540",0.870877878008558,0.669124097647053,0.305868214394559,80.3979153846154,86.8555898550725,64.5897333333333,11.7942839587041,5.25907407035491,11.0084427536323,40.06875,46.956625,29.862075,105.352475,108.805575,108.819725,26,138,18
"ZNF570",0.337505700661615,0.0472705796231854,0.202075287706685,49.7776923076923,43.7181891304348,35.0795277777778,4.27352070176308,1.70255543932562,4.26819490614593,33.3088,28.398625,22.998425,60.182525,57.183925,43.5231,26,138,18
"ZNF57",0.361278496315962,0.797754454907213,0.128135764219138,100.405053846154,115.03936884058,90.5539611111111,12.6656265927858,4.18004435759538,7.05924363102029,70.94775,82.185325,74.738575,114.495825,138.51975,102.439675,26,138,18
"ZNF556",0.500721681185322,0.408980783360867,0.817035020093299,6.47874230769231,4.68225942028986,3.5467,1.94958720235196,0.604829471613261,1.4255324597694,0,0,0,9.117575,6.34275,4.787375,26,138,18
"ZNF554",0.494911593209928,0.848926973485135,0.951801335303438,120.014653846154,129.765447101449,126.745766666667,6.71245221417222,3.63390018100155,5.99132561469557,95.265525,104.057375,117.065275,139.893825,152.94355,142.900875,26,138,18
"ZNF738",0.84330635280436,0.794642748844374,0.946398729511185,139.819930769231,132.06540942029,126.900244444444,12.2429186303993,5.59553618024637,15.2552728575033,100.452525,84.4381,78.751,179.174575,159.91915,156.0958,26,138,18
"ZNF596",0.981641055481861,0.992270840187808,0.999930132998727,105.838788461538,103.218914492754,103.407472222222,15.1207623560112,5.57089713292117,14.4930813899102,49.466025,59.107375,63.030275,140.8439,130.396475,124.74095,26,138,18
"ZNF621",0.234852947067749,0.08100715487342,0.425175027269747,856.875415384615,731.455976086957,618.812627777778,83.3260543312271,30.4212678698461,60.4244195727715,517.951025,493.2435,452.45585,1129.463725,916.13745,709.83295,26,138,18
"ZNF680",0.59027034166717,0.838806696459545,0.988498511211545,222.130403846154,202.144645652174,205.606522222222,22.9093819410198,7.81578347045706,20.7506043130894,153.26475,135.831925,146.0716,274.706075,261.41615,251.530725,26,138,18
"ZNF483",0.964285621987901,0.831364910629465,0.623375480923114,16.6425,17.3201637681159,14.4507777777778,2.05594905682173,1.08063547639453,2.81736585221013,8.155625,9.285425,7.127425,22.842875,22.06595,16.5253,26,138,18
"ZNF417",0.545197213868946,0.82067572500277,0.985248409680018,113.681569230769,102.193374637681,104.295266666667,10.0407769798247,4.31982873656074,12.6209865314688,69.548175,71.18755,61.197775,147.776375,120.72145,139.35045,26,138,18
"ZNF791",0.439382929929932,0.952336409457058,0.774439669603657,145.5655,126.700293478261,138.99605,13.304595710036,6.20012487479478,16.7009648324654,92.99745,71.596775,82.49545,200.159625,174.479125,182.80015,26,138,18
"ZNF519",0.816324821660462,0.644513123716962,0.243001954059358,27.5292230769231,25.3541557971014,32.1237111111111,2.75529099906851,1.36317072600523,5.76478714384006,16.5223,13.89,22.2239,34.13545,33.33135,36.4831,26,138,18
"ZNF25",0.951062181551364,0.994382928739539,0.923102813844154,224.965992307692,218.9886,227.837744444444,20.0311373803509,7.78625509551417,20.589403616551,140.838725,160.736975,173.072275,301.425925,261.68905,263.2149,26,138,18
"ZNF77",0.515303962198376,0.162265627954366,0.395612888781646,56.2783269230769,63.026947826087,72.3939277777778,4.29046903250792,2.56752842993377,5.94008363749025,46.772525,47.671825,57.270675,64.596375,71.7993,77.456,26,138,18
"ZNF169",0.645817356261403,0.680551191680383,0.177392815399275,74.4872576923077,67.331115942029,84.1137388888889,7.8483367782052,3.13822181320451,9.14769417757719,36.604025,41.7567,57.583675,100.160275,89.179225,107.4822,26,138,18
"ZNF613",0.965698914030601,0.956223298086832,0.839697076068717,92.68535,95.0746376811594,88.8044944444444,13.326760146005,3.38664373809301,8.23272871267091,68.019525,71.61245,68.956075,90.911575,108.620725,108.0985,26,138,18
"ZNF404",0.969207398754083,0.997472331300285,0.992050030112933,64.8264653846154,69.2514275362319,66.6314888888889,10.4426830671476,8.04687103021431,13.5503900457015,23.60745,23.25625,28.472225,79.522325,72.206075,93.713425,26,138,18
"ZNF135",0.304352045578936,0.164118202516178,0.594387892474091,178.174657692308,143.598823913043,116.880511111111,21.3131500422072,9.27802081056609,27.0007549329788,104.43065,61.2597,13.50035,229.678825,197.34065,239.6002,26,138,18
"ZNF620",0.95799269948982,0.285949761372171,0.0942182523395754,55.8803076923077,57.2243376811594,45.4100222222222,5.14667328021307,1.87855571860302,4.75183176492952,34.3232,42.7386,25.91495,70.151175,69.45715,57.981175,26,138,18
"ZNF619",0.473681736589688,0.194121927424099,0.497331032021265,42.7116538461538,37.8187942028986,32.2749166666667,3.59242729777827,1.71298838217644,3.97125519551751,34.541375,21.392475,17.082,50.190025,49.86035,43.593725,26,138,18
"ZNF354C",0.163735229908639,0.159786208032482,0.768454224129092,26.8042269230769,19.1107072463768,15.6948055555556,4.18792535734143,1.67479714088043,4.04860328852729,8.25865,4.309425,2.1835,40.347875,28.968075,23.8778,26,138,18
"ZNF114",0.880709661324507,0.999936480853505,0.916995013571624,3.6059,20.1528652173913,4.13626666666667,0.950456990861198,15.6783585551529,1.10622358546803,1.353225,1.032675,0.9163,4.2561,4.607975,5.442125,26,138,18
"ZNF454",0.760672367494821,0.422251227032522,0.619188561529856,19.1222038461538,16.5803536231884,12.6324666666667,3.55382617848807,1.45690987070419,2.87258665167346,4.036825,3.592525,2.6255,29.395375,23.25255,21.219525,26,138,18
"ZNF543",0.447933680909343,0.948878521942912,0.789218461075348,79.2316692307692,71.689747826087,76.4765166666667,6.18676983173404,2.37246909434994,8.18006314624479,62.68045,52.677725,61.103525,91.771775,88.954825,103.616725,26,138,18
"ZNF354B",0.998913464953971,0.293206539048182,0.173227592992863,113.429830769231,114.054388405797,143.694227777778,13.0697084867776,5.6627547386863,13.6976356354979,56.395725,61.84885,86.170375,167.36885,146.326275,184.3743,26,138,18
"ZNF223",0.877183598957949,0.796002220484426,0.452292513177665,67.9456846153846,71.3057652173913,61.5840388888889,5.5522545654167,2.76796872528177,8.26554435731179,50.530075,52.937325,40.513025,81.54385,84.185175,77.55515,26,138,18
"ZNF713",0.268262486095165,0.694579849445275,0.941902805142981,44.4563807692308,37.4683043478261,39.2051055555556,4.64302056117987,1.78918437791233,3.88447452211648,24.9281,22.3304,29.90385,57.36905,47.9624,45.974475,26,138,18
"ZNF552",0.983066026271322,0.944366958253743,0.967671047200233,117.736465384615,120.365738405797,124.641188888889,18.3023216079852,5.59519952593158,14.4833327546873,87.6384,88.9861,92.024725,115.722275,130.794425,139.71335,26,138,18
"ZNF154",0.89730945854994,0.884923601982377,0.606319867550689,34.0107230769231,38.2893007246377,27.4922833333333,6.35313657191665,4.13330247414935,7.04135904541779,12.628025,7.74245,7.15905,46.29995,48.4915,30.8787,26,138,18
"ZNF571",0.812771590710676,0.796875459166354,0.962764044713241,79.3141769230769,75.8326036231884,74.0879777777778,4.8456345537379,2.26783052650605,6.64237926554609,61.647725,58.8252,47.513225,91.381,86.921425,101.061825,26,138,18
"ZNF443",0.958988316928727,0.956954256884431,0.993284416815646,112.09995,114.998658695652,116.361394444444,9.55096247794028,4.2440794011158,10.4192853584785,82.909325,79.5528,79.5604,135.114175,137.7971,149.8187,26,138,18
"ZNF792",0.997112051677645,0.993723476258475,0.997381081971385,74.4586230769231,74.0742449275362,73.6452166666667,3.60972921589719,2.16104055593321,6.6504151477337,60.0209,56.919,58.051075,85.435175,85.958575,94.105925,26,138,18
"ZFP82",0.926743538692771,0.408728490015713,0.146793511899174,48.3099807692308,50.4594637681159,37.6974666666667,4.30416489816735,2.36092307809067,6.6680620216111,36.874175,29.032,8.66335,58.847,68.711925,63.786075,26,138,18
"ZNF707",0.598911374641692,0.0466978956990437,0.0925486505023981,190.723738461538,203.018236956522,234.338166666667,9.86692790630955,4.96035814854849,18.5315842304288,153.7676,160.35825,185.838925,224.7035,234.5557,266.51515,26,138,18
"ZNF746",0.649255425383276,0.443000754841547,0.0658731820747439,521.058953846154,488.518173913043,585.248955555556,27.5259870017649,15.2170302313372,36.2153455846663,417.8903,374.496275,451.428475,586.3374,563.834175,656.816225,26,138,18
"ZNF678",0.948579914038904,0.999729116395716,0.95435303159309,18.1018,17.25385,18.1889,2.44305420525526,1.12521929227482,2.26992535542817,8.751975,7.140125,13.0461,28.87035,23.272075,24.71375,26,138,18
"HKR1",0.947735941197219,0.893213471263355,0.955385724348214,703.202892307692,717.830789130435,733.640572222222,36.1190960075713,18.9095791939815,56.9925350956814,544.196525,598.34505,560.399575,772.1856,798.168175,921.6735,26,138,18
"ZNF101",0.973943303128318,0.847411974543036,0.878832425944475,73.7976961538462,75.1126601449275,78.5235,4.27748566065656,2.25012689131302,10.5025359759354,60.02895,58.753975,57.2427,86.7857,87.6381,79.245575,26,138,18
"ZNF716",0.0856416069176559,0.989576865703941,0.226305708561182,4.62229615384615,0.0528369565217391,4.1992,4.52081423104794,0.0169427191322496,3.89472892689426,0,0,0,0,0,0,26,138,18
"ZNF708",0.674296725633463,0.989357047404124,0.645378576843282,115.840642307692,106.28731884058,118.094227777778,12.654884381346,4.33751332211128,11.198899172187,54.049,72.372,84.00855,164.9506,133.149925,144.194775,26,138,18
"ZNF721",0.933056702860752,0.43602058393124,0.451987227345076,377.000161538462,388.294526086957,433.265816666667,30.2279354757656,12.189488945301,43.132387582166,316.979275,298.38805,305.612775,445.03275,461.049625,494.815775,26,138,18
"ZNF662",0.652876934475374,0.728780755297163,0.215683697364624,131.462626923077,159.391860869565,96.9755222222222,21.3134867538782,13.4136775787232,27.8464505253099,33.53965,35.627475,8.31725,183.1032,232.65105,185.485,26,138,18
"ZNF320",0.846097846794468,0.291841168729573,0.0570612680197805,1146.07711153846,1227.04514565217,829.27235,138.711320623136,59.4294553075332,131.406974177889,649.227725,780.613725,446.487675,1337.10315,1574.565575,1204.2796,26,138,18
"ZNF530",0.501474320507369,0.949775581233401,0.829134308015608,38.7064423076923,43.4528528985507,40.5608666666667,3.22845593885743,1.74457105730195,4.31661374156366,26.9934,31.180175,30.2736,49.412375,51.0735,51.8701,26,138,18
"ZFP1",0.35456450672369,0.0233771161202675,0.0983464331624185,249.904696153846,229.956731884058,194.779877777778,18.0865784951872,5.3174642371318,15.4859313169504,189.2766,184.970025,150.921425,292.5593,261.35665,223.808575,26,138,18
"KRBA2",0.0353193512800208,0.0190728440885668,0.451566136672461,160.278734615385,116.741724637681,92.1427777777778,22.2179486126406,6.51162602948626,14.5315081991961,81.69615,63.8217,42.4773,185.557075,152.701675,130.0375,26,138,18
"ZNF93",0.999988364774539,0.820139080811696,0.745714261040158,30.3881961538462,30.4063079710145,33.7823277777778,3.46454531170778,1.58440212590877,4.28170892741114,18.08745,18.5035,22.60875,35.48925,38.57355,38.0516,26,138,18
"ZFP90",0.467665053438762,0.0189934059563571,0.0535774976619465,1012.04091153846,926.982757971015,729.384172222222,77.5098473591475,28.483602553477,61.6646164042496,748.383225,686.033525,570.924175,1208.98675,1099.200775,855.56195,26,138,18
"ZNF479",0.0424178031327322,0.377959640837328,0.899065791472784,1.58912307692308,0.0401115942028986,0.368638888888889,1.55239323128277,0.0205879147116042,0.242269872093313,0,0,0,0,0,0,26,138,18
"ZNF445",0.721768463884842,0.319171004148994,0.507111615457086,441.422453846154,419.086597826087,381.241283333333,26.5983486317774,11.865682774091,23.6927481552187,351.727175,317.6281,303.784375,538.02505,486.175025,457.912425,26,138,18
"ZNF74",0.805203903400807,0.100202598665928,0.00714074389816943,231.113626923077,221.052385507246,278.589266666667,14.1240066502125,5.91601438931822,26.5289050372253,185.1358,172.47465,221.758025,253.0279,247.481375,282.83895,26,138,18
"ZNF829",0.334746113128366,0.862879133137519,0.833692326673269,8.07101923076923,6.47509492753623,7.23449444444444,0.958039201510753,0.446389662547989,1.41162694164705,5.583275,2.8362,2.6973,10.7897,8.685525,11.696125,26,138,18
"ZNF267",0.753607286952704,0.462573383222383,0.100334486567501,292.314211538462,274.236752898551,335.21325,22.5551622822191,9.97291820149526,30.0620869905642,238.6897,199.427025,244.615525,357.319125,334.496475,430.0085,26,138,18
"ZNF566",0.418063677861649,0.548001870578743,0.977275922280444,124.002519230769,134.659008695652,136.678861111111,7.24027566646468,3.379862306385,9.7017345959509,99.889,105.6325,113.288025,147.139425,156.844425,154.947625,26,138,18
"ZNF224",0.993961332730331,0.998203578963882,0.98610918331583,221.462142307692,218.574702173913,223.718372222222,23.3964383255474,11.3274433065971,24.9269986729483,142.061075,131.48355,153.47055,273.556575,278.497,274.2109,26,138,18
"ZNF529",0.915451051382276,0.89101639224629,0.974044466132495,256.987196153846,265.932846376812,271.652433333333,19.365588020744,9.0512905055025,22.9812562029982,199.080475,192.272625,222.2607,312.411425,312.272825,353.0814,26,138,18
"ZNF284",0.309832037937895,0.641560511810662,0.987603331738317,36.6456346153846,30.1733608695652,30.9519055555556,4.52596947201351,1.71134256555762,5.00422089261879,19.936025,15.319625,20.815925,46.253825,41.9428,37.259125,26,138,18
"ZNF749",0.0328872607032725,0.49064350765212,0.727069655148263,71.5615307692308,47.457197826087,55.9682333333333,20.6872621947098,1.87540702050106,6.10053280688732,41.99085,34.567575,43.20515,65.576025,58.421675,70.244275,26,138,18
"ZNF17",0.925369505283287,0.916334059476329,0.984710617138133,101.431953846154,98.6323507246377,97.1701722222222,8.68015497727516,2.82333762343848,7.74212728879699,74.52675,76.5831,74.48975,120.360975,113.736525,123.192375,26,138,18
"ZNF555",0.749678427147498,0.977883457137674,0.926936166765214,64.2160461538462,67.5127760869565,65.5317222222222,4.97468938285437,1.75573841330425,4.73505847243959,50.80065,52.216225,50.04,70.599975,80.233475,72.66795,26,138,18
"ZNF75D",0.825318187897576,0.497586039617522,0.655294434537372,367.622938461538,384.535854347826,413.983233333333,22.2210451326409,12.0383157704183,22.158948178559,321.39205,290.66045,328.211475,454.942125,460.943775,483.70405,26,138,18
"ZNF197",0.915676546702183,0.992976414153978,0.881075639872951,266.362534615385,273.194718115942,263.591916666667,19.5694753113531,6.62797809886271,14.4228017743652,205.8834,227.772925,211.880475,336.57285,317.609475,296.805375,26,138,18
"ZNF732",0.999127670299394,0.914525882665804,0.858361308687542,2.91039230769231,2.93875507246377,2.49862777777778,0.526296970479685,0.305088645810818,0.405839498669242,1.168025,0.9321,1.1174,4.042875,3.514325,3.605425,26,138,18
"ZNF546",0.998896688497442,0.970596990688579,0.967056208169113,82.7886538461538,83.1829217391304,85.7291277777778,8.26592721641397,3.60106694670469,6.87156702635576,47.1276,58.55405,63.23525,105.231225,100.78315,100.14335,26,138,18
"ZNF286A",0.663550177835248,0.719700542217324,0.976149482647628,207.679296153846,193.049638405797,188.896966666667,14.8690673805076,6.76236119076957,19.3059445708774,144.446425,143.704475,127.7876,261.914925,239.16695,243.771975,26,138,18
"ZKSCAN4",0.951691866877924,0.922198026488908,0.97520584047567,93.4692307692308,95.3689268115942,96.9543888888889,5.17696668777196,2.55888060244919,7.24870292568917,76.888825,72.184275,79.06885,112.119475,113.959375,118.424325,26,138,18
"ZNF643",0.974967961484822,0.915845853666152,0.949769741542698,17.02535,17.4188652173913,18.0766222222222,1.61903824101034,0.734085632555002,2.05617735219909,12.160575,12.12185,10.677575,19.82755,20.484125,22.010525,26,138,18
"ZNF642",0.456535700001935,0.591119596591929,0.982951085588717,63.8083961538462,70.2142115942029,71.3221888888889,4.44476841822446,2.16444627776884,5.92767572639673,49.934375,54.983075,58.59125,78.077425,80.68845,91.4394,26,138,18
"ZNF490",0.974047728929055,0.99432598878025,0.94821439697729,203.069084615385,200.537694202899,204.757777777778,9.80712657986519,4.6386480491231,13.6135899146773,169.12255,166.476475,159.7736,244.884625,222.298825,227.261275,26,138,18
"ZNF626",0.934472748217165,0.966604958513409,0.818687400369374,196.826011538462,205.09284057971,188.433966666667,15.9850648624553,10.0193216097381,19.1130744757001,160.179,146.45235,142.932775,221.267625,246.145175,251.206775,26,138,18
"ZNF793",0.398284099657935,0.573217944789492,0.991381129453219,141.187569230769,119.83606884058,117.419538888889,17.4773408270874,6.28801774781368,19.2962325158842,74.1908,76.9671,57.700675,189.29755,153.3582,165.651825,26,138,18
"ZNF383",0.940199253867677,0.978072060767476,0.999118155927427,64.0362115384615,65.8071543478261,65.5589277777778,5.13755786382634,2.09951250049622,5.49977947166206,46.8056,51.10785,45.1716,73.369325,73.435125,80.76155,26,138,18
"ZNF669",0.946249822293587,0.679558021135672,0.399178884759797,66.1070538461538,64.10325,73.7181833333333,4.84294808754792,2.51547777810779,8.47071947707884,50.2373,43.72795,49.297775,73.5249,74.514825,86.137775,26,138,18
"ZNF559",0.760653291319854,0.928438564223873,0.987251629758329,248.552484615385,267.614298550725,262.781494444444,19.8245165569936,11.075863774798,30.5434751378913,190.21535,185.968675,189.0525,294.50315,321.29565,345.9008,26,138,18
"ZNF177",0.790720276278906,0.997053985608422,0.886435472670282,75.2893576923077,83.3334717391304,76.5811388888889,9.77860616422508,5.0468907784595,12.7779732398265,46.675825,41.35095,38.501725,92.053625,106.125925,95.554725,26,138,18
"ZNF548",0.999429323035186,0.656668185367282,0.516423676697101,175.338273076923,174.746415942029,198.424327777778,10.4014375596239,7.84482102897059,17.2541425208099,145.57205,128.1287,142.618625,206.482725,199.1099,251.82905,26,138,18
"ZNF563",0.901525028649922,0.750281283790999,0.864461993036972,74.6437769230769,77.3433644927536,81.0948666666667,4.79825242920573,1.99058615295218,14.2062309735962,56.944725,59.10435,47.81865,99.3044,91.2579,102.399875,26,138,18
"ZNF567",0.912861917217419,0.507837703570453,0.205059559292756,74.5695538461539,72.2615543478261,83.6184833333333,5.11649325820912,2.28270528204263,5.8609686160216,62.693725,55.633675,64.4425,87.340975,89.635525,103.310275,26,138,18
"ZNF573",0.110240763679974,0.414814093302576,0.983907943190143,18.0390923076923,13.9130956521739,14.3237388888889,2.28046262790907,0.784418946437399,2.07535959087744,8.560875,7.92885,7.43355,28.0745,18.3708,20.44115,26,138,18
"ZNF527",0.873256478970633,0.494883976147085,0.600953048739751,94.5988307692308,91.0210485507246,82.8774277777778,9.11379571106061,2.64804055526289,7.47684284615276,67.723625,67.79735,74.41185,107.54575,106.875275,103.6042,26,138,18
"ZNF33A",0.711730646160677,0.302843385294011,0.490790445415825,830.812257692308,886.197924637681,980.284961111111,66.6306137378516,28.1793999981893,70.3811999657375,671.07125,672.494325,742.51525,1057.03795,1051.515,1259.276,26,138,18
"ZKSCAN3",0.25433648066344,0.0532804366872531,0.290046559658046,87.9401807692308,77.3557144927536,65.5663833333333,6.41764305765339,2.67995467868249,6.2288120136656,66.4487,54.872025,51.68335,103.72635,97.86005,79.9091,26,138,18
"ZNF676",0.987328721124335,0.997047758390273,0.9738269180675,19.1369230769231,17.9132427536232,19.9819277777778,5.94120897823462,3.34444256447668,7.89681438276248,1.360225,0.607675,0.09635,18.901325,21.18465,26.3318,26,138,18
"ZNF699",0.141005297869793,0.199029025085033,0.877736364854347,17.4950423076923,13.1248036231884,11.8142611111111,2.23350292894487,0.916262931351524,2.25470531168889,9.24685,4.571375,4.612925,23.508525,19.242575,15.26015,26,138,18
"ZNF250",0.90649472435923,0.520630220290721,0.209701417882398,443.506976923077,425.347486231884,510.838055555556,37.2158461383152,16.2071352921019,67.1468398968749,297.115325,291.698175,360.064325,531.985925,529.244925,621.33805,26,138,18
"ZNF79",0.859474468294272,0.205233720463779,0.230954495761322,77.5698230769231,80.9158195652174,93.192,5.52926868758862,2.61711816976958,5.7254366260192,56.955,62.796625,74.816525,102.56475,92.93155,104.1365,26,138,18
"ZNF681",0.882888738232791,0.943221799826189,0.999971215673049,41.5621384615385,44.4971579710145,44.4448888888889,4.53772697964038,2.50028220103873,7.57854628334161,28.34795,27.45895,23.34135,49.4187,54.7705,52.21795,26,138,18
"ZNF766",0.0727029927534077,0.0381611245370443,0.490786895862628,304.105865384615,342.119334782609,365.134927777778,12.8146553022064,6.99400375912018,20.6257799339368,258.246,292.3177,318.67805,328.275275,387.56745,390.4587,26,138,18
"ZNF471",0.0138417528842522,0.104738757955373,0.996691794393356,229.054265384615,134.272506521739,131.240661111111,36.6676634173138,12.8457405336037,34.5490115333778,78.34345,18.90945,11.347775,288.1747,192.26395,202.851575,26,138,18
"ZNF836",0.913971342903407,0.975268674972187,0.99612174959232,89.7658038461538,87.0673572463768,87.7244888888889,5.41220724082849,2.72377773992288,7.07563143542629,73.1148,66.885125,67.1165,105.73065,107.82995,100.487675,26,138,18
"ZNF493",0.983606573926289,0.992450705225776,0.954350771504078,199.422746153846,204.482505072464,194.509511111111,27.0465932686012,12.0473476071024,20.1376068480588,119.51355,120.879375,131.07875,284.12315,232.68345,237.133475,26,138,18
"ZNF167",0.941962054076276,0.501441927481193,0.225730427480724,110.83155,116.238082608696,84.40705,13.8571467901332,6.70548575684705,16.1751712836851,53.69845,63.972925,17.1178,164.8245,138.112275,128.084925,26,138,18
"ZNF565",0.160543018386226,0.0913127746855866,0.571205117096698,38.1911961538462,45.2925804347826,49.8713555555556,2.33392629098878,1.63324777162865,3.85514853359672,30.63585,34.92765,38.439475,43.659125,51.185275,58.61825,26,138,18
"ZNF34",0.991506664312188,0.754760597044231,0.58960481071004,116.962511538462,115.773717391304,126.76725,7.85017630272443,3.44714056144442,17.4323969127281,86.208175,85.778525,87.54065,139.48585,141.977025,164.286875,26,138,18
"ZNF140",0.311529016830979,0.433273815351742,0.961940493615312,379.554623076923,421.014836956522,429.8327,17.7267824470149,12.0902762622643,24.2458565732954,311.668075,324.096375,370.7412,431.3444,493.57295,458.2918,26,138,18
"ZNF658",0.959392056101764,0.46469069967482,0.446582325205078,45.6943461538462,46.7800144927536,52.4119722222222,4.72104623084017,1.5167368203827,3.3253204942478,29.8599,33.519325,45.430725,50.8433,56.421725,57.29515,26,138,18
"ZNF765",0.940610408783289,0.972821937225628,0.842524236707314,137.759488461538,134.498171014493,140.896794444444,10.2574899179318,3.85084965920865,9.23759184162105,95.969675,106.6246,112.043975,173.512575,160.345925,165.868025,26,138,18
"ZNF124",0.811521533561606,0.996419171864363,0.904497290013016,70.4497192307692,65.5527137681159,69.5301444444444,6.8874354130849,3.18641279086489,8.97349212129423,40.733,35.799575,43.3801,89.6092,85.819775,91.8086,26,138,18
"ZNF569",0.872067189954383,0.952172959680964,0.997984514065192,90.03275,94.1430420289855,93.5585055555556,10.8546233075883,2.80462077359152,11.5510891948091,62.89705,73.612425,62.69885,104.743125,113.057525,117.0879,26,138,18
"ZNF777",0.209503622711317,0.992843266918997,0.254055616323526,498.941511538462,456.880284782609,503.001205555556,24.2330710432127,9.50416219672923,32.2873577591967,403.91635,379.7962,415.732675,564.73835,521.434575,519.559425,26,138,18
"ZNF605",0.993656536106081,0.909229387141058,0.820172098410743,509.054438461538,513.434162318841,484.754494444444,42.5444255152615,16.4666434661013,25.8756212522401,375.67245,376.5294,392.621375,632.056625,620.751425,545.45845,26,138,18
"ZNF799",0.612547825160879,0.558518740297839,0.892318958358693,144.7266,157.506960144928,164.716911111111,10.3494202189287,5.62990642446195,12.4395768372743,117.455,116.226025,122.32515,180.2966,185.987425,204.787125,26,138,18
"ZNF782",0.99700114053048,0.00509052579804337,0.000341373116737542,52.4419461538462,52.0387514492754,77.2711277777778,5.09958443919391,2.12358814166986,6.93137919619358,36.199875,32.45275,56.993375,70.1836,65.511075,94.316025,26,138,18
"ZNF846",0.737649253946195,0.978012200811323,0.920029534377162,77.3498615384615,71.263418115942,74.9934444444444,7.47226381006262,3.27712980674512,8.62552150994427,45.496175,43.919275,49.15575,103.376,87.788475,86.134975,26,138,18
"ZNF136",0.998947701316912,0.941215592257708,0.927945034110772,146.851469230769,147.34993115942,152.275894444444,10.085096075533,4.62630253900731,11.2566292744752,104.163525,110.2453,123.455375,185.713725,179.288125,182.743175,26,138,18
"ZKSCAN5",0.510228345913724,0.989453453052671,0.718356349315242,470.088376923077,435.706011594203,463.917855555556,30.4339285649954,11.3514299664064,48.87624689408,342.475175,333.19545,326.5024,626.669975,533.9769,493.667125,26,138,18
"ZNF33B",0.741124854464673,0.267935679668698,0.412296809837605,1103.64608461538,1171.30612246377,1308.07085555556,83.020135273939,37.2990841089132,83.173935125584,956.034325,887.885075,1090.7097,1407.154575,1380.453375,1623.858225,26,138,18
"ZNF431",0.781137135120427,0.929753050314613,0.991172605555663,82.2345230769231,90.5250992753623,88.6859666666667,7.40341302412155,5.34531813019587,8.78070761149477,52.744475,57.1992,58.268575,112.113375,106.12895,105.048075,26,138,18
"ZNF418",0.704672056880205,0.613420217762987,0.883746133047018,60.9454769230769,51.1790760869565,44.38395,10.3267129180889,4.93560584273194,13.5945702623603,20.988675,10.05995,3.64465,82.310275,76.0867,74.08365,26,138,18
"ZNF700",0.869713089036268,0.76883283726415,0.908925206271124,370.160480769231,394.569483333333,418.228944444444,38.2459317749041,20.2524225550154,40.3385683189318,206.99725,253.30225,302.326275,481.372425,448.2019,510.280725,26,138,18
"ZFP28",0.299828666384881,0.496403183770906,0.992678777072368,164.461219230769,135.155561594203,132.487555555556,17.9274536638265,7.9021143963823,20.8232231900796,109.909825,65.827525,52.80555,212.373225,176.215425,209.326275,26,138,18
"ZNF585A",0.832155915896523,0.957138746502895,0.988004508950193,111.370130769231,106.738248550725,108.128577777778,7.78740937708036,3.12685858667267,9.46411527861076,78.39035,85.102425,74.096425,142.4307,125.538025,146.5071,26,138,18
"ZNF138",0.987360131887129,0.324169054474543,0.236279732226059,150.589653846154,152.792224637681,180.472061111111,13.2335413760411,5.73180369959331,16.9944045550872,104.474975,105.79155,126.4962,199.841525,190.0245,213.84165,26,138,18
"ZNF429",0.987856212333428,0.602975456165065,0.547778308041676,129.235215384615,127.41859057971,112.431566666667,12.9235090828669,4.77087505183649,12.0214200803959,77.6544,86.649675,75.665825,188.762425,162.76055,141.23695,26,138,18
"ZNF470",0.757994120143325,0.526090718840376,0.752564162159434,124.085838461538,115.756934057971,105.867855555556,13.1908820562236,4.4195733353194,13.6199635135418,74.8424,81.681575,74.32735,161.813475,142.77365,147.46925,26,138,18
"ZNF100",0.677046801871669,0.913022123997094,0.973303122648686,114.557115384615,125.868303623188,122.381905555556,9.17082783114219,5.66184638262817,12.1208867349627,90.399325,77.2424,77.202925,129.828075,156.8206,163.787025,26,138,18
"ZNF398",0.985292708622134,0.715584732167363,0.694295044081482,271.655838461538,274.663268115942,292.185611111111,19.5294057502117,6.96098117892379,22.4203143296663,197.34635,217.177975,229.07625,329.85085,329.824825,368.89455,26,138,18
"ZNF498",0.410964389223692,0.946191620739394,0.305058462844298,486.10635,437.108713043478,503.56355,39.4000501280596,13.9640133264647,59.5469488271083,349.21045,323.684525,349.92295,593.936375,514.15835,620.755125,26,138,18
"ZNF441",0.993034051953219,0.99986222943982,0.992684308582995,246.069892307692,242.798748550725,246.728516666667,27.4334357958167,11.6423491414921,28.7550675361051,163.087375,162.21975,148.365475,307.81405,298.375125,286.5516,26,138,18
"ZNF420",0.716231708798017,0.956265026360569,0.94637245511992,71.2165461538462,65.7427739130435,68.3468055555556,7.30680786874864,2.7495712971392,7.13687605713224,46.5798,42.52565,44.282025,87.2659,81.332975,90.01215,26,138,18
"ZNF763",0.885966280217028,0.963024109493058,0.752025550528569,87.8122,92.7149028985507,83.8913555555555,8.63763975221864,4.30095070281108,9.88808945864195,50.72345,60.4111,65.592875,109.121375,110.346625,118.54355,26,138,18
"ZNF679",0.0425040516746517,0.204202767855945,0.999763504882017,0.834957692307692,0.00826521739130435,0,0.834957692307692,0.00613990186000526,0,0,0,0,0,0,0,26,138,18
"ZNF682",0.980166098821381,0.609181098951847,0.577713992535382,83.1808807692308,85.9562884057971,103.024222222222,11.3179645543412,6.03293965656167,13.8450182459217,46.9351,41.815725,72.7685,107.98515,105.7507,122.793425,26,138,18
"ZNF772",0.462872415597509,0.216322592810408,0.551752434447251,160.220788461538,140.713813043478,120.640177777778,16.6563716992473,6.24099243835204,21.5538409175956,124.631125,97.50265,49.80515,176.259375,164.714175,181.36675,26,138,18
"ZNF257",0.998647456432198,0.939624341424545,0.92770341245558,17.7990076923077,17.6071594202899,15.9320888888889,3.2901860325329,1.56994466065897,4.07401160068817,7.3243,6.95475,3.363625,19.406275,23.4021,19.678575,26,138,18
"ZNF785",0.0745962635558561,0.1778839878654,0.948640200432476,314.387730769231,262.719080434783,254.187961111111,27.5451225829478,9.20002804838648,15.6172478007723,214.992875,185.754225,216.804475,359.810125,320.729975,295.395075,26,138,18
"ZNF98",0.163768295895291,0.343172702141218,0.986982513933622,10.5208615384615,4.06071811594203,3.42167222222222,5.57426582181995,1.22025810006775,1.42514981525979,0.8744,0,0.090825,7.024125,2.862125,3.66985,26,138,18
"ZNF786",0.68107607383846,0.517837996604386,0.102489144947634,163.837403846154,153.986031884058,182.355411111111,10.1765770860865,4.57814257376884,16.1704280418402,136.708125,118.967275,137.79295,209.166525,183.896025,192.53365,26,138,18
"ZNF517",0.60378667756763,0.617254132892308,0.123879114890073,337.819365384615,314.288219565217,370.818127777778,22.6458525017329,9.67334275099311,28.9173216101338,261.867125,233.8319,286.63105,429.639925,381.796025,434.447825,26,138,18
"ZNF675",0.900605206821382,0.210749973634311,0.20828834911323,76.8524384615385,80.471565942029,97.0062888888889,8.18907241583483,3.25510127072944,9.21013017064302,56.83565,55.853975,75.2176,90.0897,97.838925,106.819325,26,138,18
"ZNF860",0.327197184685209,0.6987700575258,0.970626027584489,109.360219230769,87.0208413043478,91.2767944444444,21.2077571625326,5.58698518430184,15.3323336273667,37.435175,43.39235,46.525925,133.91085,121.961725,131.7801,26,138,18
"ZNF695",0.607303043616421,0.00906078585497039,0.0139849991607984,3.574,5.35943695652174,11.58835,0.627402139669238,0.676404702589552,3.97299747508223,1.532525,1.653775,3.040975,5.53465,5.59735,6.7493,26,138,18
"ZNF665",0.28190927875497,0.120887412536108,0.504050814412607,28.2398653846154,23.4008797101449,19.2398944444444,2.3592531326603,1.30778862326121,3.38479349612401,19.417875,12.22155,8.4228,38.095225,33.66365,30.34575,26,138,18
"ZNF624",0.621783261030519,0.29984154147136,0.562123711057279,91.07045,84.0839724637681,75.0629333333333,7.43989691213993,2.99873820207774,6.95722548011139,67.062175,59.181925,52.860175,107.947825,102.312,89.0156,26,138,18
"ZNF841",0.986587533857581,0.841663619779473,0.692234030801861,158.027469230769,154.050755797101,178.420233333333,14.350724943084,10.9715300606021,19.6898571154507,93.24395,86.196375,103.716275,202.7172,181.610425,220.056875,26,138,18
"ZNF615",0.911912203034651,0.49554145432643,0.555013834315702,153.951092307692,146.527055797101,124.486511111111,17.6830925473902,7.35198649612789,14.4904108899732,111.090175,101.69645,74.5038,173.865525,174.20295,159.243725,26,138,18
"ZNF433",0.626174308851588,0.0248753853052814,0.0419964335192181,141.937546153846,127.716462318841,83.7977611111111,19.477621761054,5.71100358035663,14.6236964053314,83.579525,85.67565,25.996225,160.49075,155.4508,131.16495,26,138,18
"ZNF595",0.99491186725698,0.600203085828174,0.516486338807437,107.1094,108.347167391304,124.910222222222,9.43392406900347,5.33796576615367,13.0204112182899,79.654525,79.416825,92.71685,134.2728,123.875925,141.533225,26,138,18
"ZNF460",0.00724854948125953,0.304679708786962,0.702747599993632,36.1904153846154,26.2788804347826,29.3242666666667,4.16120265125246,1.14878568253592,4.03067961609227,23.19165,17.23255,19.865125,49.7361,33.920025,32.223125,26,138,18
"ZNF81",0.516230624696459,0.969876022131604,0.793205561139991,100.968188461538,89.5455572463768,97.4551111111111,9.31278945922026,4.16652155218126,11.2660325172731,65.032825,52.1522,59.57395,132.893575,122.67255,140.334025,26,138,18
"ZNF780A",0.366268196589189,0.620782534452017,0.999849047358022,233.09625,251.53338115942,251.269672222222,12.4566026867907,5.43078457793956,14.621420003663,199.37225,211.8841,213.08905,261.75695,292.83265,283.035825,26,138,18
"ZNF461",0.959848937154031,0.970600056635024,0.998506835980196,85.7079461538462,88.1730347826087,88.7247,6.94456087227148,3.77360398254253,7.97650511111931,62.420125,65.48035,64.3528,111.95645,107.380275,107.658925,26,138,18
"ZNF181",0.802073474425952,0.461553371370708,0.632143756516948,158.811361538462,167.117863768116,181.174194444444,17.6959782032277,4.68193346346657,13.5361107658656,110.49795,141.1819,152.26825,184.636825,189.21445,217.44585,26,138,18
"ZNF44",0.904532869789178,0.992346648004905,0.973751536235131,274.497646153846,293.225650724638,281.926788888889,40.0633534836791,18.2856898733656,23.9408615746427,176.819675,206.79545,218.97285,294.23925,327.1623,341.1576,26,138,18
"ZNF790",0.817414549627661,0.878822235177529,0.99680253015568,91.4874307692308,87.7704173913043,87.2217944444444,6.88293642068953,2.21481566190343,8.8829453853282,63.058,70.895675,54.45085,113.859075,102.7368,113.2892,26,138,18
"ZNF677",0.0852978567230889,0.0382527685093748,0.455637363814231,32.9302730769231,24.3803413043478,18.7604111111111,3.61910549991636,1.60965696104193,4.11254893151563,16.36195,8.874825,4.340725,47.971725,37.5397,29.462,26,138,18
"ZNF823",0.514443268705945,0.690550862123601,0.997687724258291,161.123169230769,176.91361884058,178.00255,11.3627162801923,5.99992397850122,11.4867270132536,124.823775,135.61855,131.664225,196.20125,204.5718,219.11665,26,138,18
"ZNF311",0.422397278377946,0.247492498683153,0.647939558581464,23.4023153846154,31.0464202898551,37.3919333333333,3.84358457541392,2.51714129103898,7.19028327083409,8.640225,7.733625,15.412975,38.564025,40.389475,56.2312,26,138,18
"ZNF347",0.29517563874865,0.141144332720767,0.546148665466069,90.5199730769231,77.1948369565217,66.2291722222222,7.99566386229351,3.56778797682878,9.63539710945951,58.302225,44.993425,37.277475,130.8554,102.807625,92.2505,26,138,18
"ZNF273",0.988630032892591,0.995902373708274,0.971641016082192,117.890903846154,121.073285507246,115.156033333333,19.409805892142,8.94562151459725,22.4475653558938,53.266625,54.177275,62.298925,130.860625,140.2986,127.383725,26,138,18
"ZNF84",0.530928918167774,0.856659133473056,0.961099485644241,787.707296153846,883.319798550725,855.341633333333,63.3046661789925,37.5171841877881,76.1479556350069,580.511575,598.784725,668.66195,970.9388,1073.036075,1036.753575,26,138,18
"ZNF667",0.12323965971353,0.283239163983693,0.981707695077714,99.3893576923077,66.5684173913044,62.9903722222222,14.6090525451418,6.61937650613383,20.0005352416464,51.365725,4.081775,2.838075,138.16755,120.46535,85.69555,26,138,18
"ZNF649",0.353386077046646,0.30955907160517,0.811202921212119,127.395653846154,108.125116666667,98.0335555555556,16.5167040354603,5.24593996821917,14.654523107879,60.155225,70.031025,54.27055,157.58725,131.290675,131.8691,26,138,18
"ZNF248",0.990024084360973,0.842785590074127,0.705291922332338,525.492976923077,514.573889130435,590.224022222222,63.1187338702808,33.8871830985524,66.9804106048933,302.212925,291.646225,388.651375,652.571925,597.657075,739.4762,26,138,18
"ZNF544",0.987314799249751,0.990540423400629,0.99947611108568,390.128923076923,395.629203623188,396.935355555556,29.5599505479727,14.304498997064,47.1205727775459,318.620375,309.8348,253.9058,454.67205,484.6108,555.789125,26,138,18
"ZNF251",0.744643431895369,0.377929291329743,0.572684692858893,301.332803846154,328.313882608696,371.852677777778,24.4536452451695,15.5941398528114,32.8276996869838,218.241225,208.983075,276.999675,334.833275,379.952125,418.67235,26,138,18
"ZNF607",0.99037496557554,0.881371457541868,0.884123303994615,151.8021,153.367527536232,159.919,13.7885818419154,4.46656337380733,12.2945443860169,109.077725,115.30595,116.29855,188.672275,181.527925,205.365325,26,138,18
"ZNF334",0.997039467839294,0.566560795781849,0.464939414540446,323.45035,318.996136231884,234.782327777778,64.6865682518242,24.0977434353737,49.4679322086177,92.98335,135.756425,63.290025,443.79495,382.50645,386.6193,26,138,18
"ZNF485",0.584624884392682,0.00648606955576259,0.0103444466693796,33.8041307692308,38.6848326086957,55.68645,3.36976079207078,2.03008409898398,5.72673490982444,24.008275,26.91495,37.493325,39.280075,44.420025,68.762,26,138,18
"ZNF192",0.187970986116784,0.690638144245673,0.874845817691681,239.71135,188.129607971014,205.108433333333,25.0572277140808,11.8659712517653,32.0166931319169,137.782075,63.401175,90.88435,358.7517,281.935075,273.699675,26,138,18
"ZNF442",0.817612886222015,0.237409236248438,0.306223745215019,34.4161153846154,32.6366702898551,27.5568555555556,3.1265707569338,1.1523322169331,2.81680014416561,21.83185,23.101375,17.6171,38.900175,40.13645,37.9594,26,138,18
"ZNF813",0.664465825715362,0.72357381745749,0.97759851379468,46.2235076923077,40.8531384057971,39.3738333333333,4.22623329396802,2.59010225970474,6.59421149754685,28.44095,17.63755,24.8303,64.759475,57.728475,51.090625,26,138,18
"ZNF26",0.97784190546308,0.944331855490033,0.97308874046007,254.722965384615,260.907273913043,268.905977777778,26.0417309138331,12.941100008851,15.9061098405604,154.2205,170.475275,233.385675,292.9461,308.50575,299.449375,26,138,18
"ZNF69",0.629902526533466,0.998736490885775,0.749471946498346,127.792303846154,145.290589855072,129.102016666667,19.2477172830454,7.46495370685148,20.5940483692383,67.786425,86.010075,55.4173,173.775275,180.620425,166.8219,26,138,18
"ZNF583",0.92921708473467,0.94422403770626,0.760093612029165,44.6464269230769,46.3146260869565,42.5311777777778,5.1288252260684,1.65715485030004,6.46048848213111,31.534775,31.4232,27.56815,50.79005,57.98285,64.9246,26,138,18
"ZNF568",0.83442569323575,0.91991145198987,0.999907397162033,67.2681423076923,62.8485224637681,62.9656,7.11756271588953,3.13925715055504,6.6038491815615,42.50265,40.117225,52.030175,77.768275,80.05885,88.56295,26,138,18
"ZNF480",0.0736715071497702,0.129117472239075,0.870385840512906,314.613153846154,372.649408695652,388.166211111111,28.7105733156074,9.94066464517019,32.2323130338326,214.60855,296.1417,300.9227,383.370925,432.048275,472.500475,26,138,18
"ZNF587",0.476514521512917,0.866820511445249,0.241503935431633,424.185942307692,376.888592028985,453.888366666667,33.60315947722,16.2459243451027,49.4040273184666,292.82845,268.22605,271.8517,527.473575,456.69085,590.51415,26,138,18
"ZNF808",0.114755708825862,0.0369088753106449,0.379804368093311,273.700015384615,234.549041304348,204.029327777778,23.8694030016986,7.3325133767368,19.0827647151929,163.814025,174.657825,139.48045,343.90535,284.307425,233.05455,26,138,18
"ZNF43",0.506414521259042,0.999373826438136,0.582862561303888,338.605919230769,379.513734782609,336.831488888889,29.0548742456842,15.0099452065467,39.1174490444719,253.47075,265.990825,250.4907,418.819025,466.898675,443.351075,26,138,18
"ZNF28",0.684047563674803,0.843925504286057,0.999506014967252,319.603346153846,297.032980434783,297.985616666667,25.1447489461944,10.589352174442,34.0697636868978,229.768975,217.230775,200.4766,421.19945,380.574325,315.09475,26,138,18
"ZNF627",0.990594255457802,0.48408011600937,0.283947401144319,307.417596153846,304.659363768116,342.195116666667,14.0488913196073,8.54228436191019,27.4238874297814,242.85415,235.2143,279.439475,347.017325,355.0721,388.10995,26,138,18
"ZNF789",0.987200921446282,0.954885755322611,0.972791612784875,244.370253846154,236.398834782609,222.724388888889,55.1279616243521,20.8995471319511,36.8639102672069,74.46565,83.368625,134.3144,317.6382,270.617975,246.3527,26,138,18
"ZNF534",0.157421755157295,0.310640584107577,0.974668153547196,4.10120769230769,5.04350144927536,5.17252222222222,0.316819517120398,0.213238593032386,0.555222764370776,2.990025,3.325575,3.599075,4.976925,6.1038,5.84975,26,138,18
"ZNF525",0.865601558891012,0.707904197777424,0.855076798118939,163.402715384615,155.732016666667,146.366805555556,14.5765660859706,5.84838690083254,17.5493648848275,112.904175,115.473275,93.572775,221.117275,182.226025,215.632225,26,138,18
"ZNF814",0.999136843810421,0.982677902272513,0.981494837953725,222.707223076923,223.980910144928,230.925122222222,29.5408904357027,12.8651885043733,34.2882760230974,146.682675,126.31705,134.1624,260.147425,280.3442,256.98015,26,138,18
"ZNF551",0.992950811881246,0.905981946321051,0.906823779362218,61.9276692307692,62.9522586956522,67.4198666666667,5.69063582918943,3.69719583294968,11.5614766796399,44.325275,34.47,33.388525,76.304,86.359075,99.680975,26,138,18
"ZNF805",0.458926570281371,0.957594578472498,0.363748707046298,280.249203846154,258.583667391304,287.552922222222,17.8913965340229,7.29264758505407,15.9848212259953,213.548775,205.786275,231.2166,317.7527,289.268925,343.75855,26,138,18
"ZNF468",0.684167207179953,0.408571776738964,0.668404622547041,348.387557692308,325.233147101449,297.268211111111,30.277638644743,10.8070280072704,27.7082543680336,239.786175,246.655275,215.834325,420.7519,405.3025,327.48565,26,138,18
"ZNF616",0.908955443235044,0.935596562033704,0.715516617266523,118.401861538462,114.840892753623,122.666183333333,7.43675264240862,3.51811516380544,7.36501283260222,92.09285,87.224625,103.83765,144.66415,137.951025,129.82145,26,138,18
"ZFP57",0.387763151270602,0.975720102369367,0.66309109580633,5.49663461538462,10.1753724637681,6.57281666666667,1.56850911981795,1.56303667468739,2.32950409584644,0.796225,1.176825,0.355125,5.169775,9.434075,8.08525,26,138,18
"ZNF155",0.861183314965011,0.971640208833099,0.749593769640446,143.804446153846,150.786645652174,139.413327777778,10.4141631553827,5.4166721041514,15.9776426264213,109.770275,107.714025,80.53435,181.611775,185.810275,187.289825,26,138,18
"ZNF425",0.613663157193779,0.488881647921509,0.073322777253359,84.2418423076923,76.059997826087,98.4624888888889,8.07353955395825,3.18859586207624,14.0080532718173,50.901975,48.6851,59.3885,100.0767,97.537225,120.7738,26,138,18
"ZNF611",0.38737728838544,0.0443378666122686,0.163787998097069,421.234688461538,363.060208695652,268.501138888889,40.167928105499,18.2607573561969,30.4418008141166,274.56435,210.790775,159.6474,540.224575,465.7853,340.2537,26,138,18
"ZNF254",0.985803379130519,0.80978745594329,0.80922344508974,269.898276923077,273.62268115942,290.435844444444,19.962733453204,9.25095637194121,26.6482519495019,213.40845,210.01805,203.772,333.42525,332.170025,337.2688,26,138,18
"ZNF625",0.609021684617158,0.597700208239075,0.925820482810297,29.3341038461538,26.2242579710145,24.7899833333333,3.65015728766048,1.25324195080258,3.40911729010068,15.7638,13.480775,16.0026,39.4134,36.906,27.737425,26,138,18
"ZNF845",0.988106677758082,0.820975853290617,0.816556493546306,97.5398076923077,98.6460833333333,103.987777777778,7.32855691858158,2.9667427665224,7.98571883587962,77.488925,73.531675,76.272,118.74145,120.365675,127.2504,26,138,18
"ZNF90",0.977259281622677,0.957833450212873,0.863464055025302,237.113103846154,228.682256521739,253.662038888889,30.9126062827237,16.7652178988755,49.0092360785544,136.0565,112.268175,123.95785,273.231,274.804,312.172875,26,138,18
"ZNF788",0.702633448424201,0.109639708202044,0.175336777718565,67.8347192307692,60.7716536231884,42.2640833333333,7.16973928870074,3.66119579874345,7.52951567974459,38.905275,25.090975,16.7731,96.273775,88.9102,67.45975,26,138,18
"ZNF880",0.947580700853172,0.373168390170666,0.355159005818745,185.554515384615,177.229644927536,134.245355555556,26.1232854300742,10.5922039692773,26.377458188586,111.691075,65.82685,58.89195,253.99455,264.44325,167.2753,26,138,18
"ZNF630",0.895161024569764,0.888798840754198,0.61026689445081,54.0891884615385,51.5010717391304,57.9188388888889,6.57755743804019,2.25963201436325,4.35090805162201,30.6838,35.8596,46.29045,66.220625,63.53895,67.112225,26,138,18
"ZNF844",0.799690170384823,0.0318356421212398,0.0298731215647573,212.518807692308,195.242181884058,113.770661111111,24.1438527745237,11.1010141777652,23.4477360258118,129.6427,112.219,25.035475,264.136725,263.76215,152.34805,26,138,18
"ZNF717",0.0289152834328849,0.0895394669039481,0.919487436466068,69.8765807692308,52.2103666666667,49.0732111111111,8.62526911572132,2.55464382371807,6.3552573032194,37.867175,28.6041,24.597375,81.87,71.70355,65.7719,26,138,18
"ZNF492",0.963971421327115,0.984769290369316,0.905600970527343,3.39439615384615,3.66424637681159,3.14412222222222,0.715503955468952,0.449749694746575,0.642473734645638,1.095575,0.643125,0.411525,4.36225,4.585475,4.8974,26,138,18
"ZNF688",0.742566626330736,0.672390885588936,0.220451529455444,490.739884615385,530.923174637681,424.157811111111,46.2801789776194,22.9214380932779,34.0544784042618,325.57705,362.483775,290.5715,553.485625,645.053525,521.162725,26,138,18
"ZNF879",0.981083541817704,0.951816946540163,0.976552180002458,53.2946038461538,54.2995217391304,55.6125166666667,4.9788583954294,2.18546991188207,5.02819466990367,37.3711,38.34285,45.0616,71.6013,62.59885,70.0603,26,138,18
"ZNF737",0.797375420803483,0.983001713261349,0.941233279000372,280.380846153846,306.810662318841,290.800838888889,25.9260672053124,17.8228440146508,25.8274581835891,179.2028,184.543825,222.836825,389.95905,376.108125,367.012175,26,138,18
"ZNF709",0.977796871114408,0.453528495269176,0.23042016445883,103.6031,105.070806521739,91.0665277777778,7.03220668935544,2.85755219772725,8.20016000017984,78.514125,81.556375,71.95935,120.361175,128.2418,109.71525,26,138,18
"ZNF585B",0.169934522972,0.320439047283944,0.972476221748779,68.7580846153846,57.1928413043478,55.5054222222222,5.31895388314626,2.54042218557785,8.05857431010438,53.96415,34.74875,34.817075,84.438275,75.042475,88.227375,26,138,18
"ZNF324B",0.53012777767606,0.325300379643423,0.0222356134104342,110.579511538462,104.420639855072,122.356244444444,5.27144008236934,2.20815642668522,7.67646471776897,89.805175,86.7077,102.1865,128.555325,121.163675,139.1109,26,138,18
"ZNF564",0.139991296153289,0.611150503225139,0.886893576280892,217.104088461538,244.281036956522,236.477272222222,11.9043838873589,5.85789603763451,13.4672759343194,172.8041,204.3057,212.246675,247.901325,271.132725,248.180025,26,138,18
"ZNF674",0.655461469691236,0.149442972590597,0.273036726155824,43.0136153846154,47.4064586956522,56.47005,3.2670591718203,2.1403915555175,3.91487618692732,30.214725,34.069825,49.84345,52.120225,54.680575,63.744775,26,138,18
"ZNF432",0.950070573976583,0.974748565719717,0.999993367123714,96.5870769230769,91.8236028985507,91.7600777777778,10.354662911896,6.75154146201964,8.95790723121073,57.47565,49.695325,64.366425,120.50405,115.743275,130.32255,26,138,18
"ZNF10",0.960282957421809,0.896077635559558,0.717331190709052,246.241907692308,255.404638405797,224.611733333333,21.5933494232111,14.6089007684273,20.8512043272187,187.4395,142.384275,170.72855,292.47365,305.350575,274.373725,26,138,18
"ZNF486",0.868057222425137,0.822570641334723,0.952724481007455,159.601184615385,138.804387681159,124.549072222222,28.4246024656257,17.3574756895135,34.7515717172636,52.811425,30.27075,20.6528,218.9119,177.56195,178.78975,26,138,18
"ZNF225",0.836927963624979,0.875812194612031,0.524229025991138,62.4872576923077,59.7474188405797,65.8779333333333,4.11169534043178,1.89978872482615,6.17513082569995,48.682925,45.770475,44.67035,76.192675,69.878625,88.3153,26,138,18
"ZNF350",0.629807413020412,0.462744098416156,0.781890426132803,152.784061538462,169.067671014493,182.977505555556,15.2908623821107,7.25877522162361,16.6415527749212,112.5138,129.075775,150.940975,167.43245,189.2707,219.878975,26,138,18
"ZNF253",0.935628783855197,0.805378130467609,0.885025428066705,142.350103846154,147.367260144928,155.337283333333,15.070448534618,5.72111725416223,12.7656354245899,104.7741,105.8179,116.471425,174.006125,165.8414,178.032575,26,138,18
"ZNF878",0.338617166644008,0.535649422096476,0.994044762586582,6.10560769230769,4.42882753623188,4.28358888888889,2.1084931834765,0.362270266138549,0.763354333339395,2.09045,2.26805,2.6009,6.0126,5.069875,5.5561,26,138,18
"ZNF727",0.073389381102572,0.0358767265655558,0.470994909848409,14.4314884615385,8.22065652173913,4.34518333333333,3.02278445687379,1.1450556246436,1.1408524603232,3.0825,0.497175,0.367775,24.47105,10.716925,8.875225,26,138,18
"ZNF578",0.633547207849718,0.238550096158217,0.4499614501243,62.4383346153846,53.7259963768116,40.1959,7.07376653572021,3.9663227638502,9.49336263641104,35.4293,20.8035,7.4631,91.146625,70.881575,61.167425,26,138,18
"TRIM28",0.0803434755973484,0.0309743895358315,0.4111243119655,3443.05325,3972.78752971015,4338.71160555556,178.900966891991,100.404332225735,276.296008915764,2748.7293,3298.03285,3498.74505,3786.9711,4488.478275,4934.105425,26,138,18
