"meanHealthy","meanTumor","medianHealthy","medianTumor","Q1healthy","Q3healthy","Q1tumor","Q3tumor","SEMhealthy","SEMtumor","foldChangeMean","foldChangeMedian","log2FoldChangeMean","log2FoldChangeMedian","Gene.ID"
311.584713461538,377.937813078471,301.11035,366.0629,250.318625,352.05255,307.2579,433.9623,12.9030917618845,4.69462070130282,1.21295364230095,1.2157101208909,0.278524413359866,0.28179926742562,"ZNF195"
700.941219230769,832.701676056338,663.6972,794.535,630.724075,743.940275,703.7676,933.2941,17.2913925514542,8.84717306069825,1.18797647108008,1.19713477772695,0.248506262576188,0.259585585207338,"ZNF263"
166.445811538462,183.091236820926,163.50865,176.2144,138.61105,179.36985,148.9325,208.5745,4.76664311086876,2.26779150403296,1.1000050714921,1.07770689807542,0.137510175204146,0.107964864370918,"ZNF200"
74.0681557692308,85.5970426559356,72.7837,82.4842,60.365425,85.019725,69.4651,97.9163,2.92112159353411,1.24638789397961,1.15565240914901,1.13327846756898,0.208707537108685,0.180502401686947,"ZNF582"
81.9690423076923,120.06252917505,77.25245,115.4213,63.385725,94.19605,89.6694,139.7059,4.81204848067088,1.83444140360592,1.46473016879182,1.49407947579656,0.550634917206916,0.57925689263045,"ZNF285"
1119.63438846154,967.479532394366,867.32745,956.7142,705.3537,962.889625,809.9768,1123.3553,113.661980560466,11.299550159077,0.864103087905111,1.10305998040302,-0.21072465803371,0.141511241588639,"ZNF275"
476.038215384615,502.553475251509,479.1218,505.7682,388.282425,546.700975,397.8076,609.7804,16.9848639121554,6.98253011515495,1.05569985562077,1.05561508576734,0.0781997226160682,0.0780838734409022,"ZNF37A"
337.329730769231,310.519709859155,330.88445,306.8482,275.49935,389.702875,254.0926,363.353,9.93476786290642,4.32607255559716,0.920522804648913,0.92735757150268,-0.119474632142854,-0.108802372900961,"ZNF510"
446.441955769231,486.6108861167,443.8917,476.2316,398.40155,493.256025,412.5279,554.0821,11.0272432318645,4.69989420635819,1.0899757064236,1.07285538341897,0.12429598031158,0.101455619724071,"ZNF506"
191.863507692308,196.36760221328,192.7537,193.6855,166.4074,215.264975,167.6906,221.9048,5.44226384586556,1.9667663214729,1.02347551431299,1.00483414844955,0.0334765876551425,0.00695739896168579,"ZNF324"
196.081851923077,147.816096780684,192.23235,148.5116,150.418,233.608025,96.4028,195.507,9.50175672535872,3.28086863942044,0.753848942831652,0.772562994730075,-0.407652631420863,-0.372275519825926,"ZNF671"
129.085307692308,122.079900402414,129.61255,120.5273,114.3006,143.766775,103.8534,137.0952,3.68054944609083,1.30525696201831,0.945730405612143,0.929904550138085,-0.0804991141958829,-0.104845456203844,"ZNF416"
222.487594230769,208.582176257545,219.40485,198.2627,181.6991,251.01595,168.5966,239.4458,7.84472153760186,2.53893100969508,0.937500254693748,0.903638638799461,-0.0931090124497678,-0.146182134456753,"ZNF586"
359.145719230769,481.614602816901,347.1885,443.5761,307.78795,414.523025,371.2755,543.3128,10.0397494196938,7.82498497621691,1.34100053830083,1.27762325077011,0.42330981636527,0.353462472922457,"ZNF446"
62.6847865384615,65.528714084507,64.1132,62.5624,50.130075,73.823425,50.8985,77.1447,2.51576827692661,1.02976597677687,1.04536870432351,0.975811533350387,0.0640118744419019,-0.0353255599641924,"ZNF8"
773.315288461538,774.838392957746,783.88765,772.4888,649.075275,912.55475,663.9065,894.2696,22.7023462196149,9.24289013528917,1.00196957763403,0.985458566670874,0.00283870527681558,-0.0211328800519498,"ZNF264"
557.171709615385,635.458572434608,542.55785,613.8794,445.8226,652.798225,524.8741,718.3571,18.6545777293139,7.87194647270769,1.14050760558763,1.13145427717984,0.18967606743652,0.178178285516248,"ZNF213"
241.294719230769,264.281147484909,233.87055,258.4081,210.51505,274.027775,228.107,296.4371,7.23318014356227,2.52767017047055,1.09526287325068,1.10491936671804,0.131277171580085,0.143941090448773,"ZNF343"
566.614211538462,647.27100362173,533.32675,634.3745,487.5361,645.74615,527.5946,734.6362,17.737308888317,7.83289500894702,1.14234869235678,1.18946686998168,0.192003088484633,0.250315089183167,"ZNF302"
433.898361538462,343.568557746479,449.0458,337.2598,358.72035,498.375825,266.2454,419.5584,14.4164585572596,5.60117819536119,0.791818057409337,0.751058800683583,-0.336759126486454,-0.413002233574213,"ZNF268"
201.933701923077,208.103810865191,201.016,206.5693,171.49515,226.118425,167.9956,239.3594,5.35374613944217,2.52869454985989,1.03055512221761,1.02762615911171,0.0434216736526687,0.039315520867512,"ZNF184"
295.801978846154,314.001702615694,303.4533,307.047,260.873225,342.67235,259.4197,361.7415,8.30532495613513,3.86177684717762,1.06152671405557,1.01184267892292,0.0861406781208686,0.0169849975607242,"ZNF500"
165.857865384615,240.326073038229,156.2173,227.0838,133.98675,187.411675,180.6002,285.5163,5.76169743154339,3.68509960394473,1.4489880988214,1.45364053789177,0.535045745452565,0.539670557898717,"ZNF419"
169.714976923077,142.853022736419,167.56045,141.1876,146.957475,194.145075,115.1936,168.8274,5.44414902838821,1.98974227674728,0.84172313679285,0.842606951700118,-0.248582321049067,-0.247068276373957,"ZNF175"
260.887625,245.375185110664,246.68935,242.1299,214.33905,300.90075,207.1307,274.7391,8.90814571257042,2.60447695113183,0.940539763473503,0.981517442889205,-0.0884391566111271,-0.0269141883307637,"ZNF14"
92.4627307692308,118.348601207243,88.5063,112.2145,77.357425,101.03905,91.7526,136.1685,3.26012118123412,1.85723673904579,1.27996004684978,1.26787019681085,0.356098778107089,0.342407051468629,"ZNF85"
1306.55306153846,1473.80279195171,1153.4545,1256.2104,724.9472,1876.891025,769.9243,1910.4116,90.348928653985,44.5890997622978,1.12800837205671,1.08908535187127,0.173777775431631,0.123117022829989,"ZKSCAN1"
478.298075,729.614200804829,445.30495,642.7916,359.020275,544.907875,503.8432,875.1493,23.7527387101482,17.2115167782816,1.52543829662043,1.44348631202056,0.609223824649386,0.529557427162613,"ZNF862"
43.4251519230769,35.9374583501006,41.66845,34.8582,35.75465,48.5293,29.2867,41.6269,1.94836854550707,0.493682286979522,0.827572426545796,0.836560995189406,-0.273042517292556,-0.257457361259516,"ZNF684"
165.029225,112.976104225352,166.83325,113.8329,104.8553,206.554475,80.9031,143.3428,8.99195268873869,2.38821550034339,0.684582407905946,0.682315425731981,-0.546703875798376,-0.551489261886979,"ZNF430"
209.850923076923,201.136053722334,197.6943,195.0391,175.9246,245.3945,158.5661,234.2864,7.35097099102421,2.90081284785732,0.958471141194864,0.98656916259093,-0.0611931007423351,-0.0195079014860672,"ZFP30"
200.225042307692,226.782762374245,195.67915,223.3288,172.71175,224.78875,185.6502,261.38,6.00466458607741,3.00582802005538,1.13263935300231,1.1413009510722,0.179688561545029,0.190679267848828,"ZNF549"
248.205678846154,227.005559959759,226.74585,218.4021,195.56395,286.170975,180.1465,258.21,9.87169004003575,3.25082186132461,0.914586487364232,0.963202193116214,-0.12880849080549,-0.0540894179119615,"ZNF211"
280.079328846154,403.227746076459,263.8147,367.7533,218.71015,323.476425,281.5317,465.0148,11.6417629215504,9.01296423701797,1.43969120369447,1.39398335270931,0.525759404256288,0.479213332291605,"ZNF205"
282.927321153846,259.707069416499,281.4471,266.0473,244.190925,320.103925,223.7199,299.3767,7.43968989240198,2.58584599340914,0.917928563269714,0.94528350087814,-0.123546212954962,-0.08118102060946,"ZNF45"
298.736823076923,317.983020120724,294.3983,301.6529,246.765575,343.889725,237.7363,375.5783,10.0667421503215,5.31243566644507,1.06442525847858,1.02464212599054,0.0900746505812162,0.0351201114750017,"ZNF133"
712.513532692308,622.753671629779,682.92725,603.8216,593.1951,774.61415,512.5984,714.8091,24.1329320603322,8.29022535343384,0.874023640332329,0.88416679814724,-0.194255793045962,-0.177609535044237,"ZNF436"
82.2709076923077,64.2392983903421,82.0975,63.2569,61.6569,96.93175,49.0631,79.1367,3.66053503085725,1.08774985486322,0.780826420812037,0.770509455220926,-0.356926224709912,-0.376115434167232,"ZNF484"
368.631501923077,354.930935211268,373.60565,347.3679,290.442925,423.610175,270.8457,424.3573,12.3984065305977,5.54668610666459,0.962833977453538,0.929771538519292,-0.0546410409033771,-0.105051831071285,"ZNF780B"
175.483801923077,168.349870221328,168.9967,165.977,138.412525,206.1333,146.0691,190.5695,6.79552138417162,1.63504893714489,0.959347064381041,0.98213160375321,-0.0598752593316183,-0.0260117390227118,"ZNF557"
443.348942307692,493.678112273642,412.2697,464.5334,344.93675,531.66975,368.3969,578.9332,18.7553091865506,8.61903084819277,1.11352044668017,1.12677065522885,0.155128049417353,0.172193896845456,"ZNF337"
655.261692307692,640.066391750503,657.95265,644.5725,591.432725,704.87505,572.3039,706.6745,12.0492541309181,5.00943087191084,0.976810332824929,0.979663962140741,-0.0338496334682315,-0.0296411245269367,"ZNF317"
156.398934615385,121.643534808853,164.73235,118.6424,116.849125,200.9061,76.3524,156.2007,7.96657864955743,2.83595901208492,0.777777259851534,0.720213121466427,-0.362571040083115,-0.473504210851951,"ZNF426"
1155.66333076923,795.625129778672,910.6991,725.1167,709.81265,1384.593375,591.7215,925.2329,129.296067081276,14.859568873047,0.688457536546642,0.7962198491247,-0.538560421940088,-0.32876125777507,"ZNF331"
340.819507692308,408.472324346076,340.7035,404.7502,289.81465,385.864875,351.1296,462.8884,9.09006686817759,4.15884894124391,1.19850042361673,1.18798368669532,0.261230418915831,0.248515025292426,"ZNF227"
73.4037980769231,88.0646018108652,71.9588,80.5277,60.20995,85.25465,64.7126,105.6441,2.69782461087809,1.60455485955198,1.19972813557383,1.11908064058878,0.262707520921052,0.162314000197886,"ZNF141"
363.242957692308,352.25903501006,365.3756,337.7442,331.986675,405.4743,268.2091,419.0193,9.11116685972572,5.8970858051199,0.969761498606804,0.924375355114025,-0.04429811777887,-0.113449298440477,"ZNF304"
167.617126923077,146.93816861167,172.63005,146.7752,136.478025,200.6657,115.83,175.8794,5.08031677946135,2.04233309095508,0.87662980095765,0.850229725357781,-0.189960370892439,-0.234075396158929,"ZNF132"
126.920976923077,121.634026760563,124.7837,120.5899,107.99295,143.37455,104.2727,136.5232,3.8927724071952,1.18219334760776,0.95834455193551,0.966391443754272,-0.0613836560446721,-0.0493204135148564,"ZNF20"
57.3542557692308,67.6605730382294,57.2986,65.5995,42.58255,69.179275,52.7956,79.2592,2.63696428919111,0.997767384662678,1.1796957720185,1.14487090435019,0.238414855528083,0.195184929192166,"ZNF670"
79.6916923076923,64.3234118712274,77.58855,58.6705,56.95415,99.8944,37.7303,86.077,4.16808239432671,1.68153840064061,0.80715329300415,0.756174719079039,-0.309085401489772,-0.403208477867136,"ZFP37"
620.976553846154,654.135491750503,597.5886,634.0527,550.43465,674.664275,545.8808,737.3862,15.0180366066401,9.00124812720057,1.05339805134183,1.06101873429312,0.0750506957967615,0.0854501299879924,"ZNF189"
299.919494230769,324.287770422535,303.36105,318.731,274.01315,324.345275,279.7428,354.9748,5.96351200298947,2.96320016362057,1.08124939078824,1.05066553534147,0.112699319887362,0.0713034806231348,"ZNF434"
183.580269230769,157.774815492958,179.96055,158.8331,151.62615,203.8463,134.4008,179.7116,6.20744990095347,1.56906945620946,0.85943231347279,0.882599547511941,-0.218544073406716,-0.180169087209138,"ZNF287"
0.00781730769230769,0.0289804828973843,0,0,0,0,0,0,0.00781730769230769,0.00683464737597064,3.70722044443785,NA,1.89033790545687,NA,"ZIM3"
240.83435,212.159571629779,236.11025,209.8895,205.94095,276.224,169.6539,248.419,7.81220972146264,3.00445901103528,0.88093567894189,0.888947006747907,-0.182891409520552,-0.169830677385488,"ZFP14"
211.96815,266.390064788732,195.86195,216.031,167.357975,227.27025,181.0669,276.9283,10.4028876893869,8.18216577429699,1.25674571764075,1.10297584599765,0.329692773060351,0.141401197782464,"ZNF473"
561.626740384615,797.819381287726,520.1921,695.3986,374.900375,654.90735,494.6195,989.4202,32.6724693558398,20.1613945051682,1.42055091739642,1.33681115111129,0.506450543571662,0.418795672911695,"ZNF614"
973.810832692308,912.590798792757,938.99985,901.236,885.0806,1025.488225,770.8543,1029.3841,24.6742245418375,10.3798008729699,0.937133546019102,0.959782900923786,-0.093673441398941,-0.0592199840339227,"POGK"
203.334088461538,251.272468812877,192.1248,232.3324,155.22495,227.451775,173.4796,302.6981,8.73965065955417,5.34888634611036,1.23576165075934,1.20927855227435,0.3054005082689,0.274146601656688,"ZNF514"
98.3374384615385,123.01115331992,97.0783,110.2167,69.6812,116.23145,77.1004,148.6349,4.8650621224885,3.14416422162156,1.25090865945254,1.13533817547279,0.322976448683702,0.183122087303827,"ZNF300"
411.480925,445.841079678068,396.92495,430.9194,349.439825,472.444175,363.3713,520.2888,12.1783817345518,5.98022820756819,1.08350363914942,1.08564452801468,0.115703999000576,0.118551799624491,"RBAK"
189.136196153846,210.91802917505,172.11275,202.8652,143.30755,224.754875,157.0071,257.234,10.2439057796705,3.59432276260621,1.11516480432696,1.17867618755728,0.157256934195391,0.237167427588111,"ZNF92"
3.82915576923077,1.16377243460765,3.508,0.8425,2.402475,4.83015,0.2645,1.6517,0.307121946837673,0.0569965422111397,0.303924025227481,0.240165336374002,-1.71821737031828,-2.05790015637551,"ZNF157"
144.428373076923,151.785228169014,142.6666,144.9465,121.76115,161.785475,118.4973,176.1811,4.05882616017429,2.14402676091681,1.05093774121635,1.01598061494421,0.0716772048862927,0.0228728755444734,"ZNF182"
242.570773076923,224.153657142857,225.8038,218.3794,201.4865,270.369375,180.2472,252.9528,9.52534222498833,2.91195922209238,0.924075288624217,0.967120128182077,-0.113917695518919,-0.0482329936355074,"ZNF673"
254.225755769231,221.9832,261.2042,221.7853,214.60545,295.85205,171.3096,266.3694,8.65590527186982,3.90922198198374,0.873173527710944,0.849087801804106,-0.195659702555759,-0.236014348320145,"ZNF41"
367.020867307692,466.585424949698,366.82965,437.4481,315.866975,408.126575,363.8927,525.884,9.56882529669778,7.37153528040507,1.27127764797781,1.19251020194251,0.346279150418452,0.254001608561108,"ZNF7"
75.9923576923077,55.4670022132797,73.2209,55.8282,60.398975,90.065425,39.9408,72.7988,3.24752773092352,1.05007693040709,0.729902373049998,0.76246263020531,-0.454224583409115,-0.391261464916152,"ZNF214"
35.0524961538462,25.3948052313883,34.55175,20.9953,22.20975,44.1397,8.7865,34.9658,2.21404772723712,0.962244156701853,0.724479224530258,0.607647948367304,-0.464983775839345,-0.718692380178329,"ZNF215"
44.8348942307692,67.0135136820926,42.1476,60.7586,35.902175,48.717175,45.6085,77.6317,2.23345886902491,1.42723434109275,1.49467317436209,1.44156725412598,0.579830058822371,0.527638145144066,"ZNF547"
134.000817307692,152.480293762575,132.4039,151.0989,114.721025,152.1307,131.1742,172.2512,3.96277166231762,1.6905616198674,1.13790569957831,1.14119674722572,0.186381003700917,0.19054753989767,"ZNF773"
500.169132692308,508.0203722334,493.9394,501.3396,403.708375,567.3113,420.1857,599.2514,17.5619313791261,7.21459638184322,1.01569716927318,1.01498199981617,0.0224703258195278,0.0214541421826543,"ZNF776"
112.907061538462,108.728268410463,112.6877,104.7352,96.981575,128.7098,88.9306,120.4673,3.1979428105182,1.55360550876952,0.962989089689707,0.929428855145681,-0.0544086419273711,-0.105583659281935,"ZNF256"
126.904276923077,153.754961569417,124.021,148.6014,111.013325,142.971975,122.8171,173.9377,3.18596470023025,2.29788408116264,1.21158218853897,1.19819546689674,0.276892274352405,0.260863280513551,"ZNF599"
215.486926923077,274.089339235412,214.65965,248.9078,167.69805,255.040725,189.3355,325.7301,8.70664446201445,5.72565785540751,1.2719534458499,1.159546286412,0.34704586820829,0.213560410190249,"ZNF18"
205.578361538462,193.236361167002,206.8499,186.2981,182.0722,233.036075,156.5511,220.9535,7.08367731697984,2.57823541492929,0.939964496851239,0.900643896854676,-0.0893218287183156,-0.150971299384822,"ZKSCAN2"
179.879076923077,136.576429376258,182.91985,141.98,155.653325,213.8204,103.7277,174.3363,6.22841854149178,2.47499982186959,0.759268013336886,0.776186947452668,-0.397318863712581,-0.365523922268558,"ZNF689"
78.5952788461538,63.9700575452716,75.42775,64.4604,64.373375,90.737475,50.914,75.2797,2.64540594939159,0.915996405297561,0.813917305013825,0.854597943064721,-0.297045872517404,-0.226682250292744,"ZNF19"
108.450388461538,91.5138587525151,104.8443,89.5649,93.804075,124.812625,76.6926,105.0988,3.20025969118964,0.93301601411599,0.843831544088661,0.854265801765093,-0.244973075533854,-0.227243065762475,"ZNF230"
60.9243307692308,61.5097963782696,59.3997,61.3693,50.324575,71.440325,51.9165,69.9976,2.09801397316853,0.659570480042883,1.00960971752413,1.033158416625,0.013797701483417,0.0470614830089445,"ZNF222"
19.1335134615385,15.2249064386318,19.41615,13.6337,11.662425,24.9922,8.3428,20.0228,1.34396270057175,0.450349330806451,0.795719326157027,0.702183491577887,-0.329668455786551,-0.510080016211671,"ZNF221"
82.0623346153846,127.422187122736,69.12875,124.6305,52.315275,101.7983,93.8176,154.6521,5.79122751114314,2.26175397454689,1.55274874545,1.80287507006853,0.63482440215345,0.850299428918259,"ZNF233"
90.5118192307692,105.784199195171,86.84925,101.7592,77.32525,99.4132,83.9858,122.533,2.92706737235805,1.46589213722294,1.16873354324548,1.17167620906341,0.224946050779703,0.228573938260063,"ZNF235"
38.45645,28.2170243460765,35.1694,15.0824,22.706,50.05415,7.4083,25.4742,3.2249559462464,2.98248094356389,0.733739706761192,0.428850079899003,-0.446659735313726,-1.22145470540884,"ZNF208"
139.308607692308,160.941075251509,131.07205,138.4733,95.85415,173.24775,93.7012,214.6307,9.22300822261387,4.29480678769535,1.15528450048816,1.05646703473395,0.208248173633399,0.0792477511177746,"ZNF714"
491.762488461538,474.795187726358,465.2064,456.3989,415.347375,564.946775,387.3371,527.5437,15.4343780203061,5.73285528877966,0.965496960151918,0.9810675433528,-0.0506563780010861,-0.0275756300986247,"ZNF394"
211.031296153846,185.874900201207,218.30765,182.5957,171.334675,236.3317,146.6072,218.8629,6.51648192305819,2.38794934212427,0.880793055764111,0.836414573653282,-0.183125000251852,-0.257709895281553,"ZNF333"
32.3425076923077,40.1798641851107,31.15545,38.7822,24.71735,37.666525,29.2445,47.731,1.59916517238872,0.897816818348089,1.242323711178,1.24479665676471,0.313041144299825,0.315910090697464,"ZNF382"
271.721192307692,447.115082092555,262.7625,405.2565,206.558675,303.502225,300.2755,547.7607,12.9500854861708,9.42200631123471,1.64549212483305,1.54229199372057,0.718519121879164,0.625075928685428,"ZNF577"
349.049492307692,468.892202615694,356.7339,450.0637,287.65635,393.719475,384.4891,532.3555,10.0886487953505,5.64519333233761,1.34334016507424,1.26162301928693,0.425824675074514,0.335280888567092,"ZNF75A"
308.597405769231,291.730993762575,309.0184,289.2893,254.255825,361.995975,216.5103,348.4955,10.4203751683526,4.74907925035208,0.945344932616614,0.936155581674101,-0.0810872663181241,-0.0951797806159034,"ZNF496"
108.854032692308,114.269193561368,105.63195,113.0215,90.95,127.1044,98.6573,128.1006,3.13973207577053,1.12346999470783,1.0497469936127,1.06995563368848,0.0700416564213091,0.0975509757062017,"ZNF2"
797.227767307692,973.84893501006,753.2248,814.2645,586.4548,929.91525,583.2377,1199.1363,41.1501349413785,26.5066760595956,1.22154417463259,1.08103782562656,0.288706036647347,0.112417004006074,"ZNF589"
0.0833423076923077,1.73097847082495,0,0,0,0,0,0,0.0384950310544558,1.5547265344429,20.7695049339834,NA,4.37639492311618,NA,"PRDM9"
707.958632692308,655.344933400402,691.566,634.8439,602.406525,812.015775,555.7877,744.4432,18.1388099463123,7.52671463389965,0.925682523155598,0.917980207239801,-0.111410610692214,-0.123465047157672,"ZNF12"
226.202953846154,228.23285472837,221.9777,218.0695,189.027425,255.10275,187.512,260.9506,6.77337662944262,2.82362624437147,1.00897380360292,0.982393726937436,0.0128887176526239,-0.0256267464605683,"ZNF202"
632.698646153846,869.288860160966,613.5827,839.0486,544.07175,691.094225,703.9374,988.8039,20.6907981762796,10.5699120604801,1.37393823338384,1.36745804599771,0.458317147974202,0.451496571402089,"ZNF3"
310.579757692308,383.863650100604,303.2631,366.2618,260.130075,346.617075,298.8883,443.522,9.53231877468224,5.89677146813541,1.23595836687109,1.20773612087986,0.305630147028512,0.272305273632871,"ZNF606"
510.941932692308,544.524531991952,517.7804,529.5256,404.678025,588.3774,435.0962,642.191,18.854386868191,8.31525569135087,1.06572684125315,1.02268374778188,0.091837705198868,0.0323600785679415,"ZNF91"
359.583844230769,427.236398189135,328.1267,418.9304,288.291575,409.89555,346.4173,492.6943,13.89680984481,5.27079943280148,1.18814125006948,1.27673365197041,0.248706358580786,0.352457586074247,"ZNF226"
185.197582692308,233.550849295775,176.57815,227.3497,150.95305,218.0435,171.1377,282.8755,8.3544384889706,4.0397903268849,1.26109016057624,1.28753019555364,0.334671423617241,0.364606267219867,"ZNF229"
206.593855769231,216.902050301811,206.5262,201.9231,177.75755,225.25515,166.5574,247.6074,6.23815433295944,4.44534561030198,1.04989593951959,0.977711786688565,0.0702463421973548,-0.0325188497458169,"ZNF180"
138.345796153846,122.99253501006,136.73045,121.3626,97.694275,177.8069,77.2219,164.0321,7.3822003664929,2.90691888175364,0.889022568298987,0.887604772748133,-0.16970805180559,-0.172010669802246,"ZNF641"
136.753434615385,194.113284305835,133.23405,182.6426,96.70395,158.236075,140.7286,235.9914,7.56479617912794,3.53872474843084,1.41943992011443,1.37084026193004,0.505321786161767,0.455060469915305,"ZNF610"
349.501892307692,375.946790140845,334.10665,357.2331,291.18605,413.826875,297.4699,442.5963,12.3435066292767,5.45888974489844,1.075664534056,1.06921876592399,0.105228216821816,0.0965570637447873,"ZNF528"
135.7531,129.300865593561,142.15775,130.078,105.13335,163.321825,98.4316,154.0453,5.05255872938194,1.98139628917864,0.95247081351042,0.915025737253157,-0.0702532099967997,-0.128115771725335,"ZNF701"
44.6005596153846,50.1828241448692,45.10465,48.4452,36.845875,52.18755,39.4655,59.4771,1.56455861559448,0.697735542729877,1.1251613113742,1.07406220866363,0.170131851607957,0.103077555270631,"ZNF283"
319.656330769231,326.28568470825,326.6046,317.8259,280.815475,364.8207,267.4095,381.1999,8.55594181561511,4.22274360344224,1.02073900405184,0.973121321622537,0.0296140261618103,-0.0393084140413055,"ZNF558"
44.2726096153846,41.3323782696177,42.4072,39.0405,36.452425,50.1304,29.9556,49.6091,1.61261358698295,0.744312264360528,0.93358802719537,0.920610179403498,-0.0991420355737036,-0.119337700018641,"ZNF597"
95.0112076923077,239.608060362173,87.62525,177.3585,76.19345,107.664825,125.7461,268.2686,4.63891031070694,9.07850576235188,2.52189258701079,2.02405699270473,1.33450682939851,1.01724991351783,"ZNF30"
184.387951923077,198.666510865191,184.84215,190.3855,153.733125,208.777075,160.8974,225.5103,6.54304235246552,2.64789451506229,1.07743759173631,1.0299896425139,0.107604306715715,0.0426298298658056,"ZNF354A"
175.008019230769,221.407799396378,170.98905,212.1569,151.207775,186.46785,184.6212,248.6211,4.6223571892268,2.49805958836546,1.26512945160773,1.24076307810354,0.339285013091379,0.31122766125658,"ZNF764"
343.451930769231,317.112181287726,333.82765,319.659,313.669175,365.091825,279.0901,354.085,6.99891548462773,2.88568043837072,0.923308774469513,0.957556990860404,-0.11511489782819,-0.0625697405026371,"ZNF747"
88.1630153846154,78.0993261569416,85.6891,69.0877,67.385875,111.42975,48.0395,94.1612,4.41198344275402,2.0192767024872,0.885851349528253,0.806260072751377,-0.174863467541533,-0.31068281550419,"ZNF778"
351.152184615385,412.458652313883,347.1831,402.444,302.4072,397.777075,356.4979,459.7043,8.90849495202313,4.00645470401427,1.17458660485239,1.15916932592629,0.232153090348603,0.21309132374839,"ZNF212"
843.317998076923,1092.05778410463,797.31115,1075.5814,705.553325,985.9873,954.3749,1208.5483,24.6792357588644,10.1035950245325,1.29495372634632,1.34901085981301,0.3729005458165,0.431901962322735,"ZNF282"
564.033121153846,523.050084909457,575.41885,515.1515,492.9633,638.112275,446.5759,581.0023,13.3392081959838,5.50869373911577,0.92733930915165,0.895263511092833,-0.108830784016051,-0.159615708384803,"ZNF160"
289.993071153846,200.818422736419,290.1543,200,231.707075,337.4182,166.5444,232.0261,11.9109082957216,2.48027456696076,0.692493865240942,0.689288423435393,-0.530126804412429,-0.536820309358984,"ZNF415"
124.808671153846,103.146140241449,126.27995,97.6896,97.6795,147.8292,55.0397,144.8137,6.76777996383165,2.75078709376873,0.826434087374466,0.77359549160417,-0.27502833357901,-0.37034870785345,"ZNF439"
370.832755769231,346.757789939638,346.58745,331.0088,285.498075,421.4893,267.2929,409.2191,21.287968051677,5.4695472646691,0.93507864271684,0.955051315331816,-0.0968403901155268,-0.0663498430103889,"ZNF440"
534.497825,560.518505231388,499.06755,519.5246,423.553925,589.9991,430.8177,659.0739,22.5857089655641,8.39726767870134,1.04868248103982,1.04099054326413,0.0685779263697233,0.0579569627315592,"ZNF562"
1130.78664807692,889.717430985915,1124.11195,888.1748,962.15945,1222.052675,746.2295,1024.9752,35.3385155868488,9.3931445089774,0.786812819641103,0.79011240828816,-0.34590763106607,-0.339870176605958,"ZNF561"
186.95945,176.788387525151,183.77405,173.9503,168.055175,204.16065,149.5399,199.1716,5.34906940247554,1.77429582608328,0.945597494671443,0.946544411466146,-0.0807018817385341,-0.0792578967250772,"ZNF584"
437.876192307692,462.421496579477,438.01255,454.0506,386.10585,498.20955,363.5409,536.6134,11.9921251887969,6.36482873051536,1.05605535241006,1.03661550336857,0.0786854545397833,0.0518808755916593,"ZNF274"
106.627723076923,77.6437038229376,106.9472,70.8569,86.945825,123.16905,41.2916,103.0487,4.52684458614899,2.38112447981163,0.728175577442689,0.662540954788905,-0.457641740390543,-0.593918457766206,"ZIK1"
110.133211538462,113.69712555332,99.9109,100.2999,84.969875,125.65045,75.8859,132.533,5.01657362910299,2.76248574305461,1.03236002986814,1.00389346908095,0.0459461904545183,0.00560618185538827,"ZNF540"
66.3825884615385,55.5329245472837,65.87265,54.431,49.217975,80.63315,41.2998,66.4835,2.97781482994457,0.967610641947939,0.836558589146596,0.826306517196439,-0.257461510617474,-0.275251048339042,"ZNF570"
118.851065384615,102.904143863179,110.05095,101.0269,86.206475,143.411525,87.1387,117.8344,6.13525202712132,1.22261850326501,0.865824328374085,0.918001162188968,-0.207853756185635,-0.123432114795992,"ZNF57"
1.69276153846154,6.92771247484909,0.3563,0.4276,0,0.78985,0,1.634,0.81398168198893,0.941345611083582,4.0925507328961,1.20011226494527,2.03300030103515,0.263169369587191,"ZNF556"
134.665569230769,133.616933802817,135.44885,131.2921,115.006325,148.352175,114.4217,151.8442,3.80029851660938,1.37565755096384,0.992213039799688,0.969311293525194,-0.0112781774363256,-0.0449680345070382,"ZNF554"
157.795688461538,182.125065995976,157.00225,168.9389,119.85195,176.963875,136.206,221.0437,7.78042641954925,3.07770235326834,1.15418277756282,1.07602852825358,0.206871708734759,0.105716327917175,"ZNF738"
78.2077730769231,63.1990804828974,72.6759,58.3533,64.409575,91.853225,42.3692,75.6087,3.17467266301718,1.45513297284069,0.808092060372777,0.802925041175961,-0.307408436220158,-0.316662786810408,"ZNF596"
551.317959615385,568.883900603622,556.71825,569.0134,486.5676,616.679425,477.4428,657.0333,11.6569921821006,7.47383746790196,1.03186172458538,1.02208504930456,0.0452496542682293,0.0315152501940703,"ZNF621"
445.246646153846,665.349879275654,351.57475,494.0063,267.0116,513.7614,341.9617,773.1443,35.3435918731977,23.6263790304999,1.49434001361519,1.40512451477246,0.579508448090571,0.490697980186612,"ZNF680"
56.5973134615385,27.62253722334,53.9185,23.9662,38.829725,68.78145,15.6845,34.4688,3.76687424762608,0.774699758171083,0.488053858636088,0.444489368213137,-1.03488773132113,-1.16977918339052,"ZNF483"
189.939809615385,172.035487927565,191.46925,167.5632,154.04215,225.61455,125.2874,210.1889,7.21381076934842,3.01051287751792,0.905736866199486,0.875144181115244,-0.142836114116334,-0.192407372520559,"ZNF417"
291.278317307692,217.875893963783,301.1842,215.1018,212.52435,351.26135,153.6426,278.8043,13.2343997609276,4.64095176683769,0.747999013375339,0.714186866376125,-0.418891727714885,-0.485626491330584,"ZNF791"
45.0119730769231,37.7506384305835,44.05875,35.2239,34.6081,54.843525,25.8945,46.4175,2.35852792042861,0.799468862485144,0.838679930028165,0.799475700059579,-0.253807762723486,-0.322873911008291,"ZNF519"
428.057825,299.250306036217,393.8334,296.1007,334.453525,514.806175,238.255,352.2227,19.4303715690761,3.79257891631033,0.699088507577726,0.751842530369441,-0.516452976396648,-0.411497566554077,"ZNF25"
77.75475,80.4545585513078,71.53585,73.1219,57.640325,89.3693,59.506,91.8652,4.00536897660244,1.49301871213389,1.03472210445417,1.02217140077318,0.0492433548179101,0.0316371320016239,"ZNF77"
52.8552,59.6983169014085,50.91685,56.6347,44.706675,59.7661,40.4798,71.8985,1.80054761151778,1.16571513093305,1.12946913267585,1.11229779532709,0.175644843777491,0.153543092309942,"ZNF169"
502.130488461538,736.981234205231,477.46275,705.7428,352.875775,615.21,526.5265,880.2982,36.7098407558519,13.2050197925254,1.4677085959533,1.47811070078242,0.553565558845388,0.563754321912444,"ZNF613"
73.8367,98.5262539235412,72.1842,91.5856,52.94005,89.976025,70.1689,116.8582,3.73086582239578,1.88224630880583,1.33438051705373,1.26877626959916,0.416170129630255,0.343437693137691,"ZNF404"
176.528286538462,174.47970583501,180.86265,169.1462,157.054225,194.3946,124.6862,211.6549,5.52119032116915,3.89280069992772,0.988395170294676,0.935219073700402,-0.0168401338047843,-0.096623741095241,"ZNF135"
54.7256653846154,55.2194945674044,53.3531,52.2423,44.709875,60.46365,42.5609,64.3453,1.82725460093432,0.870953101559063,1.00902372185552,0.979180216332322,0.0129600921856235,-0.0303536852305534,"ZNF620"
66.8950557692308,55.1938949698189,70.57165,52.161,49.142325,82.788125,36.3789,71.0676,2.94450703170143,1.22371703531602,0.825081829070035,0.739121162676514,-0.277390886390471,-0.436117212972784,"ZNF619"
57.1697942307692,39.2819511066398,58.9033,34.9425,28.07495,79.403425,18.7702,52.4016,4.37689947817997,1.25204077767734,0.687110241259151,0.593218037019997,-0.541386508568158,-0.7533656307366,"ZNF354C"
9.53506153846154,3.53871690140845,5.8168,2.3484,3.465925,9.2763,1.2361,4.2521,1.96890865212966,0.439919169567521,0.371126802604718,0.403727135194609,-1.43001589932596,-1.30854753879703,"ZNF114"
38.0581442307692,18.3798832997988,38.82625,14.9163,27.97995,47.123475,8.7517,23.6875,1.8394909117347,0.603427359691875,0.482942184157761,0.384180805511735,-1.05007760897636,-1.38014265418895,"ZNF454"
141.706780769231,135.991736418511,144.7747,133.4813,127.727075,157.444925,104.3807,160.6285,3.88737952889727,2.11769364616077,0.959669930262359,0.921993276449545,-0.0593898055690466,-0.117171864914166,"ZNF543"
96.5596230769231,100.299083501006,96.86595,100.0251,67.24045,117.28415,65.7471,125.5575,4.55325476631778,1.98105140988264,1.03872695755144,1.03261362738919,0.0548164735347397,0.0463005425660434,"ZNF354B"
106.483282692308,93.9428736418511,104.958,94.1941,77.612175,126.206375,76.2527,109.9213,4.6626728101002,1.3025561501198,0.882231194104964,0.897445644924637,-0.180771322458926,-0.156103532188296,"ZNF223"
56.3904403846154,53.1451563380282,51.6081,50.1181,38.720475,75.768575,36.5919,65.7228,3.21343649704095,1.10143885458243,0.942449748140775,0.971128563151908,-0.0855123996263589,-0.0422657949752174,"ZNF713"
454.680709615385,478.367511871227,386.16235,442.4267,280.045725,600.977975,338.3586,573.2759,32.0371861311521,9.36788748524198,1.05209546337666,1.14570128341098,0.073265615553781,0.19623094189758,"ZNF552"
101.740573076923,32.076723138833,85.7829,25.3298,60.35695,137.522825,14.3581,42.5926,7.89651874717225,1.13493617370466,0.315279560245653,0.295277963323693,-1.66529645257968,-1.7598544031291,"ZNF154"
92.5380769230769,94.9699042253521,89.3812,94.5701,78.9991,103.45335,80.9409,108.9375,2.72473262778076,1.01996884808343,1.02627920725321,1.05805359516319,0.0374232807702054,0.0814127082815936,"ZNF571"
103.382984615385,115.378423742455,100.57335,108.0963,79.020775,116.544775,89.0253,136.4055,4.49365547416333,1.74775174749842,1.11602914320666,1.07480063058454,0.158374701191072,0.104069072891821,"ZNF443"
127.930234615385,166.099390744467,126.0565,151.6569,100.374275,159.5572,114.9261,199.7677,6.12873050126418,3.37661472863425,1.29835915054667,1.20308671111763,0.376689515110333,0.266740626879039,"ZNF792"
104.442159615385,97.0330498993964,106.3752,95.4141,81.8527,117.85315,79.4742,112.7223,4.19479740707608,1.28381986600391,0.929060163603733,0.896958125578142,-0.106156069945436,-0.156887460278944,"ZFP82"
161.223796153846,234.750655533199,163.1414,220.8901,131.028475,182.5433,179.9149,265.08,5.47997972459668,4.06190742610902,1.45605463420047,1.35397943133993,0.542064489472945,0.43720582271699,"ZNF707"
432.480959615385,512.490532394366,429.80445,504.5654,399.7379,466.22065,443.8095,578.5877,7.20042953593536,5.0388694058281,1.18500137636148,1.17394177747578,0.244888734793352,0.231360858678049,"ZNF746"
66.5196480769231,75.127408249497,68.0592,64.6216,41.039675,88.256,43.1948,95.7507,3.89765824846713,2.0624747506748,1.1294017695737,0.949491031337424,0.175558796882706,-0.0747737217965615,"ZNF678"
938.477951923077,1307.31627645875,949.4965,1260.1847,742.343325,1092.117525,1006.106,1512.6441,33.872201081595,18.6294591661248,1.3930175703967,1.3272136337522,0.478213455042049,0.408400611513155,"HKR1"
68.5488019230769,65.1329607645875,64.4283,62.124,52.255875,76.9543,50.9137,74.5889,3.84458587616558,0.985363179389528,0.95016920700784,0.964234660855556,-0.0737436421029646,-0.0525438043922999,"ZNF101"
0.0386519230769231,0.447538832997988,0,0,0,0,0,0,0.0175033662977304,0.299801360650535,11.578695117118,NA,3.533400770137,NA,"ZNF716"
226.091498076923,268.815472837022,210.67845,262.4092,185.733025,268.155325,209.0437,321.9585,9.91704256204639,3.95701919981848,1.18896763090828,1.24554362346979,0.249709438915546,0.316775550893413,"ZNF708"
413.765217307692,554.367536418511,406.27945,543.4218,351.610375,440.93745,452.3497,639.5454,13.7437708424303,6.81990687802029,1.33981183828282,1.33755669896668,0.422030404386678,0.419600048586158,"ZNF721"
203.055607692308,184.908691348089,206.8267,173.1405,167.7362,233.0826,76.6385,270.5441,8.6001643022823,5.82159118830794,0.910630804288265,0.837128378492719,-0.135061832057547,-0.256479209492288,"ZNF662"
576.732928846154,580.53222555332,555.471,555.9705,482.5547,674.0201,464.2857,675.5909,19.7251573843049,8.14516121440405,1.00658761883905,1.00089923686385,0.00947275771661618,0.00129674161247401,"ZNF320"
54.9066673076923,59.0517635814889,52.3118,56.6597,44.079175,62.110675,48.0956,65.9852,2.51370262174417,0.817809374850756,1.07549349609161,1.08311509066788,0.104998800274919,0.115186550345902,"ZNF530"
197.872075,138.482044466801,192.2614,132.4324,155.0323,230.693225,108.888,163.1799,7.67310869524037,1.94549277584789,0.69985643232781,0.68881429137622,-0.514869095132423,-0.537813019104248,"ZFP1"
89.0592192307692,74.4657098591549,91.56225,70.6965,68.1946,111.463125,48.4017,97.0221,4.1031555343029,1.6458414406985,0.836137016496857,0.77211405355373,-0.258188720974191,-0.373114122597581,"KRBA2"
60.9069596153846,70.2659961770624,59.4393,66.0142,47.0641,73.9721,49.6314,86.0421,3.06712215574591,1.39755289984942,1.15366120096584,1.11061536727384,0.206219605741904,0.151359263347683,"ZNF93"
623.433411538462,528.534244869215,614.98345,531.6859,535.8107,701.321275,443.6262,609.3049,18.0795563188723,5.82092114476088,0.847779787042434,0.864553184317399,-0.238238525146008,-0.209973378687969,"ZFP90"
0.0127788461538462,0.0156064386317907,0,0,0,0,0,0,0.00894951288163442,0.00688496179605233,1.22127134515142,NA,0.288383777567244,NA,"ZNF479"
645.163648076923,615.993231991952,638.19335,617.0284,552.067925,721.686825,510.6796,705.9963,18.972414291434,7.15519185421028,0.954786020303653,0.966836147697246,-0.0667506518298878,-0.0486566818493821,"ZNF445"
266.466786538462,410.133522132797,250.0369,392.9501,228.79875,294.9119,328.3793,472.6212,8.1187912406708,5.13664718200764,1.53915438190492,1.57156843649877,0.622137945661062,0.652205098002155,"ZNF74"
18.6183480769231,16.6917110663984,18.1457,15.4162,13.125025,24.0991,9.3761,22.0854,1.10860310867337,0.455730051381984,0.896519444014869,0.849578688063839,-0.157593221799706,-0.235180518729115,"ZNF829"
187.899842307692,165.801652917505,173.8801,155.3907,144.40335,211.9924,125.4722,193.4541,8.60471791413672,2.86451421656629,0.882393784269384,0.893665807645613,-0.180505466509426,-0.162192668166078,"ZNF267"
162.380032692308,197.42358028169,157.83645,191.1548,140.2768,182.054025,160.8382,230.7692,4.51730382425695,2.43815015190143,1.21581192593911,1.21109414206921,0.281920075409633,0.276311014509919,"ZNF566"
189.256994230769,179.232276056338,190.5366,177.9438,151.9461,223.94395,136.0565,217.5596,7.05683079543949,2.73265009114254,0.947031187855559,0.933908760836501,-0.0785161572363032,-0.098646483623071,"ZNF224"
278.116415384615,319.464335814889,272.0741,308.5219,242.8089,305.1655,263.6424,357.5934,8.1131530046512,4.1481921935849,1.14867126909101,1.13396276970134,0.199965981353729,0.181373274452125,"ZNF529"
28.5171307692308,31.9007014084507,27.5656,30.4981,21.599075,34.404825,22.1122,40.1963,1.2797763943062,0.68607818075501,1.11865045844201,1.10638259279682,0.161759311872964,0.145850363224994,"ZNF284"
53.5533961538462,71.5359959758551,51.65245,69.0406,42.999325,61.07185,54.6928,85.1493,2.13079978327091,1.26750264341439,1.33578822471593,1.33663746830983,0.417691301696771,0.418608221157515,"ZNF749"
128.508161538462,114.353138631791,123.48565,111.8694,115.17085,140.38035,95.6115,128.7879,2.96337630647534,1.2947909023405,0.889851175698017,0.905930365188182,-0.168364024017313,-0.142527933863764,"ZNF17"
87.3877096153846,68.3748046277666,87.7331,67.4719,69.881075,104.5303,56.8015,80.1251,3.10975651971379,0.819777910747756,0.782430446211503,0.769058656311016,-0.353965584842956,-0.378834457764212,"ZNF555"
511.656417307692,429.478620120724,503.58965,406.3158,384.571325,642.133625,329.9608,494.0168,21.6666542261887,7.25742760423536,0.839388710065667,0.806839060334143,-0.252589036049782,-0.309647166134438,"ZNF75D"
407.456271153846,414.964444668008,402.30325,407.1206,359.123975,441.226775,354.1622,460.0627,10.3253579129827,4.21865499390469,1.01842694307514,1.0119744247654,0.0263424921903981,0.0171728298243464,"ZNF197"
3.26532692307692,4.63413983903421,3.19025,3.4813,1.974675,4.00295,2.1525,5.868,0.272522555255601,0.184223723784797,1.41919628515097,1.09123109474179,0.505074138397829,0.125956659803376,"ZNF732"
69.3105423076923,58.3914613682093,67.5013,56.0694,57.609125,76.742875,45.0504,69.7952,2.54680358529599,0.860592324036478,0.842461470132355,0.830641780232381,-0.247317388557361,-0.26770165556129,"ZNF546"
221.518215384615,183.699310060362,225.7208,177.4098,189.81105,252.9874,143.2769,215.0211,5.96568149890231,2.64833592526057,0.829274061013044,0.785970101116069,-0.270079128120546,-0.347453662545984,"ZNF286A"
97.3156653846154,93.0075867203219,101.3974,92.9531,79.040375,115.605325,74.3825,110.4247,3.53514856302764,1.19065276457566,0.955730882101387,0.916720744318888,-0.065323658392313,-0.125445774528044,"ZKSCAN4"
18.9182807692308,34.5922879275654,17.9243,30.2403,13.583675,22.0949,22.1961,42.6855,1.10177375490218,0.837267217185722,1.82851118183145,1.68711190953064,0.870669449169551,0.75455567366701,"ZNF643"
77.6555788461538,61.9823209255533,76.60335,64.197,69.806925,91.49105,42.6805,78.8203,2.50161530085345,1.21716313729587,0.798169582231157,0.838044289185786,-0.325232795241939,-0.254901605019683,"ZNF642"
210.869511538462,222.913055130785,206.474,218.4845,176.225,241.65155,189.1937,257.5451,6.3548063001648,2.31059989187554,1.05711372641998,1.05816955161425,0.0801305931029839,0.0815708105094451,"ZNF490"
361.698673076923,409.990283299799,290.09235,391.4027,255.12075,402.0686,287.4643,499.3769,24.2607760351059,7.78243352755352,1.13351337402503,1.34923482125606,0.180801413157004,0.43214145724067,"ZNF626"
126.031926923077,161.757310261569,125.96895,156.2042,105.645325,144.583875,121.668,187.9073,5.18563074653534,2.51723580978541,1.28346296220875,1.24002144973027,0.360041663650967,0.310365076379766,"ZNF793"
97.8146384615385,77.194500804829,95.9599,76.5487,77.7085,113.986925,64.3735,88.301,3.73463702949498,0.809846527744127,0.789191699923141,0.79771550408035,-0.341552311839946,-0.326053777052776,"ZNF383"
72.9723134615385,75.4974513078471,70.7184,71.844,57.6427,86.27635,57.3915,91.6348,3.94128424584312,1.36790944801654,1.03460405359958,1.01591664969796,0.0490787491736939,0.0227820418736984,"ZNF669"
372.563278846154,395.10767444668,367.9656,380.2001,307.49105,428.93405,322.5765,455.4459,12.9008592109872,5.20026337321225,1.06051158791158,1.03324903197473,0.0847603848771789,0.047188012088051,"ZNF559"
70.1578519230769,87.1416390342052,66.69785,79.1255,52.3169,81.920875,60.457,104.0596,3.55034049835783,1.80677201778856,1.24207963393392,1.18632759526731,0.312757672591047,0.246502454071405,"ZNF177"
277.561444230769,260.291873239437,274.7328,255.7103,246.903475,295.2647,218.1085,297.2549,5.22533347192248,3.43160240646369,0.937781088294906,0.930759996622172,-0.0926769095567808,-0.103518888779916,"ZNF548"
136.340601923077,134.459961368209,124.2252,126.7465,100.520675,176.7097,101.2966,155.979,7.24304293655092,2.27813620266664,0.986206305910776,1.02029620399082,-0.0200386172692604,0.0289880443466547,"ZNF563"
126.362253846154,116.615012273642,124.38575,117.9197,106.5569,143.56875,96.8041,135.9101,3.11001003759718,1.7210220562772,0.922862711958436,0.948016151367821,-0.115812051034065,-0.0770164563336967,"ZNF567"
26.0024615384615,23.3656907444668,24.0534,20.0286,16.514475,34.941375,13.2285,29.236,1.66938076309396,0.651845770500952,0.898595339133776,0.832672304123326,-0.154256516028489,-0.264179256237376,"ZNF573"
133.594148076923,128.607664185111,132.56785,124.2531,113.79585,143.795075,107.3025,144.4917,3.8573124708124,1.34242363811997,0.96267438384396,0.937279287549734,-0.054880193237639,-0.0934490931869006,"ZNF527"
1283.05057115385,1317.88661428571,1276.98895,1292.9085,1113.2562,1439.13445,1104.7409,1500.4163,30.9337586738246,13.7822710222483,1.02715095095631,1.01246647435751,0.0386482168976092,0.017874137055098,"ZNF33A"
87.3108576923077,77.5902509054326,89.3101,76.1792,75.259475,98.56615,59.6721,94.8276,3.03748100276147,1.15287634503137,0.888666689987957,0.852974075720439,-0.170285682433607,-0.229426200234668,"ZKSCAN3"
12.1764538461538,6.17644205231388,8.67075,2.7174,4.7072,14.0576,1.3152,5.5109,1.59634463043105,0.591533676072219,0.507244730719759,0.313398494939884,-0.979246121606181,-1.67392984343673,"ZNF676"
30.6142653846154,18.8535525150905,29.9207,17.3033,15.08505,44.673025,9.6,26.1022,2.40039183818165,0.567745522434036,0.615842068337365,0.578305320396916,-0.699367673252095,-0.790096719940545,"ZNF699"
231.093371153846,228.360053118712,226.12695,211.5674,201.726,255.7554,178.8393,255.7268,5.42607709980277,3.63560411265853,0.988172235224721,0.935613380006231,-0.0171655740810226,-0.0960156013772167,"ZNF250"
119.528146153846,113.158993360161,116.1949,110.1306,102.956375,130.904975,96.6406,125.5678,3.26597758467288,1.27659927686933,0.946714200808508,0.947809241197333,-0.0789991320309248,-0.0773313674845114,"ZNF79"
98.0629403846154,111.506694366197,83.64215,102.8254,70.53805,115.754425,78.0392,137.6804,5.82524514046493,2.24188586054364,1.13709311518555,1.22934907818606,0.185350399626761,0.297894632439384,"ZNF681"
428.368330769231,489.830695372233,429.037,477.978,381.12055,473.732625,422.4978,546.3504,9.95763529087516,4.53930895985367,1.14348017859451,1.11407174672581,0.193431357886668,0.15584214588481,"ZNF766"
192.786130769231,207.088038430584,195.12555,199.9309,148.552175,227.138475,150.5703,251.1162,6.69865909250657,4.26171288619262,1.0741853555766,1.02462696453642,0.103242958405538,0.0350987640055408,"ZNF471"
144.762651923077,129.621320321932,135.9628,127.6693,120.885675,175.611625,103.8231,153.4269,4.79070536833437,1.67710176613084,0.895405814966756,0.939001697523146,-0.159386407429397,-0.0908003289081945,"ZNF836"
219.861034615385,259.671820523139,211.7346,250.371,180.67505,256.02315,201.5867,306.8652,8.40748423942475,3.92909817407577,1.18107249416613,1.18247560861569,0.240097519996828,0.24181042483984,"ZNF493"
94.571375,71.6659770623742,92.69285,69.3413,76.389875,111.218625,49.9872,90.4096,3.21246646584123,1.43870450894464,0.757797769804809,0.748076038227328,-0.400115200879059,-0.418743174509656,"ZNF167"
62.0474807692308,70.1027963782696,60.5885,68.569,52.676125,70.157375,58.2933,79.5322,1.70823098901771,0.734794346422799,1.12982502285626,1.1317164148312,0.176099358300422,0.178512493353654,"ZNF565"
143.105088461538,108.293918511066,139.552,100.8868,117.62545,163.44415,78.3818,127.4725,5.73749597458736,1.90154730539336,0.75674401012073,0.722933386837881,-0.402122744198061,-0.468065375658535,"ZNF34"
471.424103846154,572.126224949698,460.2322,554.86,398.281925,523.6386,488.1703,644.8549,14.363790442017,5.81344810946245,1.21361258425685,1.20560882093865,0.279307950446114,0.269761877686968,"ZNF140"
70.7218480769231,50.7576494969819,63.26645,49.5495,55.083625,90.378,38.961,60.1595,3.25696499730136,0.760303103665748,0.717708188872179,0.783187613656211,-0.478530713291564,-0.352570146414173,"ZNF658"
260.883340384615,292.712438028169,254.41785,266.7231,188.29025,320.2877,201.8123,350.1865,12.4936185594353,5.93698742146465,1.12200509851119,1.04836629977024,0.166079231722195,0.0681428834109922,"ZNF765"
39.0330076923077,55.8892311871227,37.7867,50.852,26.84025,45.7183,36.9911,67.034,2.16741466461774,1.33826663751109,1.43184536604739,1.34576451502777,0.517875695337798,0.428425985933719,"ZNF124"
131.387398076923,123.767917102616,129.6603,118.2955,100.43825,152.934975,96.5016,146.3046,5.16089171426131,1.73386608975076,0.942007520615893,0.912349423840605,-0.0861895170960739,-0.132341621929493,"ZNF569"
561.105353846154,627.169058953722,545.3785,625.2453,497.5692,634.6992,548.3549,695.7959,15.4405555414966,5.75849680732746,1.11773850428396,1.14644288324531,0.160582708128099,0.197164480421205,"ZNF777"
379.268294230769,502.029105231388,371.2075,479.8931,341.03045,420.9215,407.5364,579.1416,7.02283778261059,6.46070825543504,1.32367802125301,1.29278934288774,0.404552235715498,0.370487210391097,"ZNF605"
157.612107692308,167.987118108652,143.40885,159.1701,122.500725,180.1639,131.5168,195.0641,7.21798833633969,2.45286895783089,1.06582622723756,1.10990430506904,0.0919722396555182,0.150435294094473,"ZNF799"
73.2938326923077,92.2305402414487,70.1409,87.9287,62.202275,84.461725,67.9335,107.7395,2.2260195449129,1.85278489513448,1.25836699833448,1.25360096605547,0.331552740548766,0.326078196699532,"ZNF782"
153.315084615385,95.4936867203219,152.687,91.6672,119.739125,198.682525,73.8292,111.0889,7.58903489080854,1.4530126533344,0.622859041951959,0.600360214032629,-0.683022388277083,-0.736099722391956,"ZNF846"
278.997736538462,242.498026358149,270.4349,243.7276,225.001875,314.296025,203.0555,280.9224,9.65236924436263,3.05366053667596,0.869175604672761,0.901243145762622,-0.202280412213009,-0.150011712641395,"ZNF136"
364.032325,332.654573038229,361.62005,324.749,325.72425,392.194825,289.4129,364.0089,6.88816886361749,3.22281762680317,0.913805039259163,0.898039254184053,-0.130041696448948,-0.155149586915447,"ZKSCAN5"
983.133042307692,1026.37728390342,965.1604,988.9268,847.9716,1093.4831,807.7399,1193.9037,25.2810430248724,14.3374565994006,1.04398615419763,1.0246243007898,0.0621025783801338,0.035095013392706,"ZNF33B"
138.009776923077,142.926285513078,135.87425,135.7231,101.862,176.84465,99.4253,171.1069,6.12491063121591,2.97603887682883,1.0356243499527,0.998887574356436,0.0505007918869808,-0.00160578428282216,"ZNF431"
100.591367307692,120.199913480885,96.09685,113.8354,78.0018,121.267225,90.3315,141.8414,4.00162511853107,2.10267025260035,1.1949326935105,1.18459033776862,0.256929358395734,0.244388223804935,"ZNF418"
211.552492307692,263.798161770624,212.43495,258.2524,162.828,240.274775,210.0298,300.5072,8.75858184840029,3.96611855586006,1.24696314797815,1.21567755211654,0.318418829229506,0.28176061722617,"ZNF700"
203.556269230769,190.345622937626,207.10535,188.397,179.1174,225.908775,161.2903,214.0184,5.43047658526984,2.25039528149954,0.93510076430922,0.909667471168659,-0.0968062600085382,-0.136588830201604,"ZFP28"
153.462036538462,122.504678672032,160.30675,120.883,123.69705,180.614,98.7743,141.6671,5.52101656269143,1.57407112232277,0.798273510734555,0.754073050573354,-0.325044956242439,-0.407223804026114,"ZNF585A"
151.321957692308,187.697406438632,138.4263,176.8447,118.064075,158.342125,145.7182,214.4139,9.27750175251715,2.8897236631497,1.24038447097207,1.27753685535191,0.310787369315496,0.353364911723729,"ZNF138"
200.891280769231,179.553648692153,201.9838,168.5833,140.667675,239.0911,131.8436,220.0165,9.40820821947454,2.90681898527843,0.893785175765846,0.834637728372275,-0.161999978355891,-0.260777958248019,"ZNF429"
202.815926923077,213.887882293763,198.4435,209.2199,165.782025,229.98095,175.2896,245.3728,6.84319019598717,2.55056620513425,1.05459115336087,1.0543046257499,0.0766837995585009,0.0762917726313561,"ZNF470"
174.669948076923,176.633624748491,172.7164,166.1557,140.09405,197.333575,129.8659,210.7244,6.54806635952395,2.9276232395994,1.01124221248811,0.962014608919593,0.0161285925953816,-0.055869292310112,"ZNF100"
493.975540384615,503.994012877264,488.97065,496.9003,455.691775,535.452,446.2865,550.0043,9.22088600786086,4.16720347736407,1.02028131288616,1.01621702652296,0.0289669882263453,0.023208541531728,"ZNF398"
432.253536538462,360.132069416499,428.1969,354.6349,397.0584,467.479225,299.4811,414.0262,9.66465617783332,4.37697340169131,0.83315008201085,0.828205201859238,-0.26335169164992,-0.271939830753638,"ZNF498"
219.535965384615,170.555647283702,221.53815,165.8857,173.8274,252.90665,133.6683,204.2295,9.17582543652479,2.5836024204634,0.776891599446577,0.748790671042437,-0.364214783063782,-0.417365633957301,"ZNF441"
167.025905769231,156.79096639839,155.2857,151.4423,132.442875,188.1366,121.8673,194.9968,7.1860189717682,2.64300053565105,0.938722443541295,0.975249491743283,-0.0912294423534818,-0.036156753505903,"ZNF420"
80.8325480769231,79.6471513078471,81.504,77.6161,67.528175,95.7933,62.5639,94.1176,2.99387923149279,1.05594533250458,0.985335155240338,0.952298046721633,-0.0213135636588407,-0.0705149213207296,"ZNF763"
0.0171384615384615,0.0168490945674044,0,0,0,0,0,0,0.0124213383623004,0.00602258819217587,0.983115930773149,NA,-0.0245665431335614,NA,"ZNF679"
92.8631019230769,113.869000603622,83.0583,106.0254,63.874475,113.30775,84.0154,133.979,5.88203922761099,1.99878809670605,1.2262028539381,1.27651781941118,0.294197667578234,0.35221367702957,"ZNF682"
253.274342307692,285.337437424547,227.2564,270.5158,197.5705,302.871375,207.8305,344.1606,11.4113765414117,5.16224116359044,1.12659432781353,1.19035503510572,0.171968113015415,0.251391935712483,"ZNF772"
28.3907307692308,15.4975798792757,26.21405,11.7572,18.86125,33.60095,5.403,21.3747,1.96326330682159,0.675540713215292,0.545867593379159,0.448507575136234,-0.873377044000035,-1.15679574292189,"ZNF257"
250.610892307692,275.358360965795,250.9557,272.1482,218.0787,280.6633,210.7107,334.458,6.30796057945451,4.22221127441709,1.09874857565137,1.08444717533812,0.135861295150666,0.116959779396688,"ZNF785"
5.02333076923077,1.64466317907445,4.08595,1.0121,2.06305,7.13535,0.3398,2.0178,0.507648542241538,0.140404080294249,0.327404914115639,0.247702492688359,-1.61085211908306,-2.01331970805101,"ZNF98"
183.738276923077,210.6313722334,184.23435,206.0871,156.61215,201.8177,174.7233,239.6985,5.82693432095416,2.52902430470484,1.14636631931398,1.11861387412282,0.197068128396839,0.161712129235579,"ZNF786"
246.134548076923,283.734298591549,231.89695,257.744,210.019075,285.76885,206.4853,327.9908,7.79287296091054,5.15933083263677,1.15276096268645,1.11145920634144,0.205093385756936,0.152454998397358,"ZNF517"
122.611490384615,112.729006036217,112.45065,108.5475,80.841075,151.85145,77.7202,141.581,6.84241714200292,2.15093430331479,0.919400014489685,0.965290107260385,-0.121235405995864,-0.0509655013083501,"ZNF675"
83.6260865384615,85.9773716297787,77.83485,73.3173,56.52995,101.487625,49.8589,107.9137,7.02519876038903,2.46041371975854,1.02811664623617,0.941959803352868,0.0400039565547581,-0.08626259846842,"ZNF860"
4.30461538461538,11.6084523138833,2.71465,7.8799,1.698625,4.253575,4.8575,13.5135,0.803304739726559,0.551119305411246,2.69674553396145,2.9027314755125,1.43121939468735,1.53741111799813,"ZNF695"
46.6436134615385,33.6356661971831,44.58015,33.24,34.821125,59.01805,23.4573,43.2306,2.44829137115912,0.646558045992349,0.721120507203382,0.745623332357563,-0.471687724994991,-0.423481088771419,"ZNF665"
63.4116384615385,63.9309953722334,60.5597,60.7595,49.0781,76.9711,45.8033,76.9468,3.11043195777336,1.11903148330587,1.00819024588065,1.0032992237412,0.0117679016264625,0.00475193917819751,"ZNF624"
263.719528846154,357.354312474849,264.22335,337.0355,229.38555,306.6891,247.3988,439.156,10.5201194104921,7.65395540554802,1.35505441723779,1.27557045961305,0.438350789514716,0.351142592336524,"ZNF841"
800.005107692308,1197.8945249497,817.1382,1011.9061,591.701775,930.486275,677.0557,1586.9867,52.5196680860522,32.4486593245374,1.49735859612839,1.23835368362414,0.582419767757582,0.308423418539937,"ZNF615"
129.437869230769,146.659207645875,126.824,140.7084,101.5766,145.76275,122.1122,165.2299,4.74886730442076,1.75139865921342,1.13304714082092,1.10947770138144,0.180207886236769,0.149880672104828,"ZNF433"
187.651307692308,253.712446076459,179.1265,223.4637,158.77195,204.790725,184.8873,288.433,6.21953789300623,5.42653145252417,1.35204198252896,1.2475189321513,0.435139949731017,0.319061709841929,"ZNF595"
66.3749346153846,59.0782219315895,58.9801,48.2802,45.466975,75.564775,34.4873,66.7638,4.69067741875887,2.09294919908328,0.890068250521428,0.818584573440872,-0.168012128568367,-0.288796616024835,"ZNF460"
95.8945980769231,70.1008116700201,103.03445,64.9699,65.1904,118.0533,46.4052,90.4123,4.88546010902726,1.55026407749591,0.731019401257492,0.630564825648121,-0.452018399070062,-0.665283399459133,"ZNF81"
317.700523076923,329.325417907445,300.55965,319.225,254.747875,368.985625,273.9522,375.9124,12.3233243214326,3.93161612325313,1.0365907324229,1.06210198208575,0.0518464005646558,0.0869222990851439,"ZNF780A"
112.115819230769,94.4620698189135,105.2008,89.8604,90.1132,125.8295,77.1489,106.4925,4.88249813191028,2.22014045531624,0.842540066754373,0.854179816123071,-0.247182800007244,-0.227388286726068,"ZNF461"
233.485948076923,270.321796177062,225.14865,258.0543,196.81035,264.66315,221.2195,309.4779,7.27498413038676,3.45108634770728,1.15776473232558,1.14615077638707,0.2113421151654,0.196796843429538,"ZNF181"
296.354896153846,251.867021126761,269.94655,236.5588,214.9416,327.843625,195.6258,295.1128,14.5076866425999,3.51878077272714,0.849883111079121,0.876317182049558,-0.234663661475366,-0.190474948637854,"ZNF44"
92.4809711538462,95.2980567404427,91.82325,94.1385,78.301375,108.7988,81.2732,107.0428,2.55223987933673,0.967789112522001,1.03046124571843,1.02521420228537,0.0432902480492405,0.0359253695251453,"ZNF790"
94.2420403846154,112.951831187123,93.5138,109.2863,76.002075,116.885625,91.9689,129.5844,4.21109873803054,1.45338810770842,1.19852913547022,1.16866494570855,0.261264980399222,0.224861370887215,"ZNF677"
129.609192307692,120.994483501006,114.40435,112.2616,88.357025,147.840075,90.6117,143.5384,8.19439867967561,1.97102554403928,0.933533195807324,0.981270380016145,-0.099226770266521,-0.0272773823341852,"ZNF823"
71.3416307692308,78.6189923541247,66.43755,76.0748,55.730025,84.775875,56.9832,96.8045,3.06619632214683,1.40104289702974,1.10200722224074,1.14505727559189,0.140133678951503,0.195419763515014,"ZNF311"
155.854257692308,121.46051971831,158.52845,121.5641,119.364725,188.5739,89.1453,150.6915,6.96751515154767,2.1847228335489,0.779321152445517,0.766828288550099,-0.359710120180648,-0.38302453540066,"ZNF347"
112.768509615385,92.3665317907445,111.11875,87.3362,89.5922,134.280175,68.2676,108.0097,4.66621814776144,1.55144749263234,0.819080895063485,0.785971764441195,-0.287922150782302,-0.347450609416651,"ZNF273"
613.000042307692,747.686548289738,612.71035,720.857,536.26025,673.97955,601.2241,859.4755,14.158100123413,9.67771869346031,1.21971696033659,1.17650534220615,0.286546404104981,0.234507871481736,"ZNF84"
117.385665384615,166.487994567404,117.4529,147.7257,101.252075,134.3973,116.2579,192.3782,3.97928726330648,6.68460715209377,1.41829919370397,1.2577441680878,0.504161904750539,0.330838500145927,"ZNF667"
673.122728846154,640.988235814889,619.67055,580.1029,501.40825,823.73975,397.2076,801.5519,40.8952387235053,16.1431420060359,0.952260573511834,0.936147280195904,-0.0705716929142905,-0.0951925739536382,"ZNF649"
495.779428846154,412.857292354125,478.37005,408.3396,425.937075,549.16675,338.0159,473.617,15.2165507500852,5.13227536218969,0.832743894426969,0.853606115182169,-0.264055223606738,-0.228357583308684,"ZNF248"
475.534596153846,565.64094084507,460.85945,555.0201,413.54715,530.6705,487.5664,626.083,12.640330464897,5.23250033646127,1.18948430970114,1.20431532867559,0.250336241527113,0.268213185747559,"ZNF544"
293.650767307692,349.146760362173,300.28625,319.7734,262.254125,338.465375,252.5326,404.8902,8.54854116242159,7.08304136723858,1.18898637167984,1.06489524578631,0.249732178815616,0.0907115188852555,"ZNF251"
176.020173076923,226.551203219316,172.63755,220.2233,158.0806,197.255075,185.5322,256.5622,4.75880989628449,2.77860646690727,1.28707522131745,1.27563962764764,0.36409637232349,0.35122082061024,"ZNF607"
185.016790384615,140.395794366197,175.8538,122.3968,137.926075,214.37175,81.8882,186.6056,8.19921827478394,4.35922601381975,0.758827315479533,0.696014530251834,-0.398156482561839,-0.522810670273919,"ZNF334"
50.6204769230769,85.9835668008048,51.41715,80.4979,39.72185,60.0275,64.8536,103.7492,2.10297452490761,1.40161774176149,1.69859258598977,1.56558463469873,0.764339858021566,0.646701501935352,"ZNF485"
424.466953846154,296.339648088531,412.2563,288.0232,286.4468,529.900975,172.8075,402.9787,24.1947804140358,7.94030852942482,0.698145392481927,0.698650815039091,-0.518400578266708,-0.51735651665676,"ZNF192"
52.2380307692308,34.0411770623742,51.44055,32.6822,43.15755,61.307475,25.5465,40.2644,2.11819909898425,0.530202514092998,0.651655059754381,0.635339241123977,-0.617819589429842,-0.654400966309654,"ZNF442"
296.774138461538,255.436467404427,269.0966,218.3603,109.5993,416.657525,108.7821,354.5857,28.2468423191557,8.24924888917916,0.860709995583159,0.811456926620403,-0.216400871680032,-0.301413578549604,"ZNF813"
160.898209615385,206.333689336016,151.43555,195.3668,134.564425,181.89395,153.8109,244.8169,5.96746140508305,3.3930400509529,1.28238648415816,1.29009865913255,0.358831125255169,0.367481398670743,"ZNF26"
96.9730346153846,99.7294158953722,105.5419,93.8511,59.00565,124.260275,68.5859,121.7391,5.81042651067647,1.89904156754855,1.02842420360382,0.889230722585059,0.0404354690067832,-0.16937030109351,"ZNF69"
79.8875288461538,95.6822227364185,80.0841,92.5787,60.281175,99.083175,77.0104,110.0881,3.57393952816432,1.44838693382019,1.19771163432382,1.15601848556705,0.260280601107748,0.209164467754403,"ZNF583"
139.748303846154,136.170655935614,135.5709,130.683,117.47235,160.898775,108.0275,159.5055,4.25985040905324,1.92210222957016,0.974399346453044,0.963945802528419,-0.0374149292839923,-0.0529760611100826,"ZNF568"
344.767611538462,418.280921529175,345.3838,398.051,299.9957,393.85905,340.9234,480.7766,9.26990121786971,4.80596055282795,1.2132256845783,1.15248891233463,0.278847945954296,0.204752871091233,"ZNF480"
701.593565384615,900.72746639839,677.11865,874.0161,553.259175,826.4565,659.0144,1107.7577,29.0057134272826,16.0240985510078,1.28383085427046,1.2907872202309,0.360455138768802,0.368251199236861,"ZNF587"
213.607040384615,183.407956338028,218.76555,173.0899,173.71775,244.565425,146.793,210.1382,7.10270945417428,2.53087055331739,0.858623180246253,0.791211870424754,-0.219902973144143,-0.337864024105733,"ZNF808"
406.121959615385,465.708526358149,395.9049,447.5888,321.714425,465.280825,351.8428,560.4634,16.5313718877828,7.31856557249827,1.1467208687735,1.1305462498696,0.197514257749206,0.177020012958679,"ZNF43"
415.7749,372.102046277666,414.33005,368.5393,345.05615,472.6029,289.369,446.5136,16.6963749389968,6.0406304755628,0.894960340986591,0.889482430733663,-0.160104342264296,-0.168961985565524,"ZNF28"
446.183478846154,433.486580885312,421.433,429.068,330.755675,508.137775,359.1343,500.1669,22.6169507968594,5.40507992870275,0.971543325643351,1.01811675877304,-0.0416497611487194,0.0259030207884783,"ZNF627"
111.342353846154,145.264888933602,92.79805,122.6955,76.3271,136.23145,84.7792,184.5621,7.59991839693055,4.18522331878291,1.30466874388447,1.3221775673088,0.383683552220645,0.402915942558903,"ZNF789"
6.41011730769231,7.4966661971831,5.5789,6.9168,4.510925,7.131525,5.0251,9.3867,0.456351114680015,0.15634776387883,1.16950530502568,1.2398143003101,0.225898405954458,0.31012404957636,"ZNF534"
322.049878846154,339.896534808853,303.0861,311.6432,197.5167,439.027925,238.566,395.6835,21.3471069947293,6.75270784432064,1.05541581331016,1.0282332314151,0.0778115047259519,0.0401675443386202,"ZNF525"
334.250832692308,565.595921931589,325.83705,511.4456,239.298175,387.22595,407.7071,642.0945,17.6595153837579,11.9252384400694,1.69213018072642,1.56963611105612,0.75884056364923,0.650430137700825,"ZNF814"
124.343461538462,95.8463822937626,129.2771,91.4597,101.884075,145.62215,63.8812,121.9706,5.40934337843752,2.11442311674094,0.770819640276105,0.707470232546986,-0.375534763305685,-0.499258648370846,"ZNF551"
266.835684615385,274.435670221328,271.04065,267.8133,221.001525,303.453325,232.9618,308.3151,9.62084181414304,2.87780504061909,1.0284818937051,0.988092745497769,0.0405163956209473,-0.0172816308204331,"ZNF805"
490.773259615385,421.900406237425,480.487,420.7775,380.151475,561.604625,335.4648,493.5206,22.0661693086578,6.44204770707758,0.859664616951756,0.875731289296068,-0.218154167435512,-0.191439835871608,"ZNF468"
237.589290384615,250.921921730382,235.30875,245.4453,202.480275,276.7499,185.2104,305.382,8.43744420357631,4.1932149891611,1.05611629768406,1.04307765860811,0.078768710504871,0.0608465725441695,"ZNF616"
18.5998269230769,6.96901911468813,5.71185,1.956,2.827475,24.9765,0.5084,8.5578,3.90871884428563,0.509510084298965,0.374681933520662,0.342445967593687,-1.41626167966636,-1.54605172268022,"ZFP57"
166.095525,192.000818913481,166.74895,188.7554,140.68785,190.383625,159.5509,226.0888,5.6442960601718,2.36258460887024,1.15596623637802,1.131973544661,0.209099260017343,0.178840241356743,"ZNF155"
127.696953846154,106.45598832998,125.7237,101.3925,114.5367,138.721675,79.9574,124.9601,3.74143111258844,1.88590665760354,0.833661141660712,0.806470856330191,-0.262467004487885,-0.310305695651022,"ZNF425"
231.137494230769,150.14892917505,221.4075,147.8424,169.16125,273.265925,109.1652,185.3982,12.1318710378801,2.76947317404659,0.649608708767694,0.667738897733817,-0.622357121213187,-0.582644011024388,"ZNF611"
386.748715384615,399.0256277666,374.02505,378.0549,301.547675,454.10055,300.0156,479.6343,14.7137947300421,6.6450416515859,1.03174389957514,1.01077427835382,0.0450849081014684,0.0154608569264423,"ZNF254"
36.0522057692308,32.2386020120724,35.8704,30.7611,23.6795,46.228125,23.1616,40.5942,1.96198877686164,0.638716202774246,0.894219960310636,0.857562224006423,-0.161298345562639,-0.221686739043797,"ZNF625"
227.920771153846,233.360655331992,200.17575,205.6814,166.789675,275.686875,157.6085,284.1402,12.5647517937909,5.24620289657692,1.02386743494508,1.02750408078901,0.0340289347442682,0.0391441236610913,"ZNF845"
202.344765384615,142.672006036217,155.71615,126.7943,106.78525,266.611925,87.7456,175.626,19.8965512565235,3.60230696160557,0.705093634446275,0.814265572325029,-0.504113238820777,-0.296428689352745,"ZNF90"
90.7279711538462,75.5863376257545,79.23785,70.2461,64.8155,94.06775,55.3851,89.3975,7.53096529455907,1.49456427536415,0.833109532423951,0.88652203460846,-0.263421909624878,-0.173771604964427,"ZNF788"
231.129938461538,289.547006438632,237.97625,275.2322,141.364925,295.6179,194.1942,356.6573,14.3295216475155,5.56517070108927,1.25274556972555,1.15655322747543,0.325093435754896,0.209831663940172,"ZNF880"
81.2372192307692,85.2720267605634,80.82605,80.05,71.366975,90.841925,68.9972,93.6779,2.86104527968337,1.45878438384665,1.04966698230195,0.990398516319924,0.0699316905712087,-0.0139189415826514,"ZNF630"
320.763776923077,252.030559758551,314.7121,246.6667,233.53225,381.81745,174.1015,313.2858,16.2485159462509,4.75677656318022,0.785720140148466,0.783785243719577,-0.347912553798153,-0.351469683229439,"ZNF844"
54.0093865384615,51.3073517102616,55.8929,50.1393,40.109775,68.1825,34.2355,66.956,2.8566503328326,1.06952339973197,0.949971014274051,0.897060270624713,-0.0740446006027773,-0.15672317639801,"ZNF717"
4.26666730769231,2.45342494969819,3.4675,1.4469,2.264525,6.078675,0.4543,2.9809,0.411475415510503,0.159245886934005,0.575021386194079,0.417274693583273,-0.798312481121867,-1.26093066661528,"ZNF492"
248.036411538462,319.730887323944,233.21415,269.5278,195.366975,295.026175,209.0678,362.4958,10.2982262969362,8.47805499583578,1.28904818990402,1.15570946274058,0.366306198560703,0.208778759996486,"ZNF688"
83.9967423076923,60.8564800804829,84.4197,59.226,71.926275,96.549375,48.0123,71.5729,2.80896037325501,0.898925106979645,0.724510003704153,0.701566103646424,-0.464922484891585,-0.511349049616901,"ZNF879"
448.66045,614.480737022133,360.8671,542.133,269.55515,480.955775,384.9653,761.3099,51.483675847521,15.6064487712819,1.36958971316088,1.50230652780483,0.453743770967123,0.587179207675996,"ZNF737"
143.907509615385,119.699317706237,139.4873,118.552,123.10335,160.5384,92.4244,143.6227,5.05201737420886,1.62644646725616,0.831779509117715,0.849912500994714,-0.265726950247388,-0.234613772317892,"ZNF709"
91.4709038461538,66.9574609657948,96.4794,64.753,65.60085,112.4018,45.858,84.9017,4.30404866242578,1.38054454841195,0.732008301551403,0.671158817322662,-0.450068084985793,-0.575273900961784,"ZNF585B"
114.077403846154,115.182584305835,113.7094,113.7844,102.44665,131.223,97.9112,130.8725,3.21817084154716,1.25700168724177,1.00968798747534,1.00065957607726,0.0139095420210902,0.000951253458219802,"ZNF324B"
278.119817307692,248.929320724346,275.092,240.5986,231.2238,314.347875,212.1313,286.4494,9.28961568066001,2.71253310211265,0.895043449740757,0.874611402730723,-0.159970375411045,-0.193285937234502,"ZNF564"
90.0229673076923,91.685984305835,86.3045,87.3711,69.6047,102.3755,72.6267,106.6339,4.08928350405869,1.44439110426217,1.01847325241412,1.01235856762973,0.0264080921189979,0.0177203692006236,"ZNF674"
196.165982692308,254.793587525151,193.8513,230.4332,128.81935,233.035125,150.9749,333.6283,10.8046958437988,6.5497726173256,1.29886733687564,1.18871114096217,0.377254084977122,0.249398180070073,"ZNF432"
254.358680769231,246.928823742455,241.16055,236.7374,191.46265,288.228425,182.9414,292.7005,13.6600687304161,4.19485682474068,0.970789842893088,0.981658899019761,-0.0427690808404554,-0.0267062823428465,"ZNF10"
57.9422961538462,25.2933150905433,46.653,20.4978,32.55325,64.734025,9.6064,34.3187,6.16742624313004,1.02281294942045,0.436525936483177,0.439367243264099,-1.19586071978634,-1.18650078029695,"ZNF486"
74.8807096153846,67.8710386317907,76.26735,69.1748,63.86055,86.127075,54.4423,82.0254,2.43093664353191,0.927014649204727,0.906388828049331,0.907004111195682,-0.141798015963222,-0.140819004786067,"ZNF225"
821.219840384615,1449.26781851107,808.4669,1413.0307,547.256725,1090.15015,988.0425,1840.7376,57.3959150795109,26.9772112517175,1.76477448210738,1.74779041665157,0.819483835432632,0.805532196860536,"ZNF350"
244.760223076923,312.412094567404,228.97045,296.1294,196.4604,298.611625,233.759,373.7661,10.6289252778009,5.10632854345822,1.27640059581585,1.2933083723249,0.352081187171079,0.371066307770688,"ZNF253"
2.83477307692308,3.38457142857143,2.20385,2.5081,1.208575,3.254675,1.5414,3.9608,0.41665989709839,0.166610945129778,1.1939479234243,1.13805386028995,0.255739911765221,0.186568837200245,"ZNF878"
18.2041576923077,9.87239657947686,15.12415,4.9628,8.516475,26.494975,1.4547,13.49,1.74307848415329,0.585952700401859,0.542315483437529,0.328137449046723,-0.882795734123663,-1.60762784247907,"ZNF727"
76.4973961538462,60.4045939637827,72.91365,44.8534,61.34885,84.302425,24.2718,77.3759,4.52038393839561,2.31811053480699,0.789629412252167,0.615157792813829,-0.340752366339179,-0.700971574336477,"ZNF578"
4866.58402884615,6122.35004688129,4702.2887,5812.3914,4160.4027,5537.47645,5192.3901,6663.4976,140.109996129578,68.5715633763813,1.25803849488506,1.23607710432581,0.331176068107572,0.30576873884018,"TRIM28"
