"gene","p-adj-Low grade dysplasia-High grade dysplasia","p-adj-Negative/no dysplasia-High grade dysplasia","p-adj-Negative/no dysplasia-Low grade dysplasia","mean-High grade dysplasia","mean-Low grade dysplasia","mean-Negative/no dysplasia","SEM-High grade dysplasia","SEM-Low grade dysplasia","SEM-Negative/no dysplasia","Q1-High grade dysplasia","Q1-Low grade dysplasia","Q1-Negative/no dysplasia","Q3-High grade dysplasia","Q3-Low grade dysplasia","Q3-Negative/no dysplasia","count-High grade dysplasia","count-Low grade dysplasia","count-Negative/no dysplasia"
"ZNF195",0.974023206566202,0.26030527241325,0.774800235891323,558.800459259259,530.50015,444.553334210526,33.7075282298576,93.5854663846645,56.807168870217,424.8555,388.492275,263.03825,615.79125,544.1922,530.69995,27,6,38
"ZNF263",0.864814520690018,0.0883255210537164,0.763586377336067,585.609403703704,554.112166666667,512.285286842105,24.9171018332874,59.226052583294,22.5136358172931,508.12715,460.33115,447.723075,657.82195,673.081225,588.183525,27,6,38
"ZNF200",0.934389913946414,0.0962187771467825,0.676038774004298,246.782581481481,236.07865,210.979005263158,14.5745241447226,23.6621442919381,10.1350873354997,192.7109,205.789125,171.114475,284.1063,279.19835,233.4688,27,6,38
"ZNF582",0.910135591656939,0.999586007683556,0.898661939725895,10.4467555555556,7.15086666666667,10.5685368421053,2.92804493941708,1.75657538308051,3.27537357419677,2.2204,5.248625,2.306275,11.815,9.034925,10.39085,27,6,38
"ZNF285",0.216925070520392,0.484909051060789,0.533386943616424,14.6303222222222,3.15941666666667,10.2603736842105,3.95452253602502,0.821619920002214,1.7702819879155,1.72245,2.327825,2.694475,21.7494,3.874875,13.96035,27,6,38
"ZNF275",0.620825598545488,0.732351740998788,0.858067186322286,789.735611111111,647.401116666667,725.669644736842,62.6216090741699,97.9505202932257,57.8893265513979,534.3017,450.00075,430.90805,1014.1047,827.325525,864.00825,27,6,38
"ZNF37A",0.894695192050004,0.0657930788034313,0.677651739917136,606.979485185185,559.732183333333,473.512092105263,38.832423339548,115.111043910534,39.8117159684974,452.9107,309.222275,259.077625,738.47615,797.80335,681.349725,27,6,38
"ZNF510",0.929119472627289,0.0644056334696842,0.620117584569895,359.345037037037,339.3258,289.461757894737,20.2682074180779,81.833227899279,19.0944395074138,293.35825,207.141575,214.744625,420.61865,475.503025,388.568725,27,6,38
"ZNF506",0.868366443270755,0.64763755800656,0.999946443009778,508.778911111111,417.862233333333,419.583778947368,76.9351617704796,135.21900030455,65.5775201818542,324.06045,182.43515,201.8534,546.46575,568.930575,404.193325,27,6,38
"ZNF324",0.963135834424637,0.174872347106312,0.398013626573825,181.277103703704,170.419666666667,223.188155263158,9.81229236750653,29.4077543586003,18.5475276587267,148.3973,114.000925,156.128025,207.60785,204.683025,251.142425,27,6,38
"ZNF671",0.78535712159506,0.135286590645796,0.179466424924972,66.9642962962963,77.5769666666667,49.6564342105263,7.47184327586206,17.6477315072441,5.12095057392265,33.84335,46.2423,24.770375,101.8259,96.2313,62.717325,27,6,38
"ZNF416",0.950193158738562,0.779322734471811,0.764817104367584,112.626333333333,119.0182,104.737144736842,8.51888935076289,26.717271938517,7.28789368602387,91.515,73.070025,79.784375,132.8899,140.491375,127.7057,27,6,38
"ZNF586",0.59470956422011,0.954490175059823,0.682277727438893,220.816174074074,180.79165,214.163134210526,14.0687134240026,31.660285910172,16.715631341375,165.12255,123.475225,155.6395,269.19955,219.392025,239.437275,27,6,38
"ZNF446",0.932802840163513,0.292797433691734,0.439687696575372,157.256733333333,138.360483333333,202.016263157895,11.3321062274583,24.1969009127535,24.3811499655844,115.6476,106.171125,124.976875,182.2736,145.44475,230.411775,27,6,38
"ZNF8",0.563316154112222,0.0975340070551181,0.987846987422795,266.80247037037,222.5059,216.245444736842,19.6964280827008,34.6519526945404,14.9487648318554,196.16615,178.667675,149.384675,337.6498,246.0121,270.88175,27,6,38
"ZNF264",0.0686157539289195,0.863405127928876,0.113889210738284,1227.94777407407,710.9968,1162.00286315789,75.9923276003475,133.948085156247,95.7181946961261,962.586,509.411225,726.484025,1473.3649,889.1296,1437.7554,27,6,38
"ZNF213",0.927485607058143,0.925640347802625,0.985061163823918,668.920937037037,631.977666666667,648.047355263158,40.3794905939617,107.121923751828,36.2070948645663,507.2471,437.650025,482.788825,824.9647,816.316025,743.604075,27,6,38
"ZNF343",0.874259903229559,0.885669839123655,0.969097642265764,309.589744444444,287.972766666667,298.132194736842,19.7712694935272,14.6064393052212,15.9477796040903,209.713,273.68715,219.1897,372.04105,283.86435,366.083175,27,6,38
"ZNF302",0.554711639467544,0.309520043758364,0.142844911116328,396.388233333333,496.981866666667,316.822668421053,37.4077054458489,201.718301447867,25.6182872281843,301.44695,207.0274,222.2003,463.61025,472.97055,410.130375,27,6,38
"ZNF268",0.7040431649765,0.977406861999779,0.617669261314416,386.426796296296,460.1682,375.964378947368,41.6068904883316,138.902018112267,27.1880469597229,214.06955,307.4798,297.092675,555.7578,439.97625,479.904,27,6,38
"ZNF184",0.284106064196494,0.759123450818393,0.125808530668336,228.453062962963,304.020883333333,208.910039473684,14.9431636774003,94.4984452041387,16.6816364813966,162.052,162.818,150.503425,285.7211,378.553275,231.647375,27,6,38
"ZNF500",0.975165011824376,0.997467902656597,0.963899191653538,229.390744444444,237.5036,227.954513157895,15.8926537806857,50.0624229758875,12.7608997898927,180.74295,160.0216,178.769175,294.29755,282.565425,262.11775,27,6,38
"ZNF419",0.56949115541272,0.595034843999924,0.251621058448442,79.751937037037,98.3950333333333,69.7724947368421,9.29905442340426,24.4269614474753,4.90510347210264,58.10285,45.87615,53.29725,99.65315,148.587825,88.839575,27,6,38
"ZNF175",0.891409530481349,0.700857352496609,0.999964244596012,158.122581481481,139.50795,139.827152631579,21.5046019529353,42.0589292480661,11.184438036499,68.6677,68.85985,93.176975,206.1619,170.333075,184.921325,27,6,38
"ZNF14",0.649930388533418,0.19106861121891,0.140843965152229,167.787307407407,201.981116666667,129.989181578947,16.2491478114569,44.3324228279741,13.3637817070403,102.076,145.1605,81.596125,200.5017,217.663925,148.362825,27,6,38
"ZNF85",0.946763771693302,0.761687607670282,0.996492986463295,40.7361518518519,48.3148,50.1832342105263,9.41790137552108,20.8469230621052,9.15058136683127,11.78725,14.32845,17.512675,43.12875,83.176225,62.14125,27,6,38
"ZKSCAN1",0.988099499792759,0.251844566972909,0.724792060737425,2314.8787962963,2230.18996666667,1801.54464736842,284.626945675097,646.138490163622,170.427286649026,1316.47755,1316.014275,984.87855,2687.8408,2082.600425,2302.5081,27,6,38
"ZNF862",0.922339354726787,0.749311907888368,0.999734605102894,410.346648148148,361.523883333333,358.802986842105,54.5688542602666,146.920535683719,43.6629563713999,182.10505,123.84455,188.590225,563.2294,468.6152,435.444325,27,6,38
"ZNF684",0.89486591260447,0.0162551682467182,0.478264352094242,63.7952666666667,59.0576666666667,47.1059026315789,4.5526884811109,10.8321132434894,3.67995357605406,45.70375,41.1624,32.759175,77.53985,74.639175,66.263075,27,6,38
"ZNF430",0.394685958125537,0.912034809239525,0.261165861059323,163.924377777778,117.3073,172.042694736842,11.3764223586843,16.2300670588674,15.1824992566594,129.5008,98.345325,113.4536,193.12805,143.923775,205.960125,27,6,38
"ZFP30",0.670109960077837,0.665112761823484,0.922000319093109,96.2923851851852,131.47415,116.096442105263,19.5518398969772,45.5285212618109,12.9087580371077,22.91445,58.869625,69.489675,139.88675,148.0381,153.602,27,6,38
"ZNF549",0.438475599945253,0.380290117304932,0.871336662235967,146.652081481481,90.1597166666667,112.490705263158,23.4906251420983,19.5972890415557,14.6728067011666,40.86665,79.69635,50.78555,201.93035,100.66555,163.542125,27,6,38
"ZNF211",0.280516527979813,0.0258355527510146,0.99846388508227,249.145455555556,174.539683333333,177.035468421053,27.3378302065993,26.3169070822595,13.1115055213238,141.574,147.82265,110.93495,313.85855,221.9316,220.552025,27,6,38
"ZNF205",0.95602354420819,0.728793487419302,0.74729022709895,239.054918518519,228.06385,255.353136842105,12.7071704533711,38.4583840606419,15.4641258756885,205.1994,152.1664,190.9759,284.50735,278.91285,321.324,27,6,38
"ZNF45",0.555105912187891,0.0622796099843773,0.965731935018652,260.570481481481,212.96235,201.741760526316,26.2771247345972,17.6482432866985,12.1314395569812,180.21685,177.0209,151.34205,299.40735,237.243375,239.7628,27,6,38
"ZNF133",0.919162180851771,0.768977681456561,0.705211983224403,289.193592592593,271.73755,306.407528947368,18.848058040949,39.3333406891554,16.1884426620704,213.57615,226.59425,244.55815,377.69655,313.0172,384.291725,27,6,38
"ZNF436",0.999937303355694,0.0273542966727123,0.296394691033729,459.619959259259,461.02665,653.869097368421,50.2781928604403,99.8803031935151,51.538045824022,297.3591,361.01085,428.17985,504.90505,433.1982,830.773475,27,6,38
"ZNF484",0.309340664248712,0.445066529613975,0.694664847086953,163.751411111111,120.35875,143.718181578947,10.8177203602292,24.5352727749629,11.5875542939595,128.06325,84.301675,94.91555,204.60665,166.322825,166.9495,27,6,38
"ZNF780B",0.921913643960013,0.0105608999023635,0.0951802567788784,419.897155555556,450.53815,286.739231578947,36.8496676062045,104.331876944386,24.4754588427456,332.43955,265.604675,193.883525,531.69645,495.41685,355.89435,27,6,38
"ZNF557",0.960562358625316,0.149213938577859,0.700908400615468,205.367948148148,196.9483,172.521692105263,12.2338335363006,21.4884168103035,12.0777332226829,167.42945,166.689075,126.630325,220.81615,242.153925,204.320275,27,6,38
"ZNF337",0.975582062068967,0.884683018756811,0.877230638888785,383.034014814815,366.514816666667,403.562136842105,32.2947868184787,108.086707270026,25.9664175424453,272.9116,206.82185,311.19465,509.98215,363.598775,483.19975,27,6,38
"ZNF317",0.316594949918744,0.0547996303760712,0.987796122115436,1047.28780740741,870.01375,887.655005263158,41.1625361457084,91.2946724663448,49.7731851906643,930.11365,692.988175,706.825125,1138.31325,1050.3216,1023.158475,27,6,38
"ZNF426",0.921148265638219,0.0810218326362009,0.232517582710057,169.27217037037,133.327566666667,282.662197368421,14.7455779692597,21.8054343170637,44.0141697554906,116.5531,90.756875,104.66625,203.18025,171.579575,326.6078,27,6,38
"ZNF331",0.719164663489697,0.76709526667967,0.916269020885546,205.081355555556,310.721133333333,257.883944736842,53.6653784830376,184.650887075255,47.3137996335323,50.46045,52.46165,67.915425,208.32175,339.877475,297.145325,27,6,38
"ZNF227",0.639222448611165,0.0161875756313791,0.765667091752506,287.494162962963,247.446566666667,217.387771052632,23.7975004336465,34.6000223856254,12.5274437457562,202.6951,178.2855,178.964775,302.67875,302.154175,265.00915,27,6,38
"ZNF141",0.93939195462084,0.823344684277504,0.999984169276928,56.3667666666667,64.2779833333333,64.1555263157895,11.759911348533,29.4866966409195,6.57879943849733,10.15855,8.249975,38.975525,76.3974,103.93015,84.223225,27,6,38
"ZNF304",0.802806918270432,0.989545918877458,0.747258490387288,290.712066666667,262.125666666667,294.192418421053,21.253359017984,33.1277723490394,15.3647861125916,181.8469,247.44145,243.02585,375.06555,302.0065,363.917975,27,6,38
"ZNF132",0.987450045140478,0.496593816538977,0.701026455346572,52.4417851851852,49.0192166666667,66.7426605263158,8.67119288986959,8.88623902167153,9.06400531770563,32.18315,33.2589,33.522525,63.837,59.30125,73.118425,27,6,38
"ZNF20",0.405804278499491,0.390207742437061,0.101545035772384,107.155237037037,131.097533333333,93.5111789473684,5.88406410687319,28.1518889668013,6.90073655793305,84.96395,100.001725,69.189525,125.6155,139.714625,106.239525,27,6,38
"ZNF670",0.990830275765429,0.0417410806109606,0.409515811144206,107.950325925926,105.261333333333,79.283297368421,9.4905561688572,17.898328269863,7.13585690683829,69.63785,89.46275,56.565775,131.12185,132.223375,84.151675,27,6,38
"ZFP37",0.797771048763267,0.82669825049732,0.581710638514987,54.0305407407407,66.94855,47.4208394736842,8.00198012463478,43.3949587555878,4.91173959718286,24.9383,14.52975,24.940575,67.6371,46.782225,64.341175,27,6,38
"ZNF189",0.0771220975965411,0.0088784166283794,0.863423492996314,605.445407407407,392.676783333333,441.164302631579,41.5536957379381,72.1975022704129,35.10977638091,422.8546,266.912025,282.758325,787.13645,477.48455,565.823375,27,6,38
"ZNF434",0.993787084732469,0.189834853094455,0.641637215657967,352.041748148148,348.160883333333,316.157755263158,14.6696056919184,29.1978125548521,13.8079826838363,303.2933,307.579225,268.449275,409.3677,374.5092,362.581425,27,6,38
"ZNF287",0.700097845938759,0.0571510851695166,0.866103517377311,29.8130333333333,43.0036833333333,51.1398526315789,5.72625368353063,16.3762147714995,6.43145081599254,5.34625,15.598025,20.0718,38.99845,55.060725,74.109075,27,6,38
"ZIM3",0.994382880769515,0.382040457204914,0.787416945343926,0.0121592592592593,0.0489833333333333,0.282955263157895,0.0121592592592593,0.0489833333333333,0.177151695075834,0,0,0,0,0,0,27,6,38
"ZFP14",0.656363706544279,0.323551183809233,0.201635707792349,148.846911111111,188.129616666667,112.747736842105,20.5991977976803,73.3157610725707,12.2250395074272,76.1955,55.450525,61.153125,197.4105,277.014325,148.90155,27,6,38
"ZNF473",0.984211989106795,0.00726780011270522,0.128645618311021,410.690722222222,421.133,303.569284210526,27.8965352147117,59.823198777637,20.7779769966049,281.07245,333.71035,214.430875,508.5292,513.9663,359.358275,27,6,38
"ZNF614",0.886203721841072,0.447017830801945,0.974587797628628,265.971292592593,229.038716666667,212.460202631579,43.6737049090312,53.6222625872713,21.4691940691374,113.0034,167.333125,111.33,332.69925,262.436925,318.03115,27,6,38
"POGK",0.956899970917671,0.650817543193509,0.705340895191628,2021.5447962963,2104.61765,1876.37029473684,129.304369277548,209.783980620063,105.832368514864,1527.6013,1727.14525,1476.5239,2426.62435,2468.92215,2265.048575,27,6,38
"ZNF514",0.990757610196729,0.193430126556981,0.660408257966486,291.9622,284.100866666667,232.759705263158,27.1848499353761,73.8060781775036,19.6432734146147,191.5211,158.780975,139.467125,357.16435,334.158175,282.140225,27,6,38
"ZNF300",0.837584538410074,0.877936050171613,0.665783931163124,113.574974074074,135.104983333333,103.289134210526,18.7538203575912,43.5532085370559,11.1871024396971,38.8996,44.86965,63.85885,150.77005,215.074725,140.102725,27,6,38
"RBAK",0.715390779762914,0.87596497350748,0.860813268943568,822.439392592593,709.017916666667,782.740557894737,66.9612231606587,140.814083365075,48.3190146892333,582.88675,476.77355,622.0883,972.47225,780.058825,827.0386,27,6,38
"ZNF92",0.723507716395087,0.498867219714469,0.988964551847633,355.768540740741,297.354783333333,307.852036842105,32.6339363587262,55.8190019398019,27.8128929770306,257.1134,186.1946,186.91845,422.81095,399.308425,380.74345,27,6,38
"ZNF157",0.000120278780465943,0.82875059516308,0.000255751859858044,0.721062962962963,7.31265,1.21101578947368,0.215060642156557,4.01193146026117,0.411691375925892,0,0.6775,0,0.9698,9.4706,1.220625,27,6,38
"ZNF182",0.240182995217729,0.546353992441656,0.0658182470269831,200.611281481481,292.94615,167.342710526316,15.1156575553186,115.956416955989,19.00119029934,151.93495,169.508,101.466325,258.47065,258.423925,190.027825,27,6,38
"ZNF673",0.131712993370531,0.978262559414866,0.148532836801014,165.630485185185,238.8729,169.805442105263,12.2296352580958,69.068316262128,12.5383845482376,119.07755,164.7909,118.458925,203.46875,222.716,213.538625,27,6,38
"ZNF41",0.99820654419386,0.527171272645383,0.840403676382304,323.598677777778,319.128883333333,276.242528947368,21.3418253518541,71.9492844796825,33.4512145159657,239.83705,181.0996,186.73855,372.0069,383.404725,294.15285,27,6,38
"ZNF7",0.999999985553607,0.999446822528425,0.999821679114893,462.90797037037,462.921883333333,464.426481578947,39.0243645741712,106.691919633536,27.3987340195433,343.92515,338.325175,345.7865,566.22335,453.35375,544.364375,27,6,38
"ZNF214",0.937954710626292,0.0524636672844676,0.572644391796878,41.6327777777778,37.3148333333333,24.8589157894737,6.01750204893416,17.7415029321582,3.6415450021888,20.79085,10.783625,10.102025,55.72975,39.9161,33.358375,27,6,38
"ZNF215",0.566966093171228,0.276811280129945,0.985490855543156,91.9265925925926,59.6488166666667,64.6649631578947,15.4887090090429,25.6359237107152,10.1983356950274,13.34385,15.37605,10.457625,149.54005,93.9866,96.357825,27,6,38
"ZNF547",0.546093570888924,0.201818430851255,0.103097247286302,54.0769111111111,66.14995,43.0250526315789,5.07576707758049,7.95685022027142,4.11961516378728,37.2924,61.29065,25.925925,65.8166,80.170275,55.98065,27,6,38
"ZNF773",0.852778654969184,0.180161140513941,0.884046429770591,78.7641185185185,68.7349166666667,60.1503342105263,9.80984457176974,19.8654336815051,5.09524765832043,42.07545,37.049325,37.01785,114.4627,91.523475,78.625975,27,6,38
"ZNF776",0.414665791220455,0.30548930463269,0.890433439852495,438.642644444444,348.652633333333,380.230263157895,22.8930385276967,49.3487225543456,29.5135350259581,369.54055,268.50075,263.11275,508.07925,438.1876,460.3603,27,6,38
"ZNF256",0.984667407192844,0.00195687108078868,0.0764893641401927,33.1823185185185,29.1302,81.2129236842105,7.64764039176578,7.75235761584823,10.4200729031664,6.6261,15.835175,31.330825,45.32445,44.95245,105.8788,27,6,38
"ZNF599",0.987842344633453,0.76123957869598,0.843178393534257,56.301362962963,53.70765,63.1489184210526,8.40882636122617,12.5435913067125,5.7717496415391,28.48655,36.942825,40.314375,71.87075,70.75195,93.668975,27,6,38
"ZNF18",0.695893776375379,0.023773292999889,0.0519292555183836,135.256014814815,116.142133333333,170.561131578947,8.4477745549103,15.4625370249876,9.50171882754139,97.16065,91.38275,127.588675,174.30445,139.976025,215.190175,27,6,38
"ZKSCAN2",0.0708011984017791,0.804170767172164,0.0254877453284689,146.261988888889,226.89195,133.646639473684,15.9618275292997,51.9684716844534,11.011933884937,87.86345,127.177925,83.9804,158.79665,334.932925,162.046825,27,6,38
"ZNF689",0.378469568039961,0.0906500136576028,0.0304364664646457,211.950159259259,266.289916666667,163.686621052632,14.9800744224064,86.8639261028244,10.8471662635484,168.4878,117.9922,123.15925,255.48785,325.2773,208.94,27,6,38
"ZNF19",0.346427493998576,0.153071106203432,0.0375628536266509,51.2417222222222,66.1610833333333,40.0874947368421,4.67761375680424,18.3505289355814,2.97324006693338,31.47625,32.85495,27.736575,62.91485,100.917275,45.924125,27,6,38
"ZNF230",0.890815362047355,0.250671498781761,0.895285871422708,79.4143851851852,72.5072333333333,65.9317631578947,8.06186204394519,13.0373376468681,4.2214413700101,50.92195,45.699575,51.1091,91.9648,96.889575,76.93305,27,6,38
"ZNF222",0.994310307544376,0.0108887854681431,0.25046141357741,36.0252296296296,35.2899166666667,23.9983921052632,4.08135701073939,6.4553966093193,1.78783821919887,26.0916,27.037825,18.058075,38.21345,46.258425,31.64975,27,6,38
"ZNF221",0.395125260669208,0.0221682040373068,0.974944745498578,41.3535444444444,24.1300833333333,21.3819710526316,8.08539441730404,7.66583683265855,2.68508727046495,14.47,8.047075,9.73935,53.062,36.600775,28.4066,27,6,38
"ZNF233",0.945371535995128,0.09121101742965,0.274904589857636,39.7178888888889,44.0888,23.4569,7.94177179015156,12.1426406271179,3.13570167657135,18.235,25.7545,11.439225,38.01405,66.719075,30.592725,27,6,38
"ZNF235",0.996912679150543,0.272699851142316,0.599967989812282,92.7389962962963,94.2445833333333,75.319002631579,10.926906604651,16.8152017144094,5.50531612192484,59.48525,65.594475,46.939425,106.867,108.69525,97.7938,27,6,38
"ZNF208",0.544903560664671,0.178836181738676,0.998295043779457,73.650362962963,8.46491666666667,11.8096421052632,42.4321044269827,4.42504462895887,2.53710150712634,2.46,4.088125,2.95815,22.56475,5.71705,13.60005,27,6,38
"ZNF714",0.891993834390263,0.979263353430912,0.93239028438587,348.809848148148,398.657733333333,360.702460526316,32.5953701327077,76.6310241411387,46.732509027237,236.4602,378.8876,154.764575,470.79295,514.719175,469.876275,27,6,38
"ZNF394",0.946714235897059,0.796404390403125,0.768428766203625,480.768418518519,451.126116666667,514.528468421053,21.5839295106277,70.3179139302706,41.9547170661081,400.03925,372.877675,359.12255,537.11575,505.194475,566.134,27,6,38
"ZNF333",0.713923460290451,0.527108604518827,0.981398938899061,159.859011111111,139.377733333333,144.069457894737,11.2983803951918,25.1923679145182,9.2005423304277,118.8316,117.19985,113.70555,203.2771,134.3909,184.84055,27,6,38
"ZNF382",0.0666910592511915,0.971782362806119,0.0423931755095868,16.106462962963,38.6204333333333,14.8469815789474,2.11931030657612,28.3804284588713,1.97091977423852,7.9233,9.737975,6.134425,21.6588,14.144825,18.125425,27,6,38
"ZNF577",0.307787849212291,0.534094462517863,0.639765912951624,90.0362333333333,46.0740666666667,72.2406973684211,14.8809249301545,11.5384509337163,9.83108584162565,31.0385,26.74015,29.633425,151.89525,68.099875,78.60535,27,6,38
"ZNF75A",0.691569175659715,0.290420668802402,0.999662429132001,157.614207407407,196.791166666667,197.940984210526,17.8851132065349,45.570367737816,18.358211417059,89.69295,138.442775,138.862625,197.5198,202.411325,211.151375,27,6,38
"ZNF496",0.798632385204323,0.756900366339887,0.966361963974107,470.624159259259,411.623066666667,433.985410526316,42.9495976239652,64.7131557077882,31.7440479088833,352.6184,309.660725,292.751625,480.5607,469.388275,509.0775,27,6,38
"ZNF2",0.993274354957738,0.314085492082976,0.74916850992954,121.681540740741,119.697233333333,107.029413157895,9.96345104664525,17.1689619037119,4.5289990649293,83.24455,100.46695,83.011025,142.1401,133.69935,123.4638,27,6,38
"ZNF589",0.946615455408046,0.905298382860489,0.837603027768845,276.631211111111,296.610866666667,261.620328947368,29.4292087265977,68.0679356932404,20.4983360538837,167.0261,174.11135,163.73745,296.50985,407.165625,377.340925,27,6,38
"PRDM9",0.877572177515335,0.973153004669728,0.926143738962096,2.95095185185185,0.5329,2.33597105263158,2.51827330898713,0.44281886590343,1.63577273940403,0,0,0,0.125,0.364725,0.299275,27,6,38
"ZNF12",0.983556428304438,0.693218908906437,0.954580089722,1045.86613333333,1013.48828333333,960.706597368421,64.6563850691357,291.194848849645,66.1610956246839,797.99225,666.784375,663.4405,1291.0867,936.003025,1240.6256,27,6,38
"ZNF202",0.924380802334715,0.474331004732349,0.956910481262205,295.551085185185,277.834083333333,264.931913157895,21.1080172845089,14.8918175396741,17.1635448842316,225.13315,260.73915,199.079875,362.5585,305.575075,319.257175,27,6,38
"ZNF3",0.848862182977892,0.534508746076647,0.998433072042548,826.359151851852,744.3621,736.566289473684,54.8384954068074,115.892782382652,59.7214187940344,607.0337,599.461,494.5057,1017.93275,691.451125,872.2928,27,6,38
"ZNF606",0.911679588750782,0.948028792126227,0.968049680857274,156.191362962963,182.450133333333,167.312707894737,30.2911228411514,75.4646165670449,19.8693908786905,18.6294,87.34815,87.8191,219.22485,236.3581,235.07235,27,6,38
"ZNF91",0.470416276342732,0.0204039231904757,0.928351737801273,653.876907407407,464.469133333333,406.949681578947,66.1769724901117,132.714396738263,59.8161929512021,434.7534,344.63185,128.657425,832.3396,528.242675,518.61015,27,6,38
"ZNF226",0.940108663099571,0.0414387615510058,0.533618663162539,251.751296296296,235.1961,183.538765789474,23.7575338347082,48.7522661354526,15.7386338693783,181.42875,162.930625,133.399875,265.3902,265.3577,231.664225,27,6,38
"ZNF229",0.571469623175128,0.595098664723065,0.880130790820599,77.9632703703704,17.9797666666667,45.7577394736842,37.2215657847881,10.4774039262172,11.7864516886508,5.5862,6.21815,6.274025,31.34125,13.371825,43.291025,27,6,38
"ZNF180",0.816989576759717,0.131353256169349,0.873015506324041,196.33797037037,178.789783333333,164.798347368421,14.4643182435968,15.1418131828263,9.45092975586954,152.945,148.351625,127.214575,216.60565,202.310025,196.788025,27,6,38
"ZNF641",0.663642507899516,0.325166027952274,0.997818373994464,196.14507037037,163.18015,165.513028947368,20.9389317956661,20.2519834802545,10.7997494050888,136.0752,135.627575,115.9001,219.42935,206.164025,212.68625,27,6,38
"ZNF610",0.902497009319317,0.140351967935021,0.788775293197639,9.31545185185185,13.9949833333333,20.9305026315789,1.92647960197342,5.39057862592484,5.04124580875769,3.1216,4.779625,3.0329,10.4501,18.36955,25.3089,27,6,38
"ZNF528",0.508805316045154,0.937854898306136,0.378158102882181,121.74907037037,29.9614166666667,137.433136842105,40.4028881336417,5.43521396508709,28.2152155614665,17.56265,24.34825,48.615175,96.29145,38.484675,141.372125,27,6,38
"ZNF701",0.987793601513406,0.359307266728972,0.801522279563314,136.235511111111,129.495166666667,101.595736842105,23.0366291299445,43.7043137592898,13.3564149702691,47.53315,50.201575,36.69975,202.50855,215.05765,151.666875,27,6,38
"ZNF283",0.520074171207344,0.101970569835004,0.997663908449032,92.8366518518519,71.398,70.1574657894737,9.88829703659112,8.03592310478392,6.38072692560577,64.58405,58.366,47.50535,99.8336,82.07895,82.0704,27,6,38
"ZNF558",0.893001271808565,0.858342499728589,0.985293968355592,331.449537037037,366.761533333333,354.337073684211,30.2475190751459,138.3305467912,23.9619176845737,215.51665,166.632725,250.53095,401.76795,371.50585,477.10055,27,6,38
"ZNF597",0.996510541662395,0.119315555159751,0.440233242270955,67.7678740740741,69.2392833333333,47.1309473684211,8.65153155874956,22.7287295631677,5.71625143567503,41.71605,39.321775,21.332825,91.82825,78.308475,63.3607,27,6,38
"ZNF30",0.421662428992035,0.0109269046531344,0.0102581334696892,102.550018518519,132.586183333333,62.94935,10.945295458584,45.2023684680306,5.58260894099234,60.85145,62.466875,47.1506,117.0232,138.327175,70.309125,27,6,38
"ZNF354A",0.753830639843389,0.772580053953958,0.936708652851362,217.409107407407,253.998316666667,236.902489473684,19.9869732128446,59.2335933328401,18.5084689865666,152.98305,158.60805,156.3483,244.3731,286.17285,290.9606,27,6,38
"ZNF764",0.946938504136279,0.00346319734453493,0.24823252729309,260.265062962963,243.691616666667,161.123952631579,33.1087447128756,23.8144692207128,9.96925279062273,162.83515,232.542525,120.169625,291.1578,274.1422,181.33955,27,6,38
"ZNF747",0.908691421004007,0.815551838317163,0.717956894096747,205.585037037037,221.4843,192.633318421053,16.0063667726084,22.5213079289814,14.3605102394348,136.9991,191.032625,136.79985,265.7045,259.6657,220.299,27,6,38
"ZNF778",0.754669716888373,0.922301752348485,0.863618474663559,97.054062962963,109.5393,100.779502631579,6.23624602128864,21.9847740303299,6.51015879179191,77.10585,72.6372,67.66275,112.21335,150.001,125.7222,27,6,38
"ZNF212",0.997701385089895,0.16980773815109,0.593123829636715,238.075540740741,240.712266666667,279.565218421053,15.6772998602351,28.9430631690758,15.9640880546529,190.29135,205.44255,209.3942,283.5017,268.8879,344.46795,27,6,38
"ZNF282",0.93757695544516,0.126693617789753,0.305877560606731,867.287066666667,822.700216666667,1010.68477631579,45.5409991404208,73.2165213923807,53.688696666046,697.32905,711.225475,816.408275,972.10685,944.082675,1271.789425,27,6,38
"ZNF160",0.997511657834079,0.593915204762337,0.87600313438751,499.256796296296,487.43915,403.491010526316,101.469035755021,152.566741293664,41.2288048763706,134.92955,270.020825,203.55395,611.59355,786.40705,520.35805,27,6,38
"ZNF415",0.757208163461726,0.477034234109165,0.997803985071914,68.1100740740741,31.2558166666667,34.4368894736842,34.3449856896281,8.62107585445563,6.74012536382645,6.9772,20.682975,7.363675,34.3834,35.76725,44.294025,27,6,38
"ZNF439",0.0289933532623499,0.9975315221586,0.0218155291885236,37.5224740740741,96.15455,36.6861526315789,7.68385811325484,53.8106175107896,5.27659616036279,11.89985,18.434575,14.143825,36.6709,127.039775,51.282825,27,6,38
"ZNF440",0.24148081929884,0.355308207806885,0.655481591426085,496.213644444444,339.275433333333,421.792365789474,41.9218549618318,43.5224165421657,35.9450792762432,350.2757,254.2642,251.3171,597.00645,383.74275,577.418225,27,6,38
"ZNF562",0.964525945248724,0.297169468287542,0.822414882283731,798.977948148148,761.851116666667,677.651165789474,43.9213577760366,102.899623230552,61.6689838599379,650.52765,738.4326,375.06315,929.79335,901.974725,847.201625,27,6,38
"ZNF561",0.922214298616496,0.781209565647725,0.717514741366139,524.42537037037,488.1638,559.791657894737,21.5985944895676,13.9135502429346,43.4195390834457,472.18295,482.1837,327.19945,592.50565,512.787275,702.055625,27,6,38
"ZNF584",0.308412478239471,0.41044087400073,0.0698797544670333,183.815903703704,122.427666666667,213.524589473684,11.8570004672952,12.1881070196501,18.3559900270452,137.10195,95.005625,155.296025,206.0672,146.287675,227.1989,27,6,38
"ZNF274",0.42351863868607,0.859678825074466,0.255472282877266,362.635974074074,219.1274,395.989568421053,51.4576669621231,39.2226794672249,41.6316032648515,226.90825,161.100575,242.1579,423.4539,274.841225,430.42255,27,6,38
"ZIK1",0.980107035640545,0.20924541361712,0.471861538173311,14.8088222222222,12.0050333333333,28.8033763157895,2.72658118885376,2.74726659010572,6.87893898514778,6.5166,6.67145,7.923975,20.0447,17.1138,30.30505,27,6,38
"ZNF540",0.140511182082832,0.829472577974777,0.0614178889218556,18.842762962963,35.0584833333333,16.0968684210526,2.91688488498517,18.2826269033094,2.35255790044617,8.13705,10.70765,7.111525,23.5822,31.9689,20.554025,27,6,38
"ZNF570",0.594855702692494,0.200836375556985,0.121336562447118,20.8120185185185,11.0202333333333,30.5082789473684,3.76611198102112,2.29584487856746,4.09085824502441,6.902,9.73265,9.929525,29.7504,14.1047,44.396675,27,6,38
"ZNF57",0.11468120031432,0.149161797063122,0.58313837636574,206.544481481481,123.509433333333,163.24325,21.5783248150444,19.3290730882897,12.6481461290489,144.0926,93.523075,105.952525,234.85595,162.76185,206.893675,27,6,38
"ZNF556",0.570325864999491,0.418286469995561,0.946470334895282,11.9260296296296,25.0180666666667,21.0482421052632,4.45408224142264,14.3258150702538,5.02541964218853,0.6513,6.141725,2.741,15.1109,21.44235,27.462525,27,6,38
"ZNF554",0.646301984084375,0.0521071751251777,0.896779370069644,107.76207037037,88.23645,78.7706052631579,8.95609252120903,26.1159146286544,7.66854732793517,77.1299,44.03045,46.748925,129.61065,138.109225,102.52785,27,6,38
"ZNF738",0.519034026643879,0.99992352483038,0.504794552299745,137.325351851852,192.3577,137.654765789474,17.7479435112558,60.6027967941194,19.014660476193,82.94985,93.0101,61.88845,173.4511,250.062925,167.1519,27,6,38
"ZNF596",0.613142246010769,0.0851569730512844,0.961563964848145,67.4964333333333,45.9612666666667,40.0527815789474,14.1851994893789,18.5801985576342,3.89175141378869,25.4869,15.336475,21.2487,80.35825,59.11395,54.677225,27,6,38
"ZNF621",0.952877525518928,0.0444931089137874,0.51940569560178,735.2182,702.505166666667,584.543871052632,45.5915011998853,140.19858101566,37.9771237139865,586.6688,516.296825,427.1016,830.5638,900.374075,655.798325,27,6,38
"ZNF680",0.664473104653634,0.332450774255518,0.210312587706015,316.240485185185,387.620516666667,250.481507894737,31.9399080056488,165.461369477495,22.9291288916731,189.2446,173.38455,146.330375,432.5516,392.715225,323.951825,27,6,38
"ZNF483",0.891116749629601,0.648551178770611,0.591856426116487,22.3870037037037,16.9431166666667,28.2883421052632,3.31011514832066,5.98500338654411,5.22914948557042,7.7582,10.970825,7.188675,30.73185,18.631375,41.769675,27,6,38
"ZNF417",0.877912173356476,0.0936862164208988,0.756266974943804,312.43492962963,273.55085,218.037573684211,43.1540724786953,46.3110817833108,23.2534893080133,199.0145,215.553525,128.015625,335.869,336.65935,249.67735,27,6,38
"ZNF791",0.840316905412598,0.592191779543111,0.999844262620882,338.387055555556,308.54125,309.409026315789,19.7112730492486,62.4690107609779,19.7683150885302,269.6882,230.464575,234.865,395.781,403.810675,363.763375,27,6,38
"ZNF519",0.965206800627638,0.975406168326661,0.92270695610276,67.108262962963,73.7640333333333,63.9960473684211,10.2112209433806,15.7710804247451,10.3087527508571,37.84405,54.453575,27.601325,67.6109,87.51265,74.023875,27,6,38
"ZNF25",0.339900203367738,0.965905631031825,0.39564751813719,156.522496296296,217.033216666667,162.514531578947,14.5578571630742,88.3164412123489,12.7716091280561,102.30715,87.64435,106.07865,181.09405,232.7052,209.035025,27,6,38
"ZNF77",0.956281379023069,0.155010058502404,0.716989342806897,96.5909333333333,91.70055,78.6802631578947,7.09837923726536,23.9202870739428,5.71010111295808,73.17835,62.557125,57.411725,110.529,118.00145,101.12075,27,6,38
"ZNF169",0.161272496122759,0.00519069491348811,0.998922619651271,139.463488888889,97.6008166666667,98.5746342105263,9.347656763316,13.8265599854632,8.59331588040806,109.7697,74.171125,63.955775,151.17815,121.9125,121.556875,27,6,38
"ZNF613",0.943910108035095,0.70025908157999,0.707509798076159,85.3694407407407,93.2888166666667,74.3664,11.3473659338413,16.815012662527,8.47015397011409,41.82285,78.921675,41.7624,113.87455,109.345025,80.961,27,6,38
"ZNF404",0.730317842220523,0.368173721839192,0.271498269442619,37.7502037037037,47.5858166666667,27.9075526315789,7.12614434315647,15.8141323451192,3.06051014142137,16.368,22.9912,15.873575,43.81235,61.040325,37.379425,27,6,38
"ZNF135",0.995677177750598,0.241053341414833,0.564591469646169,16.7772111111111,15.7706833333333,27.0839684210526,2.70612508760277,3.71020111165749,5.16319458239677,6.7369,12.10495,7.6093,23.16115,17.68105,35.770075,27,6,38
"ZNF620",0.87401633893068,0.00751261138073767,0.0636187091405052,94.2827851851852,105.499433333333,54.9145736842105,9.27453667714248,20.9230323814478,8.34911537966048,65.26925,79.1841,17.169225,108.27135,129.5345,70.140275,27,6,38
"ZNF619",0.531242581682469,0.0105600191097689,0.815745799134931,104.698274074074,83.7067333333333,72.1595526315789,8.66316661341964,18.3481280018184,6.74291507847742,71.41725,47.60285,41.27815,139.83015,123.956075,80.5256,27,6,38
"ZNF354C",0.64122097463486,0.998244539005632,0.646010540363981,26.3528777777778,14.04515,25.9230631578947,7.15558387318347,5.49209101100543,4.24791088933189,6.55765,4.18275,6.87165,21.93375,16.027725,33.87925,27,6,38
"ZNF114",0.998358318333781,0.725450758342034,0.87414226600022,37.9512962962963,35.0780833333333,60.4132026315789,17.5915246870499,22.8196707175982,22.1822970665586,1.21895,3.748525,3.555025,19.3508,33.750975,51.805175,27,6,38
"ZNF454",0.953094746419084,0.992953836634484,0.969137987118512,7.01255185185185,8.25958333333333,7.27925789473684,1.84543798990848,3.32631234626943,1.51555997083151,1.61905,4.262175,2.0647,7.23795,9.699425,7.914775,27,6,38
"ZNF543",0.192443706006956,0.998377489852701,0.16610222705353,187.053603703704,136.096183333333,187.932171052632,12.4246115295426,11.5422998890867,10.9610223507149,143.11575,122.705375,147.636,225.5771,133.3612,238.9354,27,6,38
"ZNF354B",0.839302352792101,0.948762714002904,0.730364135207006,102.296451851852,88.00265,106.659263157895,9.57511450069729,17.9074377171005,9.97735562026935,58.2365,57.9316,70.41775,126.85115,112.2471,114.816525,27,6,38
"ZNF223",0.774144637595904,0.00586155272298627,0.498292003853628,84.5573333333333,72.22145,52.3343842105263,9.93288139330413,19.2999083498472,4.49803103129893,54.05745,35.0437,36.068375,107.5256,89.58345,66.571675,27,6,38
"ZNF713",0.323800302900874,0.951711176313361,0.392913945931445,72.4099592592593,120.130733333333,77.9299921052632,7.93421056776628,60.1018310275023,12.262784698793,43.3759,34.96195,25.3815,97.0529,146.860925,88.17605,27,6,38
"ZNF552",0.734055032059256,0.131938418268331,0.935729508179818,237.022255555556,197.350716666667,179.492589473684,23.3383578348786,32.5784952795697,19.1810759894897,163.01915,141.857025,110.569725,278.16325,223.427775,201.208275,27,6,38
"ZNF154",0.344809937940831,0.0542809293876468,0.995637424608073,72.9358037037037,49.1275333333333,50.5979315789474,7.72091046515959,7.90433667137505,6.10121458170946,35.2025,32.79995,26.119625,109.7673,58.001125,62.005275,27,6,38
"ZNF571",0.534126937485799,0.706225226483099,0.270508663458452,62.6299703703704,84.1347,53.7216921052632,8.72214316773279,31.7303964531173,5.99517986627434,30.5727,39.12865,30.4492,77.2859,134.50585,68.958775,27,6,38
"ZNF443",0.727583205736061,0.358488846466478,0.26481498988362,67.2887185185185,80.10815,54.3642789473684,7.02121784995287,14.0336986629981,6.19883191953264,46.40565,70.5085,30.673825,75.99175,97.281125,62.65975,27,6,38
"ZNF792",0.318139009410995,0.000156404975872437,0.595398984077833,232.547892592593,168.53085,126.846944736842,22.4241014365439,45.3484175500884,12.7912981099287,155.5253,107.02595,70.16775,295.43015,184.425075,203.028175,27,6,38
"ZFP82",0.303932188264736,0.665758090234768,0.558954068414691,27.8426296296296,58.5254333333333,37.7712026315789,7.198533328083,37.8609382842939,6.68998386727519,6.60645,12.3005,8.2709,32.24745,38.05985,53.725325,27,6,38
"ZNF707",0.549807389494121,0.914893262886164,0.676003896223844,197.115951851852,159.812516666667,189.13185,14.2504912327309,30.746206065187,13.4004849977864,140.2732,105.80975,133.342825,236.71395,189.2962,218.10575,27,6,38
"ZNF746",0.88741149123383,0.410792324089017,0.449888437650653,582.948474074074,527.25475,668.321547368421,33.8585978829201,67.2424305453471,52.1800646722408,455.15275,406.991425,470.310975,715.4719,631.362275,758.19615,27,6,38
"ZNF678",0.678021281615332,0.0321606756004541,0.814766437328989,97.2778,79.98085,67.7777342105263,10.9369539622456,18.5788530592311,5.74200364536167,52.91875,47.338225,37.0984,138.04415,118.272075,93.55135,27,6,38
"HKR1",0.902384961369372,0.551415169873553,0.552853045887419,501.011085185185,561.018166666667,420.080044736842,73.61691781415,169.997897145113,35.4632668600921,287.1586,356.4672,283.6878,511.48235,566.90395,532.71145,27,6,38
"ZNF101",0.905840504129846,0.39792857055992,0.947936929284808,166.489196296296,152.141766666667,141.877847368421,17.5808893530917,13.3875714193094,10.6687496376877,123.7988,131.94725,86.207375,175.53105,166.48785,202.52605,27,6,38
"ZNF716",0.117878312382644,0.738267554294309,0.0398928247433245,5.34504814814815,19.8009166666667,2.35887631578947,3.05172890799196,14.602341949254,1.76042068739852,0,0,0,0.5243,21.687575,0,27,6,38
"ZNF708",0.984868433303206,0.127959048494726,0.400913031230824,189.603185185185,197.74345,135.884610526316,14.9078484254398,59.0844310560673,19.5772497035641,126.8063,107.901575,68.117025,248.6254,208.888975,157.058525,27,6,38
"ZNF721",0.994790981936424,0.220174209095457,0.540374031635716,564.523777777778,576.715666666667,447.158436842105,41.1382718428873,110.254752547385,51.1938936051138,418.0078,439.4871,296.42365,674.93015,623.27145,488.699525,27,6,38
"ZNF662",0.761779173508885,0.989708341841383,0.795750802481185,50.3316111111111,77.123,53.2377868421053,16.5361048955263,53.720907484436,12.06035993338,7.6708,18.2136,16.2933,35.74545,45.096925,63.96765,27,6,38
"ZNF320",0.912736051418835,0.045319494887463,0.172400181166968,475.992214814815,525.060916666667,312.247707894737,63.3070733127749,79.1594223961217,36.2089051082043,220.20705,381.883,135.986875,679.3406,613.86095,427.935775,27,6,38
"ZNF530",0.91097944257032,0.295089095844673,0.899250404499244,76.8082,68.83785,60.5574868421053,10.9618967726245,18.3900758662881,4.67139280747898,44.8603,37.34345,40.83555,94.1194,85.978075,77.1707,27,6,38
"ZFP1",0.038901249193951,0.994883939801363,0.0376552207959461,212.484711111111,323.503666666667,214.873405263158,16.6056307776429,86.8793691833632,13.0166995613945,136.3098,214.97835,142.451275,261.43865,373.476725,269.743275,27,6,38
"KRBA2",0.680820357544507,0.877868662649269,0.493133960130994,61.1018592592593,75.0753666666667,56.5766263157895,7.15105375050219,24.3164226906518,5.27809199902582,38.71105,39.60415,33.12835,76.24695,86.2133,77.1227,27,6,38
"ZNF93",0.37188466504133,0.98065278597283,0.298870722074587,68.6426851851852,110.12685,65.4205078947368,15.0099123893893,31.6722841266593,9.47095078804019,12.14625,53.96615,25.732325,90.77215,161.3662,94.7654,27,6,38
"ZFP90",0.959932701881564,0.904261477939497,0.999329104044339,425.511666666667,454.22505,450.64605,31.8022266541685,84.9534013324628,44.4767259961029,302.4061,337.0043,290.4457,524.29705,593.559275,595.3777,27,6,38
"ZNF479",0.890588423029761,0.404774659220909,0.450513102830147,3.05951851851852,4.87368333333333,0.212218421052632,2.52851737861561,4.79664031355397,0.163968937308028,0,0,0,0.17415,0.290475,0,27,6,38
"ZNF445",0.994242474074614,0.0873156127340164,0.500829656259897,695.709907407407,683.613816666667,553.949547368421,51.3770408271248,121.628805704848,41.0243606059836,508.2269,510.35685,385.461275,842.8406,832.1261,644.00295,27,6,38
"ZNF74",0.0866114017702235,0.628746311715776,0.218077631326468,313.470762962963,502.779216666667,358.620397368421,30.8272666307789,197.879899736214,22.8717348751083,202.86605,303.981975,279.251125,373.0621,380.055225,403.551325,27,6,38
"ZNF829",0.795282498272454,0.739398309825259,0.969155948371769,8.76311111111111,13.346,11.6993368421053,2.97687812779744,9.86367508173297,2.3346898855794,1.60545,2.295175,3.254725,9.6993,5.889025,12.738175,27,6,38
"ZNF267",0.794790338891636,0.165802120920499,0.920791247169244,534.299925925926,473.259266666667,437.69535,43.9202229669405,76.8500703567566,32.0205687627812,392.6896,316.6965,296.419425,610.88695,585.889575,583.105525,27,6,38
"ZNF566",0.17420518035775,0.223847222342171,0.0172559053387992,185.665162962963,261.231866666667,146.753115789474,17.5421586523168,60.741157016961,13.4820436644384,132.53985,185.203825,91.25165,229.8117,315.01215,179.140475,27,6,38
"ZNF224",0.698680648975387,0.0819164006517492,0.908435631626882,214.644033333333,181.697183333333,165.141889473684,16.213990583514,45.8358404040944,14.7496934877909,163.59265,112.78645,104.879,273.3445,259.350725,240.2804,27,6,38
"ZNF529",0.447983701928776,0.349082447946188,0.108512297134456,364.016385185185,473.272366666667,294.101023684211,44.1104218080742,144.177490175109,22.4059542864396,190.42215,254.087975,194.303175,455.9286,663.893075,367.076125,27,6,38
"ZNF284",0.300509932301226,0.00811878113271791,0.970100086620111,56.498762962963,37.8839666666667,35.0360921052632,7.31914755107978,8.75566627134172,2.91759995916376,33.6095,22.485125,21.65475,71.932,56.916825,45.26985,27,6,38
"ZNF749",0.26255341920306,0.427288267671532,0.640366293459202,135.046133333333,101.886833333333,120.366731578947,9.80799613325635,11.3408201115459,7.36326802754965,100.0143,84.08245,88.8004,164.05805,124.605125,140.589875,27,6,38
"ZNF17",0.68449928110703,0.919288885978146,0.80368118840876,143.979533333333,128.229366666667,139.852307894737,7.95416599399871,17.4820380184094,6.85195525388194,120.44855,113.8139,115.872925,166.4919,131.846575,157.5589,27,6,38
"ZNF555",0.857171556406837,0.751485748686412,0.990666493945104,71.8431407407407,63.7402166666667,65.6830236842105,6.10205574275819,7.9572894166886,5.97191314383683,52.6694,51.377,46.2473,83.9325,75.117875,74.664875,27,6,38
"ZNF75D",0.465329035771293,0.0736335183563904,0.998163458658843,372.176766666667,294.486866666667,290.806331578947,29.909300831643,42.1812620764929,23.0990672133425,266.87635,225.849975,179.926975,437.59355,321.73025,387.363325,27,6,38
"ZNF197",0.487785801391185,0.0183197699120839,0.90725526357848,364.095155555556,310.849233333333,291.875902631579,20.7941907911934,48.2662649339313,15.6367882141453,298.32645,209.479625,234.86975,418.59455,407.58505,340.71835,27,6,38
"ZNF732",0.77716235181866,0.973410231208357,0.69008474350801,8.79974444444444,3.82821666666667,9.70432631578947,2.35501089780587,1.68885415995909,3.15325739144612,2.19885,0.666925,0.902925,8.478,5.3245,8.593675,27,6,38
"ZNF546",0.506305099665267,0.358348525130752,0.135919898883384,65.2778925925926,85.3588,51.4826184210526,5.76626124638282,38.5558989182719,5.31583879402146,51.77055,31.085075,27.399725,86.07855,103.100025,70.34355,27,6,38
"ZNF286A",0.790253021385869,0.908136742861735,0.901948036229605,291.2549,346.99065,311.115807894737,26.325102051904,55.3194023632984,36.1736256674651,181.11645,245.4999,180.784025,372.8512,383.302525,362.15115,27,6,38
"ZKSCAN4",0.955391414079272,0.867408494438297,0.999989837389527,89.0343777777778,83.35285,83.4353394736842,6.46743763934473,23.6431935688723,7.726713415792,60.175,41.018925,61.758725,116.8043,105.402475,86.982775,27,6,38
"ZNF643",0.618882385138105,0.0675865713837714,0.0683518616098263,65.4141148148148,78.419,47.8753710526316,4.4058806603654,28.2171276453977,4.36421031294197,52.1013,37.03755,27.1881,76.8182,82.71005,62.58945,27,6,38
"ZNF642",0.952399269450176,0.240521713949901,0.805480293884499,93.2418296296296,88.7961833333333,79.6690078947368,7.08833675296554,23.4253049355808,4.02511922015705,70.3132,58.91775,64.249825,115.10385,88.74045,98.428325,27,6,38
"ZNF490",0.997660677613529,0.276079197541931,0.692630586688881,237.127177777778,234.7509,205.689363157895,13.7459648587043,33.4360973786116,14.049425472058,187.813,161.869525,136.828275,263.56065,293.65315,260.900525,27,6,38
"ZNF626",0.864997743090319,0.999809210544374,0.863330408888225,65.7431148148148,40.6674333333333,65.2365657894737,26.4161978108193,13.7837884778621,14.6127154569006,13.08825,16.360275,14.44005,49.06675,55.77245,90.03925,27,6,38
"ZNF793",0.866309181228471,0.218732612470937,0.302209474468034,31.8669851851852,18.03025,57.3005973684211,12.0466499040517,5.71878066046426,10.0501017786984,5.83585,9.61225,12.362975,31.39875,24.1423,79.364975,27,6,38
"ZNF383",0.957523304765516,0.411875129284278,0.897043749055878,103.898159259259,98.5695666666667,90.3588473684211,8.23636363523556,23.571690470091,6.31135688024802,81.44075,59.913725,61.269425,116.26035,125.202225,113.125275,27,6,38
"ZNF669",0.717265177452945,0.663773962529323,0.40233425228342,137.160851851852,158.351183333333,124.0281,12.4676576190738,31.1794357115649,8.79947501442085,102.39835,105.68715,85.0108,154.1253,198.205,152.33425,27,6,38
"ZNF559",0.0506272186989503,0.0123246672061504,0.721277038857624,83.6482814814815,188.91425,155.823134210526,14.5477644306834,49.9926446424722,17.3570419719373,22.98625,106.772675,69.35575,108.5502,289.855825,200.89405,27,6,38
"ZNF177",0.0486393909476385,0.96100198649706,0.0597897428549684,20.7035888888889,50.6612166666667,22.5681263157895,5.77767072747887,20.9020264627526,3.28140824413257,3.72485,11.6179,8.513425,26.0587,92.89035,34.5825,27,6,38
"ZNF548",0.927893725912351,0.998568528552468,0.912453327034829,239.081566666667,221.4631,240.440005263158,19.8374832217214,32.4569907267038,17.9782853863195,204.238,169.03755,168.283675,270.03735,277.6392,294.417475,27,6,38
"ZNF563",0.0734622659134069,0.996715470433532,0.0707415825473861,29.9233259259259,46.88755,30.2511815789474,2.37159625276179,15.3733165749999,2.42889093800395,21.1017,18.53085,20.7071,38.9045,67.6206,36.847325,27,6,38
"ZNF567",0.402489643310437,0.621735369731926,0.156596390497579,176.215562962963,223.781533333333,157.123784210526,15.4604253923594,68.2409974935775,10.0629245085039,124.39865,99.809175,109.632125,217.72715,327.831575,204.8792,27,6,38
"ZNF573",0.991252719392735,0.0202303909022699,0.321580736101866,68.7722888888889,66.5017833333333,41.1254184210526,8.81388156990761,24.0052807642321,5.07068739176786,40.15115,30.6669,15.7945,83.8821,77.921375,51.066425,27,6,38
"ZNF527",0.768282672911159,0.0785282193571004,0.126920250825875,98.4975111111111,112.776116666667,73.2340526315789,9.23186241455753,28.5522082592388,6.38745551740807,71.20075,70.22395,44.159475,118.8476,105.666475,96.407375,27,6,38
"ZNF33A",0.735595148013105,0.144054566675748,0.157521776916712,1336.2955037037,1516.73258333333,1079.70205526316,80.4708732436251,385.201163526732,86.0242105796468,926.46885,879.36715,687.304125,1634.7499,2065.6791,1496.211625,27,6,38
"ZKSCAN3",0.996045810662606,0.738233236259985,0.93860338216755,76.0966592592593,74.0176166666667,65.9206947368421,8.45538712846943,18.6933368567772,9.98212711669768,49.05185,41.951875,34.60315,95.68175,96.327375,76.6905,27,6,38
"ZNF676",0.590603633664344,0.848600477207053,0.766682514650918,4.88606666666667,0.729666666666667,3.59622631578947,2.3019692611518,0.616735374190404,1.26429618393268,0.11485,0,0.217275,2.10075,0.4533,2.442275,27,6,38
"ZNF699",0.966492695400584,0.342875151514546,0.84642433387528,40.8848259259259,45.34785,54.9679263157895,5.24671133637842,13.632935249235,7.66444155223272,22.52235,22.4728,27.11905,48.45455,48.6875,76.699675,27,6,38
"ZNF250",0.941308633708828,0.696736245029451,0.700672408978741,192.925725925926,164.291083333333,232.066855263158,21.0388316438158,14.6672353957024,39.3308036359666,127.06625,139.727625,147.369025,208.10685,173.991525,228.1473,27,6,38
"ZNF79",0.198628746189606,0.412935974083407,0.0372890394073372,104.711522222222,80.86215,114.484102631579,6.18184446400821,9.01342409722853,4.88804424483373,80.7268,62.165375,95.417675,124.1277,98.502225,124.4166,27,6,38
"ZNF681",0.52343382961898,0.729068508604973,0.272144110079579,88.3046555555556,145.075733333333,66.252947368421,26.6108298757965,58.9153660566164,14.7066971169836,10.60895,21.0698,14.591125,91.8586,267.060875,92.206325,27,6,38
"ZNF766",0.990140388421548,0.331971698082702,0.775387168013082,369.914266666667,363.080816666667,329.302657894737,17.2734210714099,52.0901253627814,20.2460913518832,321.02625,263.0939,234.878125,406.9938,461.73925,404.792525,27,6,38
"ZNF471",0.956052178672669,0.274914926621746,0.46857603366886,19.0612592592593,13.7582,35.0976684210526,3.71710739824569,2.81677495740548,8.64707240747088,5.727,11.289225,7.41245,23.06605,17.9762,31.98385,27,6,38
"ZNF836",0.829888558882579,0.816810687763421,0.965946261670213,117.022681481481,104.556366666667,109.779357894737,6.82413290628774,14.0946533574181,9.01274243157057,85.8769,87.6032,67.0097,136.53165,108.708525,142.675975,27,6,38
"ZNF493",0.82815772268654,0.522662338996452,0.441403523644404,186.71022962963,232.20345,139.445902631579,22.9532950779145,76.5727287145049,32.3049170072723,126.4137,88.654375,47.012025,187.14175,358.30835,167.14375,27,6,38
"ZNF167",0.936715033845923,0.947134683730403,0.854946882262262,22.1285407407407,17.9712166666667,24.2415368421053,7.0144964698274,7.30991115155383,2.9759870755534,5.5577,7.79515,8.514475,19.68705,19.709875,36.379525,27,6,38
"ZNF565",0.254536169381667,0.0276264807775981,0.990943714002674,91.6923074074074,68.2650666666667,70.1011078947368,5.48695977111173,14.3529952945873,5.63579931157731,73.9957,46.604975,48.598475,101.38795,68.06245,86.541225,27,6,38
"ZNF34",0.9912146465427,0.863767331763862,0.905087237805828,79.1571296296296,77.33655,83.2986578947368,6.09702726362254,13.0082275906379,5.19506884692911,56.01815,53.8172,61.328775,102.93525,87.868725,104.575,27,6,38
"ZNF140",0.31102765569879,0.997512036732395,0.274341846014665,307.142614814815,390.323,305.023247368421,23.8060623190133,94.834838975217,16.8530442237134,243.06365,263.9937,227.216225,387.8115,440.46255,353.5107,27,6,38
"ZNF658",0.173102143513246,0.299433052464182,0.575940592365483,42.3552259259259,79.1190833333333,59.27005,4.1617746935878,46.1369260800097,6.60217617796617,24.6525,17.872225,33.68385,57.3561,73.27015,69.658225,27,6,38
"ZNF765",0.863960015466043,0.0210702050670536,0.553995251937344,344.957825925926,317.791883333333,264.432915789474,23.2756816280497,45.0439241527898,18.5751743205686,275.1038,261.072025,184.185925,389.39965,406.643375,365.77175,27,6,38
"ZNF124",0.978262275714785,0.000455410701304615,0.0389908661894103,140.222381481481,145.711766666667,78.8454026315789,13.715648627467,31.1569185654344,8.0475549488808,89.4276,93.608925,45.86565,173.4424,191.94185,98.295125,27,6,38
"ZNF569",0.653041457688224,0.278119639167389,0.180549055322888,33.8615,19.4545833333333,47.8952631578947,6.57196004597327,4.02617835765023,6.43010311697249,12.73185,13.728275,19.0153,39.9621,26.315875,70.1409,27,6,38
"ZNF777",0.987745358482004,0.414115769732641,0.652091962064313,541.456051851852,526.933883333333,610.491265789474,31.2933261383265,49.3588598737411,41.1995352668553,439.4267,425.341575,412.93045,632.0623,624.029675,724.71425,27,6,38
"ZNF605",0.0641577404942368,0.956174797205524,0.0374867958518439,348.853814814815,645.787933333333,328.220086842105,49.3827146504255,296.69684993371,29.9892086771142,157.82755,264.640475,194.545125,521.1363,749.08775,461.525,27,6,38
"ZNF799",0.642827160538837,0.135952876776139,0.111879877201972,77.3768962962963,92.1093,59.6659342105263,7.72431140373283,15.8823978272594,5.34755157657228,56.00595,72.400975,37.14165,90.6238,118.447125,74.031575,27,6,38
"ZNF782",0.343058333633412,0.275846134009436,0.0581539716691876,90.6185814814815,120.60205,72.2354710526316,6.48905282956841,46.6075803258994,6.36079289102518,68.94895,46.787075,48.864925,114.6163,211.939875,88.043425,27,6,38
"ZNF846",0.668263765186445,0.235950729565289,0.998146098272618,58.796537037037,74.4479166666667,75.4776947368421,4.82303509545877,19.3712663009317,7.70308977371545,39.63445,43.802475,40.67305,67.2163,83.23015,120.6115,27,6,38
"ZNF136",0.997349958896203,0.157689362145878,0.494211097283465,186.134192592593,188.413416666667,152.022197368421,10.5214898083889,43.6716189429506,12.6602038647164,142.4389,95.335225,100.013,214.1752,281.275775,190.690475,27,6,38
"ZKSCAN5",0.976840127936898,0.560353637902253,0.702896741928841,380.871785185185,362.091183333333,433.212478947368,23.7259068932357,43.4655482669774,40.5968400495315,291.48785,289.270175,291.8786,405.88175,456.374375,427.78825,27,6,38
"ZNF33B",0.482141856504612,0.568242089729792,0.186341857071038,780.890122222222,961.166366666667,692.531855263158,42.9163365302129,230.287079421843,60.8422554059596,613.92145,669.73525,420.612225,903.74355,1111.67555,844.31175,27,6,38
"ZNF431",0.775637269130351,0.458084751001835,0.353918544517149,244.724848148148,200.946483333333,287.730994736842,17.9473490088876,31.7628442991432,28.2914036688149,176.9961,163.47645,171.166875,299.9481,252.2937,363.2917,27,6,38
"ZNF418",0.505292546034783,0.982349873323602,0.426291417094244,35.1539037037037,9.75438333333333,37.4276473684211,11.5621837346327,2.35295841844782,7.43546992701592,4.7026,7.44575,5.342075,22.16375,12.952175,54.65775,27,6,38
"ZNF700",0.984395864963974,0.0661319482055106,0.308050757016744,331.698281481482,339.560516666667,272.628076315789,17.0799728168182,66.149077253405,16.5927466224125,278.27735,196.683425,204.277625,368.8233,456.689025,332.475625,27,6,38
"ZFP28",0.936786557703711,0.122905006579211,0.300694719941287,34.0964296296296,21.0370333333333,76.1420289473684,7.91178388317147,4.10271487324078,17.6025007050692,12.1952,15.36755,12.82685,38.5562,26.404525,91.6351,27,6,38
"ZNF585A",0.999101220785298,0.0210794870500873,0.283907407235661,122.872066666667,121.877983333333,85.2465684210526,12.9214458793354,21.1569884103955,7.13730688512767,73.85055,81.0258,58.334325,164.3844,165.12425,108.729075,27,6,38
"ZNF138",0.826221970024754,0.856989871113869,0.950990268125058,241.834681481481,209.323883333333,225.538205263158,19.857682589393,41.3728625608898,22.1087177772463,162.8129,142.977725,145.9838,310.86545,237.510875,254.420825,27,6,38
"ZNF429",0.0784289858058612,0.622806356520437,0.0183441262690169,93.0965851851852,175.834383333333,73.5713368421053,15.7026243173576,72.0281823100209,10.1034986098822,37.83075,45.4558,21.5576,128.97685,319.158025,116.32745,27,6,38
"ZNF470",0.996254089642275,0.26920492479093,0.592223693538949,38.5013,36.01585,64.7363263157895,10.9270916855748,16.9713984841311,12.2346569777641,11.94055,15.833525,14.74125,38.0814,29.714125,85.7528,27,6,38
"ZNF100",0.830231483751649,0.394066029230308,0.373404023858823,227.6457,262.591266666667,183.742976315789,19.9640799174745,75.2278054208534,23.1616950766603,142.70395,152.22385,101.17315,301.5503,270.773825,250.593375,27,6,38
"ZNF398",0.602156190010127,0.704966771153328,0.855720443451588,705.655296296296,603.401266666667,658.382560526316,44.989591116782,48.0026978951646,40.1641600495847,582.52615,574.79605,446.22545,859.47385,647.71185,786.476375,27,6,38
"ZNF498",0.850369767922463,0.849648087897982,0.661027846819069,393.698777777778,341.307683333333,422.992794736842,37.4807158790718,32.3908475559112,38.5518053047417,291.0669,276.138275,276.5794,434.23845,381.16775,451.568575,27,6,38
"ZNF441",0.705014416652557,0.327923385246478,0.234433266436913,128.344851851852,153.0836,103.529239473684,11.7562475422861,64.8810914209628,8.29928139486631,79.87485,62.309675,64.572225,155.55555,148.92555,131.841575,27,6,38
"ZNF420",0.857947744026327,0.407638705609223,0.411561745926853,92.9879222222222,106.616433333333,74.4666631578947,11.6665520644668,36.8739786251829,7.82716049019388,47.3054,40.022575,40.155675,135.16225,184.0045,103.61115,27,6,38
"ZNF763",0.179048432569311,0.0138842243619862,0.00232940858567243,38.6483740740741,57.5297,21.6554078947368,4.10736330102738,19.639840674201,3.10273078177257,23.93895,16.7421,9.17605,48.31005,96.948025,28.326,27,6,38
"ZNF679",0.791466044413259,0.424956502757694,0.998681290333063,0.587362962962963,0.191633333333333,0.162763157894737,0.396154498522202,0.148405951512884,0.0918874008223486,0,0,0,0,0.1824,0,27,6,38
"ZNF682",0.984441406521905,0.98599152080983,0.996333258178299,33.0612703703704,37.0314333333333,35.1613,10.7771782950541,12.6986453748859,8.37299040976689,5.8771,14.473975,6.217875,21.6523,57.397725,46.196425,27,6,38
"ZNF772",0.669249081641777,0.107387601596322,0.952736530631024,219.445885185185,171.84615,155.812263157895,30.4381655575561,43.3045564111965,15.1791632658959,97.7548,78.94755,84.46225,324.55315,240.759125,194.8705,27,6,38
"ZNF257",0.373479092925125,0.101043756134266,0.979771180186927,31.4726333333333,3.01845,6.97233947368421,14.4094949095194,0.968838957980118,1.40290657157595,2.5725,1.1018,2.202,8.13195,5.080275,7.47945,27,6,38
"ZNF785",0.351233550124328,0.0798950191486183,0.0244156442942614,252.293814814815,311.9986,199.841765789474,14.6456185774917,51.5272470736341,16.542055134696,189.313,232.063,141.0136,299.955,396.908,231.87885,27,6,38
"ZNF98",0.838823853855456,0.929504805254614,0.710535544696338,2.29401851851852,0.225333333333333,3.03734210526316,1.08593843576368,0.0756382163841651,1.60870281022207,0.2695,0.0608,0.41195,1.2818,0.366025,1.69545,27,6,38
"ZNF786",0.670203417606183,0.93368967376759,0.529154399714928,206.908233333333,241.445416666667,198.957565789474,18.2672521898656,33.0737466420666,14.0474602928023,132.0138,176.321075,134.643175,253.83765,303.182825,231.4802,27,6,38
"ZNF517",0.784420580242525,0.868785094386031,0.918266504256059,180.188703703704,212.00215,193.679344736842,16.068760522372,64.0126610677489,18.0778124787304,126.54725,132.9553,124.3785,234.5402,200.959525,261.88405,27,6,38
"ZNF675",0.960386645294728,0.885032171542951,0.847710229786228,140.286418518519,155.16835,125.848902631579,26.1008739761243,55.1356235203989,17.6548476795126,68.82355,53.70045,50.104525,165.7687,193.546175,160.01945,27,6,38
"ZNF860",0.0038855221821551,0.229087665147257,0.000124150310604643,97.8229518518519,205.873116666667,67.8955342105263,13.8718374521264,66.0092173836726,7.73781288389447,61.23235,105.894225,29.546075,110.5145,254.374525,101.808475,27,6,38
"ZNF695",0.883306552821013,0.999934962660609,0.880162622540272,87.5526518518518,67.8666,87.3015947368421,13.2252574589725,33.1933924016111,17.2349871686813,42.20845,4.3655,32.266575,118.0423,114.394475,96.29855,27,6,38
"ZNF665",0.432660207411441,0.719295016387462,0.684508618257243,8.05724074074074,15.57745,10.6748973684211,2.20460969614013,9.05399089391892,2.12690323786056,1.54775,2.26285,1.65265,8.06675,14.69575,14.636525,27,6,38
"ZNF624",0.478965406166112,0.0943949910315793,0.999854342727053,87.0998185185185,113.53225,113.891694736842,7.05075831587567,42.569055531632,7.68530610193968,64.38465,51.725925,83.8716,108.19015,114.924225,152.894725,27,6,38
"ZNF841",0.593128286294569,0.240559977032634,0.997177923595458,445.567762962963,342.800933333333,350.122876315789,39.2397696377252,88.3724689154704,41.0555820784639,249.7807,205.576975,186.99395,571.34695,357.799775,402.2742,27,6,38
"ZNF615",0.296957096387248,0.418228462103155,0.694700456636414,232.5386,134.327166666667,186.276647368421,36.1508448218854,31.6113221642886,18.5173933081922,98.0458,99.573525,118.73885,271.74965,151.986325,230.659925,27,6,38
"ZNF433",0.0229743692250203,0.693606872164121,0.0605863069861373,42.4208333333333,99.1794666666667,51.9746394736842,5.8922450973807,50.195192869249,5.76189877149717,13.7759,21.0333,27.195175,61.3644,115.175575,65.322475,27,6,38
"ZNF595",0.515631531262835,0.99993177902524,0.501099202022807,119.552896296296,189.0469,119.943805263158,21.31637948803,99.3579763538019,22.4770264678351,36.80175,59.8602,54.1713,152.60605,201.029225,140.617475,27,6,38
"ZNF460",0.0832984925868866,0.90398650390549,0.123298176477004,466.113781481481,228.07555,439.941755263158,50.6587378644019,25.9865267302725,39.4336221716277,281.88695,180.409125,269.106525,576.82085,262.345175,512.078625,27,6,38
"ZNF81",0.989285694565041,0.598766876818425,0.91095767098413,234.935196296296,227.0069,204.283792105263,21.9607510551463,68.7502245195898,20.5432658899507,136.571,141.512075,113.91715,327.9846,248.8047,207.367425,27,6,38
"ZNF780A",0.938278707014843,0.0604534586395139,0.221847646048665,335.617759259259,356.646333333333,255.803436842105,27.0863261850493,81.8939359063688,19.9519639715963,247.273,230.045275,174.566075,399.8787,349.360825,318.304,27,6,38
"ZNF461",0.55603793438402,0.915051336887668,0.402352161984137,63.4044037037037,85.3765666666667,58.6608684210526,10.1206244123007,35.5642549980048,5.32681661190814,22.89185,36.33385,41.189775,75.46995,77.131025,66.8785,27,6,38
"ZNF181",0.340157425744674,0.421727856589171,0.082982714660125,168.425418518519,216.293283333333,144.586260526316,13.3388494057857,68.8323002406448,9.09412648788237,121.13145,98.65825,97.49975,210.05995,249.7912,188.609325,27,6,38
"ZNF44",0.906650758525226,0.0949118753412014,0.718612703834619,232.232751851852,215.593683333333,185.790621052632,17.7971308586752,51.7965982342368,12.3993684103899,166.547,138.83705,134.232125,290.15445,222.851525,243.4279,27,6,38
"ZNF790",0.280182286904139,0.939434824504602,0.3537104835342,42.9155851851852,76.7981333333333,47.0560973684211,9.41810932638111,45.9165502161887,5.10744694494346,9.8527,23.97755,19.00715,58.73175,54.802275,73.49925,27,6,38
"ZNF677",0.943753673996435,0.998261488586063,0.951348950639623,9.26932222222222,7.5116,9.09946578947369,2.68224758487396,2.42666945723283,1.80575632819536,2.35035,5.243675,1.858175,10.22885,6.91515,10.14885,27,6,38
"ZNF823",0.634335689713809,0.0668413370696114,0.929747749536342,210.625359259259,176.633316666667,163.444892105263,15.5273914310971,28.1657560722404,13.8627541358127,158.5271,114.465825,98.290475,226.61805,229.9264,220.21285,27,6,38
"ZNF311",0.566937588960918,0.744599861735366,0.805459579806071,19.3998333333333,35.43545,25.8300868421053,7.01967199432974,21.7556834146658,4.89759784729212,1.9616,2.850125,5.637975,15.07175,44.8018,34.92455,27,6,38
"ZNF347",0.851949932100076,0.873122210841072,0.680056731795628,67.9055777777778,42.3275166666667,81.0288105263158,23.2658317210662,14.4797425286367,16.067073006198,11.1942,25.972425,18.722475,52.9321,47.966,101.1217,27,6,38
"ZNF273",0.798517336927854,0.539820355575369,0.418551965732954,153.652777777778,122.418533333333,182.591339473684,14.5252903898814,21.9789701368629,21.2024523430441,103.5772,79.270125,106.57,178.62285,164.05925,214.1595,27,6,38
"ZNF84",0.407959745719521,0.768585599378445,0.20590675400043,577.116155555556,763.34865,521.174163157895,48.3041246392007,303.55482239986,42.9980007911196,393.48165,365.1068,315.12375,724.22985,800.054725,699.869775,27,6,38
"ZNF667",0.942518746568086,0.575941346791234,0.63402619956434,11.4912296296296,7.67998333333333,18.0097868421053,2.68085540174511,1.40212213196442,5.33408561620702,4.56175,6.405725,2.4771,10.97975,9.7057,14.2448,27,6,38
"ZNF649",0.869294304430097,0.996969829435354,0.882812673927358,127.835592592593,106.465933333333,126.083684210526,20.5834608226516,33.9638002703925,13.7654252889832,46.6578,52.1329,66.974725,208.7216,140.343875,157.4133,27,6,38
"ZNF248",0.445327608590549,0.999064179759379,0.412672931300992,259.456714814815,332.412816666667,258.082913157895,21.7584461429567,98.3184792375757,20.1442356363129,190.94295,198.5483,169.6864,312.9997,417.088575,335.77995,27,6,38
"ZNF544",0.46776443300099,0.480032378123109,0.152218576246884,682.659759259259,827.025983333333,603.552363157895,66.8177104018797,84.8244916515838,34.0243713713232,399.00715,768.930475,489.848575,837.6821,941.98895,738.08765,27,6,38
"ZNF251",0.968628333736339,0.988536549504718,0.941799827610992,257.607322222222,273.597116666667,252.245257894737,24.7049832457116,132.560783281923,19.2269925243043,166.97715,105.1739,159.351425,317.7297,219.785475,340.549625,27,6,38
"ZNF607",0.854060142250336,0.0796278761465877,0.175038720514304,207.804325925926,238.84135,136.952542105263,28.1781537559367,94.7765674606572,14.4520839208587,116.71545,146.5751,79.8245,252.4447,208.02975,166.7428,27,6,38
"ZNF334",0.654970711918727,0.998714328329715,0.657206214436844,37.9862814814815,73.4308666666667,39.071902631579,22.3715613517663,56.8149323074704,8.17369967428447,1.7973,3.9261,4.563775,7.30095,51.8372,55.280975,27,6,38
"ZNF485",0.512391002863982,1.17120307205898e-05,0.198603885944685,115.563118518519,92.59325,57.5270631578947,11.9779131168741,14.6250835188669,5.08067286153635,63.76275,77.8772,35.77125,152.95485,117.086875,70.42285,27,6,38
"ZNF192",0.932727234769497,0.264337270088,0.85404291599224,616.563666666667,567.687466666667,496.024657894737,57.0987647481506,169.99908998553,47.3267602255384,419.0191,222.72115,293.8441,721.81015,892.922475,580.005975,27,6,38
"ZNF442",0.842706508922624,0.972521938153321,0.763032060417401,13.4078962962963,15.84975,12.8591605263158,1.83451962955164,6.76047185861806,1.37501038823201,6.0077,3.967175,5.913825,19.26015,23.343425,19.60845,27,6,38
"ZNF813",0.942877548940141,0.97485005622688,0.890585610226576,73.5903037037037,88.0926833333333,68.2697394736842,22.5319445009,39.7455574408463,13.429550662315,7.03865,15.829,14.80045,80.0639,122.228775,85.6993,27,6,38
"ZNF26",0.555072802470281,0.610832677162044,0.247692791632752,283.981611111111,348.16085,251.258447368421,24.0921682794642,110.535706295636,18.8535269831296,209.1054,190.699375,170.911925,342.4354,430.642525,293.824025,27,6,38
"ZNF69",0.998109156890916,0.0003387201759395,0.0490723864914362,71.9462703703704,73.0043833333333,30.7487078947368,8.35508450367194,17.4995859336617,6.00360384842629,40.4938,45.9535,4.7146,109.286,102.16055,52.916225,27,6,38
"ZNF583",0.948453963206622,0.997483537246422,0.932156553872586,25.6151037037037,30.02125,25.0791973684211,5.66853793865323,14.9367598761523,5.21231963722665,7.35175,9.1961,10.6624,32.00745,30.67785,28.343225,27,6,38
"ZNF568",0.968992269067536,0.237914059146283,0.467517455217426,25.5900666666667,20.24145,45.9923894736842,8.19966207455668,9.46609237583457,9.1287275242307,5.66805,9.726725,12.490675,29.25115,18.5803,50.712425,27,6,38
"ZNF480",0.956283945578809,0.40407133507811,0.55852560001703,529.501851851852,560.87755,450.087813157895,49.5635101410527,63.6714160805708,39.5897508415505,348.525,474.7972,257.35335,639.13605,653.138575,593.01985,27,6,38
"ZNF587",0.357796727960096,0.00411090410709292,0.878613903746645,1970.27984444444,1427.66611666667,1241.81565,157.084789240327,248.886707647831,152.144589624534,1416.0993,1046.337975,784.733725,2338.8613,1587.550425,1420.557325,27,6,38
"ZNF808",0.873325207249274,0.354201261157545,0.398100042398969,347.455892592593,389.838833333333,281.477915789474,36.8287829573543,70.6953184324472,30.7856941358343,203.04825,272.5289,164.5169,464.9273,450.301775,346.8153,27,6,38
"ZNF43",0.605266648097014,0.892213283052145,0.75007599947272,107.412740740741,183.067383333333,127.448736842105,26.552900520153,115.870820372949,28.9798171984113,27.02675,43.008825,27.225875,104.0242,127.37315,146.116675,27,6,38
"ZNF28",0.505742752434518,0.0725785839412109,0.046112013179805,559.104292592593,710.135866666667,390.919005263158,67.9893250552857,154.316912913184,38.8407632567844,331.2808,417.254225,222.737875,761.7543,805.794375,541.348325,27,6,38
"ZNF627",0.682911709940384,0.131046939928951,0.125331634261435,272.348877777778,304.451333333333,230.389676315789,13.1693923327485,70.4806681576334,12.5943705222017,222.5136,215.461625,182.39345,302.25765,391.53205,287.30435,27,6,38
"ZNF789",0.54951762692326,0.713647921672286,0.285154044828296,138.220633333333,185.463216666667,118.491678947368,15.3806194909387,85.5401051701653,14.4331643603494,86.63675,61.65515,57.290575,152.46125,197.9546,138.12305,27,6,38
"ZNF534",0.567901322521691,0.314165158051451,0.976658613672177,4.06335555555556,0.218616666666667,0.979336842105263,2.55937679306865,0.12366205674247,0.336339909784029,0,0,0.255725,0.5989,0.281225,0.9813,27,6,38
"ZNF525",0.941601646304135,0.903806003653334,0.995143427476933,211.475711111111,184.862766666667,192.226889473684,38.424811742385,95.7672767149499,24.6191937896914,37.8255,16.730725,106.148325,294.96995,233.7406,224.439125,27,6,38
"ZNF814",0.998750871594606,0.0176385098238399,0.228919030613647,477.467,482.520483333333,311.26685,52.2613928256148,70.4258018044354,34.7116897184198,267.38585,405.85125,167.058375,559.7028,612.1249,387.04905,27,6,38
"ZNF551",0.154235852969195,0.00407816699391261,0.999734570206599,257.051285185185,181.4676,182.329297368421,17.5978687187863,32.2227327942557,14.4808164554241,219.798,144.512575,132.890875,270.3918,218.079675,214.09095,27,6,38
"ZNF805",0.495272824955135,0.766583481273171,0.723421908540282,498.790237037037,416.793466666667,470.778626315789,30.2529755441188,52.3238485896929,26.8496288050852,420.61925,322.485175,370.1924,546.7844,477.0701,557.229825,27,6,38
"ZNF468",0.988979164709648,0.0270155778735572,0.362199415910658,592.5695,572.747216666667,386.322152631579,70.7520659710912,100.973523728218,43.8550037016618,332.55425,438.963425,205.37275,699.51455,729.015975,517.82815,27,6,38
"ZNF616",0.915986653456859,0.205723527632263,0.349262607376133,157.083303703704,167.015316666667,133.244521052632,12.6298042814681,8.81250591021709,8.09968633827756,125.854,153.7573,102.512425,180.2195,169.4499,157.699675,27,6,38
"ZFP57",0.520073388497739,0.187425438818562,0.993164563292443,61.2042925925926,6.31391666666667,11.7533526315789,32.8654817252525,5.26116356302904,7.4875403950007,0.2656,0.121575,0.0827,7.0433,3.120675,4.396275,27,6,38
"ZNF155",0.244853131276236,0.595518122936014,0.0747935514484558,103.746162962963,142.076616666667,90.8784763157895,11.8143568152956,35.2537478446516,6.0789390026679,67.031,96.253025,70.585475,125.4168,197.737775,116.199,27,6,38
"ZNF425",0.577085035605417,0.799693165102828,0.784144799498415,39.7698148148148,55.7868833333333,45.4482236842105,7.14269317250663,25.683109063837,4.57327459646498,16.97,19.668125,21.489675,44.28375,58.28415,55.70225,27,6,38
"ZNF611",0.800482642689297,0.260707976114903,0.269941610873247,269.646581481481,310.207516666667,213.470389473684,26.3152533116244,60.5483522428503,23.2319153947159,168.4754,208.35715,131.454875,338.14635,361.9903,278.798425,27,6,38
"ZNF254",0.137412422658302,0.994750742242396,0.110149441972971,206.403911111111,358.266,202.121786842105,28.6880323950217,131.864620694099,26.1592093757337,82.88585,119.26935,90.107675,366.192,609.141375,278.864925,27,6,38
"ZNF625",0.928084649038449,0.0301939708416108,0.155555461370919,7.96081481481481,5.44121666666667,17.8902815789474,1.54404357584044,1.39145722593658,3.1444191137813,2.5317,2.670125,3.888175,11.43375,7.17825,26.95755,27,6,38
"ZNF845",0.539356422478818,0.670521325463313,0.818527414527451,249.229725925926,200.359333333333,227.344889473684,21.9775133869159,56.5204059399651,13.8301872400296,174.5433,91.175075,162.022925,324.5008,269.07975,282.1682,27,6,38
"ZNF90",0.647994067966094,0.647597617498069,0.333471728189766,338.268303703704,238.930716666667,393.706065789474,29.8553766288126,68.5513701151548,49.0702449802576,236.5255,113.617225,220.318425,413.6607,366.76705,450.642625,27,6,38
"ZNF788",0.999968403910626,0.453281317133168,0.773775969044197,34.1132481481482,34.2989166666667,50.6195,8.55725196321505,11.0174457492475,10.1815054570987,10.1444,22.0353,13.5612,36.47125,36.489,54.869,27,6,38
"ZNF880",0.982315070851592,0.351480299539422,0.590934561253657,44.3427740740741,37.8329666666667,72.3996578947368,11.9084450582039,9.91374571201241,15.4233480962474,8.39305,19.228325,9.782575,54.95455,54.87505,87.2027,27,6,38
"ZNF630",0.334047094384821,0.674196157168493,0.132703345721351,61.5106111111111,88.71025,52.4740842105263,5.45683320846659,32.5906439999452,7.00085984942171,36.5969,48.2532,32.360175,78.033,74.914425,61.0609,27,6,38
"ZNF844",0.973399062716847,0.737412783834201,0.790546569385235,72.5637185185185,64.4197833333333,87.8690105263158,16.5917951675286,26.3815503521485,13.0210232853372,15.31965,33.059625,16.574325,89.1107,66.40295,149.792575,27,6,38
"ZNF717",0.97934022069897,0.0165929728610564,0.335426898304969,76.2746703703704,72.2148333333333,43.3453184210526,10.8576959829068,25.9832353042838,5.48100607896366,28.32515,17.629975,12.0373,103.8849,122.752025,63.029625,27,6,38
"ZNF492",0.602380824241692,0.67810933469814,0.868148760690401,4.7189037037037,0.58185,2.70138947368421,2.62833808960911,0.331280044423647,0.962825849465075,0.2481,0.0608,0.591175,1.47185,0.702425,2.31055,27,6,38
"ZNF688",0.23438439715847,0.927938250406116,0.30779520979341,154.432444444444,203.91665,160.61885,13.0019007316959,31.7710455854777,10.4467978703814,119.918,144.0564,114.23955,165.1815,249.6253,190.645075,27,6,38
"ZNF879",0.99989492047419,0.999526276828982,0.999996236054755,36.4242333333333,36.6959166666667,36.7459631578947,11.3586554285714,13.9409760881467,4.83513746039514,3.8064,10.4146,15.4506,32.62185,54.065225,50.003575,27,6,38
"ZNF737",0.0416562014157438,0.999965964592614,0.03566362580301,117.473014814815,330.5678,117.850721052632,31.4423291184196,112.420561296164,31.6367926278179,14.3586,145.278025,21.103225,139.77315,562.054575,103.843425,27,6,38
"ZNF709",0.869159445801226,0.993294817551743,0.830124477642792,58.6318407407407,67.7116333333333,57.5241052631579,6.29353931593376,19.8679444785256,6.96834698221137,37.8712,33.81955,24.502875,81.06615,108.88885,72.5422,27,6,38
"ZNF585B",0.857575853791785,0.158585545846236,0.249138018426751,76.4621407407407,88.3885666666667,53.0746421052632,12.1529529026533,24.3321457152285,5.87026690005569,23.89905,47.98815,26.104125,123.9211,105.070925,71.7139,27,6,38
"ZNF324B",0.571308758842472,0.956735185849962,0.45549503416228,143.953177777778,114.777233333333,148.50465,9.19825597666382,22.0335941083106,12.0154965610185,117.79685,76.01725,103.51945,163.4774,124.15855,181.43205,27,6,38
"ZNF564",0.618903924602336,0.0114502847201816,0.742686876667807,246.388874074074,211.07895,184.063165789474,13.9891360124482,40.4267411675222,14.3017884439761,190.12865,149.4296,125.243575,304.2841,271.168075,242.37985,27,6,38
"ZNF674",0.429385990154187,0.866504325098056,0.263468669268972,70.1798814814815,95.5410666666667,64.3949578947368,5.31619666114531,28.2444498444286,8.1795609370437,53.20865,60.262875,40.629975,95.15835,112.17,67.42175,27,6,38
"ZNF432",0.570148946561111,0.0379137354342235,0.917357903693675,236.60437037037,184.119583333333,164.191831578947,23.780720731748,40.786592610803,17.8111963909455,157.7413,114.595625,91.59435,272.25425,199.992275,204.817975,27,6,38
"ZNF10",0.15977256561932,0.941799717006463,0.0984304373780632,163.268059259259,245.345933333333,155.126047368421,13.7460673144699,94.2122073142211,13.4562056791984,123.5499,97.5859,90.823625,187.26,371.869525,210.631425,27,6,38
"ZNF486",0.918923379671293,0.457064094352238,0.956211396833414,116.760988888889,89.2844166666667,69.8298473684211,27.2180241478264,70.8682377034,26.2658885641793,9.46905,12.352375,8.640975,170.4831,39.31235,40.795425,27,6,38
"ZNF225",0.718633083161674,0.00866604004235982,0.605715822021206,78.3806111111111,67.11425,53.5848736842105,7.5298901442298,12.9323147732789,4.25451307291346,53.7044,41.719425,37.550775,88.60185,92.958825,66.50405,27,6,38
"ZNF350",0.946679475907669,0.704933625480249,0.715400820873815,114.612081481481,92.1906333333333,146.284957894737,23.0811449789058,23.592295494895,30.3620570105183,20.69315,62.0826,67.966875,153.2733,129.30025,156.08095,27,6,38
"ZNF253",0.923539488682567,0.118475748467893,0.278922612180125,215.9892,239.156966666667,147.802913157895,29.967196413803,62.3508228631062,18.7260162108338,117.89695,162.605175,57.4361,251.5384,326.393575,165.091,27,6,38
"ZNF878",0.999987251509648,0.996516506545045,0.998593599844087,6.8098962962963,6.82408333333333,6.6789947368421,1.35605982166284,3.76882208976197,0.919450633017815,2.3139,2.3607,2.49505,10.8399,5.69915,9.16915,27,6,38
"ZNF727",0.825911978579063,0.999185519444173,0.805148722117927,3.90938518518519,1.4948,3.99711842105263,1.17547856001834,0.619010364479734,1.81047067971376,0.59315,0.414075,0.376475,3.6174,2.490625,3.551125,27,6,38
"ZNF578",0.855967858435589,0.536155953580481,0.481481533479769,34.799262962963,47.404,20.6651921052632,14.0276672527908,17.1792091247531,5.36583922435901,3.8443,11.051975,4.48635,23.63165,82.5652,24.208825,27,6,38
"TRIM28",0.88479421895976,0.426381340581056,0.970415092349216,7656.89032962963,8535.11885,8958.16689473684,546.736605071617,1672.25622565649,783.608253500389,6408.84715,5259.03925,6021.4442,8825.4202,11715.30305,9398.631825,27,6,38
