"gene","MALE-FEMALE","mean-FEMALE","mean-MALE","SEM-FEMALE","SEM-MALE","Q1-FEMALE","Q1-MALE","Q3-FEMALE","Q3-MALE"
"ZNF195",0.161240193706758,351.021507874016,330.655051239669,14.172068990241,7.01169574013214,234.779,236.76695,432.72745,409.02765
"ZNF263",0.233360054531045,662.957736220472,690.793080991736,19.382607088093,12.0161280882667,502.81245,547.73935,773.4869,800.63965
"ZNF200",0.277419382096568,252.645712598425,263.447004132231,7.12818182233895,5.31880743105007,191.0038,198.89295,300.6843,300.8966
"ZNF582",0.546177712136921,24.7650244094488,23.3857597796143,1.8319009814654,1.18902898174331,9.23525,7.4714,34.96915,32.4207
"ZNF285",0.42678060627351,29.1236448818898,26.453796969697,3.38508720832952,1.59418232667053,6.51345,5.67575,43.40925,36.8413
"ZNF275",0.461153340468556,672.751782677165,649.778874104683,28.4322484979453,15.5096574486752,496.24835,455.76455,818.9641,805.59485
"ZNF37A",0.264940330415181,351.077136220472,371.219683195592,15.2653653478032,9.24272291363437,222.6502,251.2779,464.69965,456.68815
"ZNF510",0.0326544150525229,223.556951181102,205.020362534435,9.19563246765665,3.98230818527849,150.803,146.95925,280.30645,246.4338
"ZNF506",0.251489665211746,272.584916535433,251.291390909091,16.8390447589191,9.2550718649121,157.5431,137.5078,335.1222,320.4888
"ZNF324",0.0877710513016506,211.72498503937,196.949118732782,6.77721674721574,4.52468567397332,155.35385,134.8878,261.3127,241.6287
"ZNF671",0.0143512192648884,85.6270047244094,69.972203030303,5.50662314392098,3.23879920052012,36.91755,30.72185,113.6812,92.59
"ZNF416",0.0712508567456741,138.420426771654,127.686248484848,4.91762726786632,3.06159076590104,96.44355,84.77535,174.1878,160.51225
"ZNF586",0.0510514318484329,189.556071653543,170.855348209366,9.45713073897902,4.58808282213279,123.41455,110.2054,233.6279,214.15355
"ZNF446",0.400990216815233,226.766695275591,218.026596143251,8.21129508726698,5.43714521771744,164.1203,153.6044,277.26655,263.2831
"ZNF8",0.206900115741769,120.405322047244,112.878074655647,5.67658668646111,2.91038479764744,74.338,74.8307,146.808,136.60885
"ZNF264",0.280082209472848,670.531193700787,638.708003856749,24.7433137851376,15.1015599776566,491.6983,422.5814,805.09515,803.13275
"ZNF213",0.0913308051645244,486.402572440945,454.254645454545,18.4295138675515,9.20909199799665,337.0295,337.45155,583.02065,527.9912
"ZNF343",0.13921579298552,289.148859055118,310.022609641873,12.4240504317316,7.11325920160946,193.4025,212.9074,344.4576,375.6407
"ZNF302",0.649572103513222,409.997408661417,422.117603305785,23.5696641136391,13.4412711270573,259.11385,271.9977,479.68285,488.02045
"ZNF268",0.752810369574205,290.616663779528,286.455905509642,10.6784354925636,6.85784031745207,218.40965,193.3706,339.4617,366.11395
"ZNF184",0.393310680886618,263.065364566929,253.523302754821,10.5622755020624,5.47680525700674,172.04505,177.37455,314.49705,302.12865
"ZNF500",0.954560442057014,224.190039370079,223.681556473829,7.99405524124116,4.47358844438336,162.82295,167.19975,279.69745,259.46715
"ZNF419",0.859691761571857,169.419818897638,170.926455922865,6.83945412005745,4.43388848482869,119.91735,113.6549,209.2291,210.2958
"ZNF175",0.553078705927208,119.741469291339,115.961828374656,5.14742620074396,3.30766770112574,81.92265,73.8374,161.64155,154.54645
"ZNF14",0.970448841277203,167.828788188976,168.211740220386,8.55431122467158,5.3280121788252,102.50215,112.77795,212.29535,207.2111
"ZNF85",0.124551199950506,78.2248559055118,67.1459143250689,7.73884618485432,3.28984598017472,31.6733,23.83145,102.75045,93.8212
"ZKSCAN1",0.298131117140452,838.015403937008,795.295993112948,41.9060715516238,19.3367120234287,546.3434,550.90565,1043.9205,957.92985
"ZNF862",0.111328137497223,360.135954330709,325.952931404959,23.2339872741886,9.73212514053025,184.03175,192.36365,470.2653,405.7092
"ZNF684",0.0293880792432639,52.9449897637795,46.5824490358127,2.66347752583248,1.449011949309,34.64905,29.8831,63.492,55.03815
"ZNF430",0.426151094606679,143.125961417323,136.039901101928,10.2862374421218,3.84343244442192,84.00705,86.9084,175.9484,168.2314
"ZFP30",0.715926872074599,206.053665354331,211.396761707989,12.5980160774495,7.47714912348322,117.8217,124.20755,251.8243,260.35565
"ZNF549",0.0738751331039036,167.545849606299,147.949169146006,10.7589564563,5.26529902313116,88.43435,72.3954,225.8435,196.946
"ZNF211",0.26651535467128,217.268823622047,203.924831129477,10.0725759244257,6.158107182409,144.68285,125.7873,261.4538,255.4175
"ZNF205",0.90886707121841,256.071562204724,257.324173002755,9.95430639812081,5.45247673381578,183.57765,188.2392,307.68615,305.94735
"ZNF45",0.273722383672938,265.769121259843,253.237732506887,9.27522956272407,5.93466009732875,186.1835,175.692,324.00895,303.9192
"ZNF133",0.214010495376122,366.879583464567,387.781160881543,13.7750704634342,8.68860272756571,269.4492,269.3052,418.65245,464.11025
"ZNF436",0.638981251889927,781.06417480315,762.624565013774,34.6892897660825,19.8142883009189,516.22505,506.73945,920.3229,942.18015
"ZNF484",0.236190680447803,104.093479527559,95.903767768595,9.99543223866748,2.11976985037401,65.50805,67.8991,113.92035,113.0362
"ZNF780B",0.703370197739442,281.058824409449,290.476266391185,28.5383638799124,10.6907583543666,164.09435,166.76595,296.21675,336.02635
"ZNF557",0.84563916864175,182.047575590551,180.288547933884,6.69651583883988,4.79916619844771,124.76635,120.33845,222.06685,219.0844
"ZNF337",0.0629276331565344,497.167892125984,550.671277961432,21.5467120362108,15.2099453895392,330.23695,361.29375,630.7542,671.2427
"ZNF317",0.703276802584172,753.612917322835,764.627149586777,21.6532423447881,15.320242527288,557.9195,590.05735,902.3077,898.5904
"ZNF426",0.33053166986184,118.57228976378,125.459592286501,6.00157023920045,3.61711440705152,75.6535,80.69065,155.7314,156.9695
"ZNF331",0.550076703052715,451.181937795276,423.656391184573,23.6182221219365,25.9265775612457,257.6594,219.13265,601.0755,498.03725
"ZNF227",0.985085744207648,282.274371653543,282.039031955923,10.1325204541784,6.54359556726933,196.8989,194.08925,330.09665,333.389
"ZNF141",0.943256158191901,54.8839346456693,54.6144165289256,2.483007644247,2.06244367161594,35.3297,36.0927,70.6503,64.26755
"ZNF304",0.136670044957334,336.72322992126,314.515365289256,12.8362114352582,7.58112882073531,242.63835,208.64085,393.07955,383.9767
"ZNF132",0.248695872091807,65.6082551181102,60.7015600550964,4.05620206056619,2.07442250575527,36.11525,32.6732,81.92095,79.87065
"ZNF20",0.244722560265794,103.63618976378,98.5394143250689,3.91987566164517,2.19547249831986,73.7403,69.9655,121.47655,119.2946
"ZNF670",0.895469188768742,90.5054141732283,89.8707619834711,4.44597845914791,2.3951649849063,56.09475,58.95245,113.3347,110.32655
"ZFP37",0.840540677282144,62.3334622047244,61.4205247933884,4.12606093417388,2.26111174827272,28.9212,30.39935,82.6194,82.68495
"ZNF189",0.182062546935245,454.246333070866,429.014872176309,16.9876443797295,9.45602861127902,313.19675,305.04085,558.7212,509.0975
"ZNF434",0.305799219391016,333.726511811024,344.764590633609,8.58824799441737,5.61471353670531,256.909,271.99635,395.4181,398.2637
"ZNF287",0.701676949365644,99.0268645669291,101.092751790634,4.63865335918301,2.74415485097538,66.83165,66.90535,125.45975,125.2317
"ZIM3",0.896710492377246,0.121212598425197,0.139899173553719,0.106256325895878,0.0765315465582658,0,0,0,0
"ZFP14",0.958598350976426,169.893260629921,169.312047107438,9.59637645045008,5.70418833687349,109.4681,103.2194,208.51105,208.8365
"ZNF473",0.956784542738005,325.011244094488,325.795171900826,13.2217311321818,7.19436114540573,217.5225,220.1232,387.02185,399.088
"ZNF614",0.95588349796989,257.484500787402,258.437456473829,13.3831586619574,9.04231735584334,150.33615,157.1737,306.6592,304.2399
"POGK",0.725730646040166,1852.06504645669,1879.73171267218,79.1178858277174,37.5282801936794,1355.17105,1433.10355,2052.81205,2174.94305
"ZNF514",0.0327602561835493,212.358658267717,247.684670798898,10.9589868131249,8.97140702057037,127.3822,143.9591,282.04905,305.43435
"ZNF300",0.333663424756708,101.641561417323,112.452864187328,8.99410255076484,5.81016679195616,36.85665,39.43835,125.51205,146.4049
"RBAK",0.161284665467386,574.975507874016,607.899066942149,18.9906516757145,12.1867586964176,414.69405,448.4336,723.3705,728.59185
"ZNF92",0.221100807682446,233.935034645669,220.890463636364,11.0843051540678,4.9645237355096,145.09475,160.53535,274.5468,262.0759
"ZNF157",0.474887718559254,3.31959527559055,3.66292837465565,0.398485566691524,0.247393624278253,0.8028,0.72875,4.41365,4.69665
"ZNF182",0.308474360067172,169.597973228346,177.07645261708,5.88746306097531,3.81835649652117,119.6781,131.93575,205.5795,212.22925
"ZNF673",0.611222543793592,241.647033070866,247.932549035813,8.4228421365614,6.68675878898063,174.76325,184.41165,274.47685,285.6604
"ZNF41",0.278545917526764,204.028650393701,212.094505509642,6.16429412230582,3.83260557807981,156.2285,163.158,257.1512,245.5892
"ZNF7",0.559411652318264,571.897299212598,560.419945179063,17.0794944630575,9.96866543877239,435.09485,421.81955,657.2666,664.2616
"ZNF214",0.101300087547569,24.4380732283465,20.6805517906336,2.58133955436779,1.00943687479839,6.7388,5.7423,25.972,29.53555
"ZNF215",0.461135660617053,46.2013645669291,49.5820385674931,3.99098624806377,2.3239903038907,15.7003,14.5926,61.15805,70.1143
"ZNF547",0.00369909089680442,42.0248283464567,36.0873506887052,1.99178049189479,0.982178400038433,27.2982,22.83955,51.09535,46.23815
"ZNF773",0.725529762715836,116.034120472441,118.475843801653,5.62938360510767,3.60862740540554,81.29085,75.05655,150.81195,147.96845
"ZNF776",0.0662708100065066,365.157111023622,336.843870798898,14.0261032447187,7.66217500637188,262.5527,234.6861,447.4686,410.56665
"ZNF256",0.413248639856922,130.566968503937,124.424742424242,6.39524892724118,3.83100025463873,85.81385,74.26355,173.1793,167.4998
"ZNF599",0.699399592803044,96.3119039370079,98.5179545454545,4.68613302233037,2.95246004160313,65.59495,63.1101,111.6647,118.15225
"ZNF18",0.0427635034379178,209.915266929134,231.974061432507,6.82374947512382,5.96089264293168,160.25045,158.3866,245.8451,279.7016
"ZKSCAN2",0.273468370693242,184.040204724409,164.283035261708,25.6350515876405,5.7829669309084,98.664,100.6567,211.87055,195.4421
"ZNF689",0.315805383558269,173.873399212598,164.132963636364,9.91111543904701,4.57319867159436,115.95715,116.2457,203.03855,196.3674
"ZNF19",0.107940197526243,45.400905511811,42.1291151515152,1.97097047529252,0.984371267978458,29.0544,30.7694,59.30365,52.0957
"ZNF230",0.945306372665341,98.8294881889764,98.5170090909091,3.21803634328237,2.44552759771337,71.55685,68.69975,123.3025,117.82365
"ZNF222",0.796378083734761,65.4594763779528,64.5804856749311,2.29723398834765,1.84588433553733,47.39395,41.4126,83.52445,78.2961
"ZNF221",0.795106275053923,13.2622992125984,12.9955107438017,0.899312756757938,0.51950056047696,6.42035,6.19575,17.2191,16.66795
"ZNF233",0.381188610591063,24.1386047244095,22.5264201101928,1.65898447207584,0.920280277283092,12.71425,10.6305,28.3355,29.55105
"ZNF235",0.552118235419646,72.9606228346457,75.1825049586777,2.78571623115406,1.98171486379895,51.64735,50.15005,87.74,91.29945
"ZNF208",0.990248231735489,23.5542165354331,23.6305771349862,5.32907681759995,3.18836720684676,4.15925,3.39645,18.2844,16.6941
"ZNF714",0.0788313041913455,208.283273228346,179.064747658402,17.8143282982983,7.58420520902782,100.47345,83.6141,254.688,239.8741
"ZNF394",0.908859279449008,470.97694015748,472.738290909091,14.4179401434325,7.57048539307023,372.95095,380.234,540.1934,539.45865
"ZNF333",0.727482344000733,183.70605984252,179.805627272727,8.03861262957821,5.98772073918617,128.36245,119.71865,220.6443,215.5793
"ZNF382",0.0253438784242134,27.4825779527559,21.1981,3.07914785294627,1.2602476039231,8.7254,7.0261,33.9447,24.6028
"ZNF577",0.505105066769478,82.7262401574803,78.1402939393939,5.55018868135123,3.57308070136661,43.25985,39.1516,104.2096,95.3056
"ZNF75A",0.681902058610324,283.783609448819,289.326491460055,12.0391615148498,6.79508419437285,192.78465,200.92535,354.09125,353.95435
"ZNF496",0.503639601212766,370.575211811024,381.960400550964,14.7509428594054,8.6379045856559,265.7208,267.51805,459.75265,463.901
"ZNF2",0.789474188955991,120.799300787402,119.722182369146,3.47731189494684,2.05128858072177,89.94255,91.89155,145.8748,138.47445
"ZNF589",0.514199933641888,373.253976377953,393.952743526171,24.8384328771536,16.6180170440347,198.2677,205.7713,468.06625,498.14115
"PRDM9",0.18145273201034,0.955005511811024,2.81159035812672,0.263753882981437,0.814889710896818,0,0,0.4344,0.7936
"ZNF12",0.0171814342610898,732.358514173228,795.215493663912,19.9411055719188,13.8943279789631,579.82745,617.47065,865.2427,926.3344
"ZNF202",0.165210029679301,297.361823622047,314.645241322314,8.27227414169986,6.76004863036168,244.45535,229.6526,352.87995,379.5067
"ZNF3",0.314212678839724,838.740568503937,805.929314325069,31.1754080178512,15.8823276359574,593.01285,594.75505,1007.2581,957.9824
"ZNF606",0.0298110190076932,250.485517322835,220.797015151515,12.1087776489635,6.85616418183497,161.6049,141.06665,315.91875,270.9935
"ZNF91",0.785676880177771,231.12727007874,225.554807713499,15.6506721531599,10.8044097768664,109.4971,90.00635,321.61345,290.75545
"ZNF226",0.919452221209117,263.335755905512,262.084628374656,9.29316056591199,6.5506338158119,205.74785,173.30635,309.8954,322.1851
"ZNF229",0.751303794744229,141.649175590551,135.904587603306,15.2397750399931,9.29443652565777,19.3291,12.55675,184.7254,193.48345
"ZNF180",0.760571154809724,183.821888188976,181.250002203857,6.97887479469708,4.35075732560987,128.2309,127.98345,219.32205,215.4738
"ZNF641",0.565353797388284,184.814934645669,190.088758677686,8.07220412529428,4.62891057475527,118.95035,133.2671,228.33805,233.89515
"ZNF610",0.454253596195063,45.6395732283465,42.1130884297521,3.63273744897996,2.47780090442105,14.00995,10.3629,67.1938,56.1386
"ZNF528",0.274956395622741,221.043730708661,201.885888705234,15.331695465664,8.87290029831564,89.99755,83.8597,295.33515,268.16515
"ZNF701",0.351142604197986,103.718619685039,97.1536898071625,5.17045308483995,3.7461088118605,57.64825,47.79025,145.7426,126.5201
"ZNF283",0.743205084566895,47.8215086614173,47.0123041322314,2.02695710233639,1.27628874425087,33.763,30.0999,59.05775,57.9832
"ZNF558",0.15967351130951,416.786443307087,453.29815785124,17.1564525082501,14.1067824568832,291.75105,305.68195,508.8045,521.69315
"ZNF597",0.652371444536428,39.0041464566929,40.4867184573003,2.85839497520973,1.66882243373209,12.47645,12.09345,58.2382,58.95915
"ZNF30",0.227779668486871,77.0422968503937,83.2899628099174,4.20689416006,2.68265706095312,49.89585,50.08375,92.08925,103.9071
"ZNF354A",0.690004619908049,261.404715748031,267.339020385675,15.3875384217483,6.95855042819413,166.5672,185.9324,296.95505,322.4115
"ZNF764",0.245542484911235,208.204925984252,196.108998898072,11.4075355809388,4.68739266570455,141.85925,144.8304,251.5027,219.88805
"ZNF747",0.0567198043860067,250.297828346457,230.037516804408,10.0275929144376,5.20280063038093,164.3424,174.5199,305.0809,265.04985
"ZNF778",0.884419578328304,67.1823826771654,67.6830272727273,2.63854402870455,1.81439236139697,48.3064,46.66465,82.7473,79.3441
"ZNF212",0.367780697956895,415.201448818898,430.839837741047,12.915101520076,9.21057332723782,311.47545,328.31505,520.2225,511.25225
"ZNF282",0.354337057586319,937.498462992126,971.042631404959,28.8301493473323,18.8731257215227,721.44065,728.7082,1124.02515,1146.22655
"ZNF160",0.947293100452219,522.836986614173,524.575541873278,20.0355953582772,13.8755159161354,350.36075,358.57795,667.2856,646.4146
"ZNF415",0.0419740914507187,99.4654094488189,80.6077553719008,7.28853890724267,4.83861950401501,25.70745,17.71705,154.9404,122.81425
"ZNF439",0.0284330413625247,93.9076842519685,78.1533223140496,6.94670857012474,3.47519337648977,41.3453,31.77875,123.7128,105.4784
"ZNF440",0.726645791511715,401.551056692913,392.042763085399,22.2660846627199,14.0639870956848,233.63335,228.36565,549.33435,474.88155
"ZNF562",0.625922150848782,545.974120472441,558.14166969697,17.4604907125807,13.4268414118885,411.5942,408.1881,648.70195,637.47415
"ZNF561",0.847202831536742,691.782320472441,698.576414600551,24.4115635128136,19.0092035915927,511.29215,491.21665,813.90105,797.4696
"ZNF584",0.359163432232617,221.019859055118,213.203668044077,7.1248859774252,4.3768884356646,169.721,152.47995,263.2588,262.58785
"ZNF274",0.501919751721009,450.103648818898,436.301320110193,17.0036717546273,10.5924490978503,327.1197,296.9418,568.29185,535.90055
"ZIK1",0.32588448319803,82.7174251968504,73.9191837465565,8.62336513709144,4.34858861803531,17.7716,14.2255,112.7488,112.58085
"ZNF540",0.240032707594877,35.5041960629921,29.4431198347107,5.02456845308821,2.49027318636692,12.63945,10.53785,39.66865,31.6377
"ZNF570",0.393736719884442,58.3784220472441,62.2002225895317,3.85334783296968,2.27938292733898,31.2908,34.87275,75.1516,79.12415
"ZNF57",0.452528528484245,124.21684488189,129.30820661157,6.13411389783363,3.3825968333265,84.05665,83.2599,142.3287,157.12365
"ZNF556",0.0202076403397502,13.4365503937008,19.9962217630854,1.9616350196653,1.51673144367109,0.14225,0.40215,20.1026,28.42105
"ZNF554",0.431223584791356,111.936371653543,107.31026446281,5.51736921867075,2.88834254555283,69.2598,68.8037,137.30295,134.617
"ZNF738",0.964725157380578,180.208884251968,180.934092286501,15.4205736920006,8.05600561565143,71.0923,71.4696,203.83025,233.0974
"ZNF596",0.0194512996238843,49.8911307086614,41.6887082644628,3.74492552237853,1.60272069362853,25.39905,22.39155,58.6947,52.3576
"ZNF621",0.378890358642295,453.372688976378,471.322273002755,17.5134844486984,10.3812052922639,328.10895,343.1489,556.53825,535.8249
"ZNF680",0.925110046534585,267.41097007874,265.750226997245,16.6367336536055,8.67441691220892,153.17875,166.9776,311.0509,322.0696
"ZNF483",0.0122966530267349,12.5367543307087,9.76785482093664,1.37928371894347,0.438810168995253,4.0971,4.29225,16.1622,12.3692
"ZNF417",0.061652059538847,165.180222834646,150.913731680441,6.96732583327343,3.78913289847587,116.16585,99.9463,207.69735,182.9322
"ZNF791",0.399557295181551,227.128014173228,219.303748760331,8.31878571287564,4.65414352384305,165.758,156.8761,272.90885,264.8679
"ZNF519",0.599333160716405,59.2878818897638,61.5622247933884,4.36358869719933,2.054473475078,29.2471,35.46275,66.60565,77.44285
"ZNF25",0.728592253898505,200.922011023622,204.193261432507,9.22007900751573,4.54580564014841,137.1282,143.94055,232.6755,245.7775
"ZNF77",0.192135376472366,109.776236220472,118.60228815427,5.26157040345331,3.54738617740706,67.58925,75.35565,143.0611,141.1007
"ZNF169",0.644472520549054,69.7765173228346,71.5576190082645,3.42392237930603,1.94194370197332,44.31135,48.1242,83.96645,87.87165
"ZNF613",0.228259338767401,92.0530433070866,86.159567768595,3.74254176853373,2.57547791896246,64.772,55.63875,117.38735,106.39095
"ZNF404",0.840980168932152,35.4440220472441,34.8115754820937,2.38915277743244,1.66517898908238,14.3746,15.6585,47.28075,43.1642
"ZNF135",0.0631548041244203,112.239198425197,86.5611504132231,13.9991520035833,6.52367676902149,20.7577,16.4076,131.68405,115.8508
"ZNF620",0.0950675078927997,37.5588960629921,33.2542606060606,2.46863074659797,1.25395683959014,20.8569,18.06535,47.0869,41.48385
"ZNF619",0.203744960162904,48.2780606299213,51.225649862259,1.99211377973373,1.17940108973105,31.51355,35.45175,59.07775,62.0941
"ZNF354C",0.0338497366040339,40.6198275590551,33.904247107438,3.18004610384846,1.49956903898186,15.8212,15.48655,53.37415,44.1696
"ZNF114",0.238798698495137,40.0300393700787,49.2975867768595,4.93191457127659,4.31397453706682,6.84595,6.7519,50.2624,58.85695
"ZNF454",0.573834432989794,10.3986015748032,9.54047961432507,1.41316600032053,0.754398111357146,2.20995,2.17465,12.22025,9.8917
"ZNF543",0.0524668714832695,160.898982677165,147.245731680441,7.41708419024371,3.2457391946826,102.95295,102.62985,207.5898,185.4151
"ZNF354B",0.377325132264156,98.0658173228346,103.163562809917,5.14852039398291,2.8983727048309,57.6872,67.49935,123.5971,125.1387
"ZNF223",0.913936379033608,99.2603417322835,99.8424190082645,3.88431992481158,2.87877453823915,68.96405,61.94965,127.46485,130.0703
"ZNF713",0.814246440780712,55.7426968503937,58.1266479338843,6.27223377472297,5.58048259326429,22.024,22.14765,62.11615,62.1071
"ZNF552",0.972796444514656,212.957980314961,212.355455371901,9.20333253750465,9.93225517594502,130.3019,121.7239,277.9261,235.5155
"ZNF154",0.151259545559064,43.2339913385827,36.6215063360882,4.32466067201393,2.26212830019905,17.6844,13.28465,44.9449,40.40235
"ZNF571",0.622088498541201,75.247088976378,72.7687842975207,5.12330210790638,2.37185308835497,47.0333,42.86565,80.73065,91.99865
"ZNF443",0.256728400243594,75.5528724409449,70.8916236914601,3.89733097958434,2.00952921936197,43.3632,43.42405,99.19335,88.55505
"ZNF792",0.532145724552049,96.7009653543307,100.712267493113,4.48841933079738,3.4540933485194,58.07825,56.41015,120.87395,125.19955
"ZFP82",0.165990753018715,84.1271385826772,73.8920900826446,7.15759224633296,3.57486555396607,33.39995,24.85415,110.335,98.46565
"ZNF707",0.156795011477856,304.177763779528,283.718963360882,13.1651782629682,7.18428418636019,211.536,194.6755,378.2925,346.3824
"ZNF746",0.0350290169302138,622.523087401575,702.452826721763,27.8774215742434,20.1218774909366,438.7666,448.7025,712.04855,877.2122
"ZNF678",0.883731676740884,41.605831496063,41.9538906336088,2.05662771924337,1.20915654021481,26.1668,26.4384,50.34885,51.79495
"HKR1",0.807173870010106,584.097461417323,573.885882093664,45.9699436062211,18.8040079924583,365.84315,362.4183,627.70295,688.7154
"ZNF101",0.273593750413991,124.661645669291,118.010878512397,5.11799922309111,3.11043192500099,87.0679,80.42275,144.94395,139.3486
"ZNF716",0.202605089308775,1.70877401574803,3.20564049586777,0.565802906851485,0.664776561170871,0,0,0,0
"ZNF708",0.223244047587616,120.259281889764,111.230693663912,7.18694138594045,3.58625778461478,73.2005,70.7478,150.85045,142.60735
"ZNF721",0.700068489615351,352.467006299213,362.814644077135,14.0753816351871,15.0888580967258,252.3158,250.12645,409.26205,428.6724
"ZNF662",0.902035860264529,69.1474803149606,70.1087137741047,5.76682683144689,4.15156604088736,19.3602,17.923,100.6508,97.13085
"ZNF320",0.245749002784165,395.651780314961,358.139671900826,25.9392888523798,16.7959539604072,175.1405,123.14845,557.52035,503.1758
"ZNF530",0.779731435392147,98.0707913385827,99.5322834710744,3.87902390408547,2.77466650411719,67.7469,61.81295,120.22355,124.10335
"ZFP1",0.492595160302368,222.298932283465,214.576207162534,9.72057275122322,5.71691678801061,144.1131,153.091,265.94155,244.95725
"KRBA2",0.580864729906339,42.4325952755906,43.7289245179063,1.9831354992234,1.20191820700683,26.00055,27.39725,55.73295,55.2608
"ZNF93",0.299069109258229,86.4653330708661,76.3710633608815,11.6384931896362,4.05583996780132,31.8403,26.53625,94.68035,101.5558
"ZFP90",0.228267025315305,454.200682677165,477.158768319559,16.4306346024331,9.67829612055609,313.54705,349.88065,558.50115,567.5532
"ZNF479",0.574967797992466,0.15068188976378,0.489876033057851,0.0833214391843011,0.356125517080659,0,0,0,0
"ZNF445",0.864582843073326,449.205380314961,452.211661157025,15.2307937865377,8.95578880998364,334.592,337.61155,545.1326,545.8152
"ZNF74",0.370551896879386,453.093988976378,494.543224793388,30.2165141401426,25.2206920537019,267.033,311.0425,520.54855,573.00725
"ZNF829",0.825789757150433,17.1094251968504,17.5383099173554,1.63292306591778,1.00023797696925,6.1085,4.35365,19.3466,24.46185
"ZNF267",0.285207126433433,438.581696850394,457.745731680441,14.1535908800306,9.36547731437653,331.68385,340.71135,528.7845,543.1176
"ZNF566",0.722222430979502,160.525134645669,163.905596418733,8.63565269036094,4.74099590277827,113.0393,112.2,185.0061,193.1855
"ZNF224",0.308547979018327,188.147698425197,178.608292011019,8.33976742571462,4.70432059348054,127.97555,111.08295,233.72545,227.8307
"ZNF529",0.905730118648457,297.316907086614,294.955510192837,17.1029867328613,10.1564919070442,199.48205,174.878,344.39735,351.57865
"ZNF284",0.730052987117982,43.4215771653543,44.3403019283747,2.10075082761712,1.3916443565201,28.00305,26.1929,55.2305,53.57105
"ZNF749",0.925363403834091,79.6981062992126,79.3259790633609,3.45651386974535,2.01312128476169,50.2466,53.0847,105.3504,99.9752
"ZNF17",0.456687640815722,128.803618110236,124.921474655647,4.01542883443723,2.7434289170553,98.1518,91.9532,153.9506,148.02305
"ZNF555",0.970015868049293,66.4673448818898,66.5771060606061,2.68991847081811,1.44744073230937,45.54465,48.5346,81.45925,80.2678
"ZNF75D",0.0149177833446813,265.10288976378,236.66080661157,12.7848597795112,5.23949218092004,158.98245,166.67,315.45905,287.9479
"ZNF197",0.981891459520054,263.635114173228,263.443403305785,6.54750171338857,4.43620238652838,216.01325,208.28105,301.1853,302.43045
"ZNF732",0.984880916500075,4.57647165354331,4.59384380165289,0.684350363109925,0.486106331558674,0.59455,0.63155,4.88325,3.4436
"ZNF546",0.691749109116513,54.9806677165354,53.1532011019284,5.33332753020751,1.98751473950109,29.9103,30.3377,65.0617,69.45935
"ZNF286A",0.794881996404422,286.999691338583,290.999283746557,14.8508729877162,7.46645044790886,178.6274,194.41575,343.87845,347.05925
"ZKSCAN4",0.464705902110559,126.203295275591,122.894732782369,4.12185695375021,2.25277733273709,93.3517,92.72895,151.45545,150.3888
"ZNF643",0.0235688702970983,77.8837456692913,58.3800134986226,13.5100296132571,1.88121986645035,32.78865,33.4028,76.81985,74.39395
"ZNF642",0.14655849052679,117.695808661417,102.907187052342,16.0206043974028,2.21008262308135,68.33885,77.4677,121.17505,122.628
"ZNF490",0.102882174784976,182.004354330709,168.97879476584,7.34016571737339,3.95461568740693,128.03435,120.593,221.05205,199.892
"ZNF626",0.0268647802253045,118.432928346457,85.7818258953168,16.6094645712716,6.47865413855168,24.1085,19.27035,146.16215,104.919
"ZNF793",0.604405478737013,111.686055905512,118.076825344353,12.2048753050441,5.91252974833883,34.36945,42.9361,145.9165,163.1146
"ZNF383",0.494764164923607,104.398737007874,108.903310192837,5.33493797131853,3.42348887949782,69.05215,71.5074,120.2276,129.67615
"ZNF669",0.788772639969373,112.613129133858,111.208968319559,4.96652705727781,2.56592139388304,67.19985,75.99605,146.5859,131.50155
"ZNF559",0.811998904979434,248.251117322835,245.016249862259,10.6805122960614,7.11818153508236,175.0611,161.29555,295.37755,303.31905
"ZNF177",0.794352135965594,51.5641133858268,52.7344636363636,4.06311955981064,2.24175178540686,22.19265,21.65755,66.80075,71.71965
"ZNF548",0.0686308889818422,285.637222834646,263.84284077135,10.4049059391361,6.0540999861793,214.0357,182.07435,338.98445,324.1138
"ZNF563",0.772676015082929,42.8527015748031,42.0261641873278,2.09257088096401,1.52444926779697,28.1354,25.19825,54.7924,52.3548
"ZNF567",0.926580493703751,168.654887401575,169.622760881543,10.4648746834852,5.01703341099513,109.3551,112.8076,180.99215,199.6996
"ZNF573",0.425383544638431,19.8944992125984,21.7927696969697,1.84763622977838,1.24998379927138,9.4614,10.3666,23.3947,25.61235
"ZNF527",0.793632252619569,110.047492913386,108.215552341598,7.12495984998949,3.30666385576412,72.7235,67.3169,120.20065,129.9397
"ZNF33A",0.668949770150018,638.780691338583,626.324954820937,28.0142171840161,14.1618234497864,425.3306,440.91255,812.2947,778.8118
"ZKSCAN3",0.99635987731938,73.6909952755906,73.7083556473829,3.51853041090943,1.88319839025702,45.75,45.5889,96.08415,93.9234
"ZNF676",0.622254165110664,3.5114094488189,4.22833278236915,0.671799388187832,0.827042552183244,0.13555,0,2.5576,1.5687
"ZNF699",0.576587303625436,30.7854669291339,32.1683862258953,1.85542040056922,1.31189834614994,14.729,16.20225,43.0058,39.90115
"ZNF250",0.00564655481106036,208.367662992126,183.997646831956,8.4428421062051,4.26265793576161,147.0654,125.60375,246.87805,218.3625
"ZNF79",0.264607060940045,111.443341732283,106.729445730028,3.63592037544447,2.14811462007767,82.8719,77.79925,132.9227,127.32065
"ZNF681",0.266081151313098,77.5475362204724,89.4918085399449,7.11036554564517,5.83548834085324,20.1747,18.94415,102.35605,112.992
"ZNF766",0.442587628248852,423.408362204724,411.230220936639,13.6565045194068,8.06460717265568,323.956,307.1276,506.2042,490.31875
"ZNF471",0.0943255963577614,68.5710488188976,56.9801983471074,7.10753790598126,3.24866549839348,16.0647,13.70205,101.47665,79.91415
"ZNF836",0.399928930191192,95.8599598425197,92.0210035812672,3.66478966416645,2.37048287572789,71.44415,59.72395,116.006,113.50265
"ZNF493",0.160686761764263,91.0006181102362,79.9802005509642,7.16753698739208,3.90425566246025,34.70965,33.9273,126.6486,104.8182
"ZNF167",0.730196150623199,50.1453661417323,48.9715994490358,2.44506331360086,1.82066830056761,31.29845,25.63035,63.44985,64.69
"ZNF565",0.336055474396669,71.8843905511811,75.7327936639118,3.45229588431727,2.03206059867045,50.65595,48.57035,84.8441,91.64055
"ZNF34",0.260857517834468,108.972270866142,103.479764187328,4.45045084622104,2.43030557234105,77.31365,74.08775,128.32655,119.89645
"ZNF140",0.548866465234492,436.833432283465,426.641540495868,14.4548561738048,8.6840301694214,326.8348,319.24955,499.39465,509.3658
"ZNF658",0.987947914405954,54.2870952755906,54.3359504132231,2.81916716416744,1.63805053718385,31.0686,33.07105,71.37525,67.80955
"ZNF765",0.666086804295007,241.494029133858,246.554308539945,9.35530164109451,6.10979187959263,177.74375,176.14845,285.05255,285.33885
"ZNF124",0.160539086785509,92.3229708661417,85.5292809917355,4.76129225556083,2.32462876758384,52.24045,56.03165,120.9924,104.48615
"ZNF569",0.664643974876338,107.94604488189,104.296075482094,7.86293497271019,4.14842558168617,55.4962,54.72525,139.1146,133.2455
"ZNF777",0.074038573567674,520.24954488189,560.574616253444,19.9382464361914,11.3520536949233,362.8649,400.52925,631.15335,676.9236
"ZNF605",0.554948216409908,323.165161417323,313.893620661157,14.5887721977268,7.75495337602309,224.18725,216.49055,395.4765,397.1897
"ZNF799",0.45242022169672,103.804422047244,99.7361371900826,4.84981190325656,2.71331282201999,67.6395,67.69785,126.2956,117.3182
"ZNF782",0.245130387566624,50.4169338582677,47.3783289256198,2.63243305200671,1.24037711766998,30.80715,31.8053,64.62115,59.06725
"ZNF846",0.570147517637441,76.3813590551181,79.4061738292011,3.90391060164305,2.83640806127859,48.2248,45.72915,90.7447,97.73805
"ZNF136",0.231217419009242,196.662933070866,187.110868044077,6.91017194655467,4.04610976702431,142.83725,131.0027,240.41155,234.14795
"ZKSCAN5",0.699060433942933,399.661209448819,405.145326721763,13.4262143678476,6.94825374110023,306.3312,321.99,456.5593,455.913
"ZNF33B",0.898680816341106,452.550708661417,449.467357024793,21.1394105132254,12.2579308848986,291.461,302.6283,562.7326,519.7623
"ZNF431",0.231573000170547,190.00001023622,177.454596969697,9.26080937163884,5.28053487189339,119.1788,114.7673,239.1812,223.65375
"ZNF418",0.880391846861666,39.7124393700787,38.8568330578512,4.28375511246657,3.00836355103956,10.6909,8.35535,47.31865,42.61865
"ZNF700",0.724535738602541,299.235520472441,293.858512396694,13.0807880920048,7.77256221164886,201.35155,200.0662,352.50135,344.5372
"ZFP28",0.667683027032329,116.351448031496,120.461577134986,7.49596160585053,5.01403864918694,38.159,38.59545,170.2906,174.0997
"ZNF585A",0.863753830494848,134.59277480315,132.95572231405,8.27042515762643,4.84113912900475,80.29255,68.68095,167.07565,174.73325
"ZNF138",0.834879511610293,171.541934645669,169.740084848485,7.64412384577832,4.35474200339669,117.2739,115.17985,192.8031,203.38195
"ZNF429",0.966440253100023,61.0050551181102,60.7903746556474,4.12317137665605,2.64901126094376,25.28545,23.14685,80.7086,84.9264
"ZNF470",0.386965043518032,105.852484251969,113.29911707989,5.91308946864127,4.64566684177999,56.53135,51.1756,151.49805,150.3406
"ZNF100",0.225963422997548,148.382422834646,136.321604683196,9.13346623319174,4.94171603420477,83.10565,80.8935,192.52845,174.0371
"ZNF398",0.690266585073542,521.554016535433,529.497656198347,15.8282293751386,10.400333642544,394.55545,397.62775,646.1005,618.48195
"ZNF498",0.805953428307785,464.434419685039,460.245175482094,16.8554046507927,8.17971534252392,328.6585,357.0851,558.38135,540.9087
"ZNF441",0.0300709608963874,84.3521354330709,75.4417374655647,3.61876638261928,2.06556102461391,54.6292,48.03825,103.74065,94.19825
"ZNF420",0.880789086128864,131.238400787402,129.839048760331,7.80746331795541,4.79227582474549,71.91125,71.1341,171.0301,164.156
"ZNF763",0.275379412243212,28.6276181102362,26.3657454545455,1.60916840747871,1.08800174244222,15.936,12.95955,36.54875,33.8581
"ZNF679",0.804276806533108,0.646602362204724,0.736404132231405,0.277182607146656,0.190983828882368,0,0,0,0
"ZNF682",0.0116152891364611,64.1152188976378,47.6021876033058,7.82253115556314,2.71944145446037,14.4321,12.57685,76.1902,67.37045
"ZNF772",0.514023697738106,200.101255905512,192.165831680441,11.1376847217348,6.04004797089579,111.72895,112.07015,251.80765,251.05625
"ZNF257",0.468340972464464,22.7048409448819,19.9684209366391,3.47909416879179,1.86901799294626,2.90465,2.3032,23.1862,21.4443
"ZNF785",0.719679120667324,185.213144094488,189.325539393939,9.49188192129503,5.9035713553567,117.51795,123.58845,234.0036,237.94905
"ZNF98",0.313321105259142,7.62832283464567,5.92744435261708,1.68350386019548,0.804415708077631,0,0,3.2805,2.2326
"ZNF786",0.108492029582461,231.134386614173,250.718093663912,9.64584120386218,6.36375728455552,149.6199,170.2153,292.3688,303.77985
"ZNF517",0.572479285542052,246.43605511811,239.589231955923,10.6479464995384,6.1271580654282,149.41135,161.5761,318.83905,298.6679
"ZNF675",0.258752032794516,161.531355905512,182.905270523416,9.77611897712886,10.6405221264617,84.87665,83.43975,202.6742,213.0726
"ZNF860",0.0769706668974679,33.7444062992126,38.5403046831956,1.92686566588992,1.4513444369392,18.5393,20.96685,46.32275,47.50975
"ZNF695",0.56111562703823,61.3821748031496,64.7308495867769,5.25892105075748,2.86629832555883,24.02105,21.74425,87.1219,95.21775
"ZNF665",0.0462005648511005,15.8448874015748,12.9826096418733,1.28485038115815,0.718022346445712,4.30995,3.754,23.9266,17.6187
"ZNF624",0.606693464629142,85.9490007874016,87.8930190082645,3.41926786677828,1.88475093292181,61.12115,63.79595,102.45725,104.7122
"ZNF841",0.954092615965229,225.157074015748,224.381642975207,10.8694736810318,6.99575397692535,136.34925,137.8778,294.1053,279.6519
"ZNF615",0.120621671361095,147.388503149606,135.674580991736,6.72456550205391,3.78464530922522,91.05985,89.79725,190.55915,165.5775
"ZNF433",0.0940843853741724,67.7461472440945,59.6946245179063,4.02297850128168,2.46541270688864,39.3276,30.9872,85.6272,77.5958
"ZNF595",0.157984205821921,169.951475590551,146.122976584022,17.7657643434404,7.79621197133856,70.7084,65.16245,180.87015,171.2026
"ZNF460",0.963931921315278,78.0674551181102,77.8694719008264,3.36101205693036,2.30543296126176,49.7517,47.0632,100.46415,98.72525
"ZNF81",0.169623163886911,118.330779527559,125.792710192837,4.82061009620027,2.7300990139687,78.0799,90.3,143.9576,148.692
"ZNF780A",0.587349346491233,250.707736220472,239.111823140496,28.8863271495552,7.59642560740909,152.6881,151.46855,270.3174,285.305
"ZNF461",0.955269320480322,111.776247244094,112.276539393939,8.0196179797543,4.46490910103683,65.4867,65.55715,139.40645,138.46275
"ZNF181",0.277819458525431,172.990415748031,184.661045730028,8.99211771613578,5.52005294278756,124.52965,121.4532,198.12605,211.2893
"ZNF44",0.475063383258488,173.232669291339,167.111080991736,7.746267883205,4.27989120714087,124.07235,118.5075,198.5853,200.0193
"ZNF790",0.981922286900777,71.717825984252,71.835326446281,4.56896501190686,2.6160457790821,39.57515,38.56475,89.0447,94.4927
"ZNF677",0.314812891710657,22.8173677165354,19.6123377410468,2.70398632128297,1.62927753245003,3.8505,3.2201,32.1967,19.9539
"ZNF823",0.706883244917618,96.3475803149606,98.1728658402204,3.51501829407869,2.59185348653805,68.1167,65.1893,118.46375,118.2119
"ZNF311",0.678359789898209,48.3996133858268,50.3875253443526,3.98966249359534,2.46589195609114,18.2876,16.4438,60.86855,71.38505
"ZNF347",0.0981687817819092,98.7527433070866,86.3478242424242,6.25425608253332,3.84963036218225,36.54205,28.66455,151.52825,125.89425
"ZNF273",0.99746086012083,210.350167716535,210.391953719008,12.923619845158,6.31185773388007,124.8329,133.39145,244.801,252.06735
"ZNF84",0.101562340033667,564.266189763779,518.732914600551,29.328777077527,12.8236736318475,347.85375,348.9552,675.03005,629.19895
"ZNF667",0.0471366100794692,62.4023992125984,47.762564738292,7.25149364129595,3.53613187348656,8.49025,6.48615,83.7924,67.1026
"ZNF649",0.805100608963653,153.312300787402,150.414002754821,8.49019974608428,6.27486485808214,93.4625,75.555,200.57715,183.3717
"ZNF248",0.525487594876349,238.624298425197,246.353057300275,10.3412481718533,6.21909836243795,161.8983,169.47335,286.1393,285.465
"ZNF544",0.536810234641185,627.642419685039,609.994192837466,24.9255987175268,14.4638144471254,440.5777,420.57665,742.91755,766.0344
"ZNF251",0.35377048062038,347.768218110236,329.490566391185,18.0684189170178,9.7841257423825,210.2946,199.5928,426.42085,411.41595
"ZNF607",0.521149267214537,166.313682677165,176.32471322314,14.6618945979273,7.66615279773962,80.48485,81.8996,200.1866,226.9122
"ZNF334",0.397819846418427,91.381037007874,103.585302479339,13.6660349126764,7.06561582486585,18.65095,16.20455,114.7463,137.3592
"ZNF485",0.188880493645594,56.8200480314961,61.5668424242424,2.87739879331278,1.88132180611155,35.49965,37.07195,70.27945,76.91305
"ZNF192",0.727232951693316,363.01475511811,356.175334986226,18.130178683395,9.70313412084871,225.1445,217.8951,473.2108,450.3132
"ZNF442",0.183150024070476,16.0144338582677,14.6015721763085,0.888697899985898,0.54436530107878,9.30575,7.3961,21.40115,19.11235
"ZNF813",0.062197429168069,82.3930984251969,97.0580261707989,4.99831236900131,4.29705249836981,43.78155,50.42705,108.5489,132.1684
"ZNF26",0.515701307267468,272.041216535433,265.186695867769,9.93965398954357,5.1738795146464,198.4941,193.01605,325.55335,317.33275
"ZNF69",0.000987085645546948,30.8296433070866,21.5228845730028,3.59969703863839,1.08495900925096,11.4926,9.11815,32.5995,25.9756
"ZNF583",0.901075550992448,48.8574204724409,48.4029360881543,2.77066659987438,1.93162256070136,23.51595,21.3748,69.0168,65.8838
"ZNF568",0.669175422387147,84.9024519685039,81.9384035812672,5.73915281244044,3.57524293055845,42.65975,29.10495,104.49335,113.0638
"ZNF480",0.519656242908203,387.228108661417,398.431696694215,14.7298990160091,8.90008408992909,289.1629,281.3248,494.2,483.01225
"ZNF587",0.32277650516505,697.351867716535,662.09491184573,30.8566021665476,18.0940938544504,454.74195,426.0313,847.2613,824.68215
"ZNF808",0.285446453418211,191.271092913386,180.675053443526,8.5353934428214,5.04329688650321,121.9389,121.07345,257.95255,232.40525
"ZNF43",0.11267940316296,165.598671653543,140.215536914601,15.6331999156075,7.70600676459115,61.4883,46.65665,209.3678,192.98615
"ZNF28",0.526145420563093,395.593491338583,411.450662534435,17.8461442225967,13.3993069966997,266.0871,257.5205,539.25465,516.3551
"ZNF627",0.172858941314486,358.390241732283,324.984455647383,20.5718620782658,12.5581519498641,212.8027,202.42055,411.8707,355.57405
"ZNF789",0.648248779598544,99.5152496062992,102.379388705234,5.36433094703127,3.20171116263099,56.6834,58.904,129.5153,130.56265
"ZNF534",0.928163124160107,6.41797322834646,6.36308099173554,0.421485333905255,0.328263361972472,3.71075,3.85,7.7894,7.2556
"ZNF525",0.248586671092306,253.234933070866,272.045961707989,12.0525253270077,8.65806979813972,155.90175,170.33525,341.8782,341.1897
"ZNF814",0.030744654644172,221.346553543307,193.3406184573,12.3234048312983,6.31532351225301,124.5286,107.7226,278.26565,244.88065
"ZNF551",0.184517496776035,172.873862204724,161.018570247934,9.3423425879111,4.14497309426174,110.35995,105.10345,205.4756,200.34
"ZNF805",0.425649334778321,320.703240944882,311.11424600551,9.89729618744339,6.21340492025375,265.2916,227.0862,376.4857,371.64045
"ZNF468",0.381051737106851,410.460718897638,439.948992561983,20.1599586083354,18.5943225224969,268.87595,250.0237,515.21965,539.03855
"ZNF616",0.722609936547063,176.280482677165,179.312595041322,6.00526431478135,4.59041350267349,127.5459,119.72145,222.01845,215.37805
"ZFP57",0.709920071870724,21.2420070866142,18.1022592286501,8.58196160015307,3.98710186997818,0.1211,0.4421,12.5393,13.20745
"ZNF155",0.208619400416678,144.770311023622,136.199140495868,5.16487570519299,3.59782929785267,108.48425,91.53255,183.1587,167.69855
"ZNF425",0.807669956625818,58.3585669291339,57.316770523416,3.55922524994188,2.20218018021169,31.116,30.5619,71.96555,70.31825
"ZNF611",0.3345323412181,158.479892913386,149.910057024793,6.9060209755675,4.65744583511662,104.33275,98.9588,199.45855,186.23735
"ZNF254",0.0576038991597292,245.59161496063,212.554511019284,16.4724200962743,8.49944065736394,127.32055,105.2897,306.7684,283.24955
"ZNF625",0.00715558462376253,22.0256149606299,17.379349862259,1.9397511475424,0.758798549331979,9.08065,6.45055,28.16425,24.7491
"ZNF845",0.756261922132427,241.344180314961,244.370203305785,8.06314078681954,5.02526506610291,180.4404,184.7984,291.7509,292.6022
"ZNF90",0.98989521469711,163.380319685039,163.175865564738,12.3543401477872,8.50747994607315,67.04815,67.40385,197.92885,194.96375
"ZNF788",0.677577169124639,67.8971811023622,64.8716454545455,6.76732403489559,3.59202870151785,24.22865,19.9584,90.71335,84.38495
"ZNF880",0.986719814443607,78.2006748031496,78.3427256198347,6.79332573050471,4.44985183283223,23.1774,20.83115,115.8512,105.77805
"ZNF630",0.205843548540098,51.833937007874,56.3144314049587,2.44362804398196,1.90887894758655,32.75355,35.2227,68.11545,68.59185
"ZNF844",0.324986353648054,70.6888047244095,65.1630716253444,4.56961226229604,2.90641173956699,26.7013,23.7991,96.9096,91.35925
"ZNF717",0.89951949939217,25.7773755905512,26.0263468319559,1.75652668717253,0.990588001850391,11.8943,9.30575,37.8044,38.029
"ZNF492",0.652307453606984,12.242811023622,10.8583024793388,2.40401363921502,1.60976667228206,0.4979,0.42475,6.90375,4.7406
"ZNF688",0.225806165394873,199.139562992126,187.632271900826,9.08247158924203,4.6272200452029,136.50295,126.0868,229.9528,219.2238
"ZNF879",0.114170283734811,49.1465228346457,43.925238292011,3.19989395904405,1.5988600497821,21.54435,24.33845,65.43775,56.3441
"ZNF737",0.059759312373615,149.298113385827,114.697988705234,19.0104883052106,8.5712762797868,42.3255,30.23205,167.36185,140.5284
"ZNF709",0.00301473958002507,66.0446448818898,53.9412964187328,4.69307646742529,1.75412428604568,33.7783,30.7876,84.2432,70.55255
"ZNF585B",0.61506321311239,66.5720637795276,64.0188666666667,4.67361817044345,2.51710983664834,33.7782,30.54625,84.6936,86.96295
"ZNF324B",0.410895963014949,146.704748818898,141.32565922865,5.6679398249365,3.31855092772215,101.25305,95.40235,181.3252,175.01865
"ZNF564",0.470558432259589,195.083939370079,189.563393939394,7.00249668263453,3.80110494516472,146.0423,139.8458,225.69595,220.62715
"ZNF674",0.691159259612285,69.4750417322835,70.8242123966942,2.6196427525653,1.78579488096533,51.9531,51.0133,79.30455,83.07945
"ZNF432",0.235113082547392,110.574181102362,103.003556198347,5.93523349187233,3.14341535058982,68.76905,65.03145,131.7333,122.4088
"ZNF10",0.117047278156927,169.60555984252,153.718631680441,9.63906324398818,4.94562197718921,100.08435,90.6381,210.1328,192.75365
"ZNF486",0.980375564265053,41.1599511811024,40.8923655647383,5.36900856708125,6.1476966697172,8.95405,5.59995,42.6188,37.39635
"ZNF225",0.862896604467103,71.3765787401575,70.8213944903581,2.64701543675759,1.65960534183558,49.0894,49.85375,88.414,87.12845
"ZNF350",0.0167809534331825,153.701417322835,134.595827823691,6.79263323537438,4.06549992397218,99.22735,80.80675,197.5633,179.1539
"ZNF253",0.0360433547510188,154.536142519685,127.721443250689,13.1830896500641,5.97342578990139,70.18265,72.6859,191.53855,159.26565
"ZNF878",0.680605781586661,4.80947244094488,5.15740523415978,0.607039591579601,0.452159810144453,1.37295,1.2713,6.18025,5.9594
"ZNF727",0.784774961846272,5.43483622047244,5.12900468319559,0.850847056328532,0.591203290695636,0.4441,0.39505,5.00955,3.46595
"ZNF578",0.733162666025098,21.6445362204724,20.1712812672176,3.4562101394401,2.25003750521341,4.5564,4.2108,19.45725,14.8947
"TRIM28",0.940549681981142,8265.46417165354,8238.64935730028,291.105499886679,186.554080621491,6143.23055,5617.06115,9927.0856,9779.9898
