"gene","p-adj-Dead-Alive","mean-Alive","mean-Dead","SEM-Alive","SEM-Dead","Q1-Alive","Q1-Dead","Q3-Alive","Q3-Dead","count-Alive","count-Dead"
"ZNF195",0.338468836274668,342.865526056338,330.651681944444,8.44570101987181,9.50535450321168,237.44575,235.321075,433.51195,398.0342,284,216
"ZNF263",0.90860514948523,684.21246056338,686.582998148148,12.1107451458925,17.509818514858,532.941075,529.87405,802.7159,801.906825,284,216
"ZNF200",0.933764032672556,260.828319366197,261.550109722222,5.11070700327025,7.34360587925252,197.42515,197.013825,300.5518,304.528625,284,216
"ZNF582",0.113246569207272,22.3774799295775,25.5249111111111,1.20130332496536,1.63711223391586,7.814925,7.609875,31.18955,35.99385,284,216
"ZNF285",0.089175230251382,24.8258753521127,29.7905046296296,1.64588529757179,2.5478693285245,5.82375,5.67635,34.521875,40.415025,284,216
"ZNF275",0.444300199885299,647.897663732394,668.6963375,17.120284948582,21.5361581890873,456.941975,476.072,821.235975,799.039575,284,216
"ZNF37A",0.380638767178939,372.976396126761,359.164391203704,10.8953691286679,10.9777444830714,242.203525,248.846025,464.4708,449.2927,284,216
"ZNF510",0.246152307079131,206.894976056338,215.796619907407,4.89685839205624,5.98556522746397,145.330975,148.754,257.64145,256.744125,284,216
"ZNF506",0.337029176928486,264.437165492958,248.909305092593,11.9078129953394,9.90481044834811,141.374325,141.0931,329.78225,322.483425,284,216
"ZNF324",0.814315164822052,199.854401056338,201.6728125,4.84185949754554,6.18145688880376,141.391475,134.856075,241.57475,257.406025,284,216
"ZNF671",0.550699472990083,72.2346021126761,75.5710236111111,3.82396935788316,3.97091320336828,30.9933,34.5118,92.350925,99.521275,284,216
"ZNF416",0.242618930643585,127.265450704225,133.411896296296,3.2353184731416,4.26647026046107,88.4505,85.893775,160.80955,170.7455,284,216
"ZNF586",0.542081873834743,173.526870422535,178.732605555556,5.27866027205762,6.89681095602171,111.472075,114.697075,222.22765,218.446525,284,216
"ZNF446",0.19345412312355,226.946602816901,214.474605555556,7.11367682730007,5.75402438123557,154.31615,159.49185,268.923425,261.833825,284,216
"ZNF8",0.207646600445693,112.21856971831,118.899244444444,3.04802595201483,4.56154899115474,76.63345,73.018125,132.378975,148.74855,284,216
"ZNF264",0.0979071638539789,627.610600704225,670.214919444444,15.7123963441008,21.0057716230359,429.624825,450.956875,790.83,826.9164,284,216
"ZNF213",0.863641997902718,463.44516971831,460.591275925926,11.1998522207762,12.0764967112277,334.0162,348.06715,548.41985,530.7461,284,216
"ZNF343",0.790848546504118,303.942895774648,307.220781018518,8.46502462568516,8.76068209300158,208.095775,208.7518,362.9287,374.7515,284,216
"ZNF302",0.900331718177906,425.305183802817,422.22267037037,16.2093038863925,18.4783599681494,266.99305,272.04995,503.3066,478.935775,284,216
"ZNF268",0.0192911993035116,275.807711619718,302.940552777778,7.12481208104459,9.37593200626212,189.209625,205.23695,336.95815,392.787025,284,216
"ZNF184",0.832146469886012,256.843575352113,254.752303240741,6.35471994750539,7.6198088970583,178.0597,173.39955,299.08765,307.80465,284,216
"ZNF500",0.699193908670219,225.692881690141,222.674478240741,5.0411576883852,6.01699077984037,166.51145,166.022825,273.076025,258.0557,284,216
"ZNF419",0.962080852933168,171.079807746479,171.444043055556,5.13153749468277,5.61880761090482,114.44475,114.1836,210.583375,207.58495,284,216
"ZNF175",0.0121545798933504,110.862637676056,124.859360648148,3.45734473488974,4.47242917015495,69.69585,79.13115,151.230175,163.494075,284,216
"ZNF14",0.399962259346504,164.499753873239,172.067474537037,6.33579412556977,6.05821481763016,107.1432,119.7925,206.318775,210.14285,284,216
"ZNF85",0.730143373756398,69.6291968309859,71.8075652777778,4.51352486480214,4.14200337313231,23.285125,29.004775,92.529725,99.7889,284,216
"ZKSCAN1",0.857154824004678,806.850773943662,800.390008796296,22.564043184228,28.4978135965277,562.807725,517.6106,964.92615,972.33245,284,216
"ZNF862",0.148818563691342,344.442844014085,317.3038875,12.7709441613705,13.4609539114334,191.735675,175.0519,438.843125,401.393525,284,216
"ZNF684",0.157544473110713,49.511025,45.9076777777778,1.84201946437787,1.62893407984949,31.363375,29.534125,58.0085,55.49295,284,216
"ZNF430",0.179011793755773,133.217762676056,143.607044907407,5.48506045957523,5.13314406726974,82.07065,92.804525,166.082425,173.9187,284,216
"ZFP30",0.363123068549506,206.496027112676,218.410588888889,8.29511079001439,10.3110603990985,115.95725,125.475125,258.0279,263.5727,284,216
"ZNF549",0.0287300229932661,144.298590492958,165.310213425926,5.69704506079874,8.0340384061097,70.577225,86.454925,196.32635,213.265925,284,216
"ZNF211",0.252453517903435,201.507318309859,213.519064351852,6.26402064908039,8.7576426113506,127.889625,126.507925,254.4017,268.097975,284,216
"ZNF205",0.351587997627722,262.540178169014,253.424505555556,6.66861079387601,6.9850752569706,185.9864,188.840875,320.167,298.710575,284,216
"ZNF45",0.238834667984936,251.023151760563,262.893326388889,5.95252296460815,8.48330040103031,181.8104,181.583575,302.13065,317.052075,284,216
"ZNF133",0.774924642179586,383.974041549296,379.791726388889,9.7515433767967,10.7975306844913,266.209375,276.275475,462.935775,440.3656,284,216
"ZNF436",0.667653220293425,758.544516901408,773.245614814815,20.6220561670039,28.3634389146646,521.06145,498.087825,971.187125,903.5072,284,216
"ZNF484",0.78768549942599,98.9009457746479,97.2735587962963,4.87754509707606,2.61033737252646,66.090975,70.864875,112.2412,115.80135,284,216
"ZNF780B",0.72797408203798,284.693828521127,292.188662962963,14.4394639926192,15.7906415004993,168.18375,162.755025,335.207275,328.629175,284,216
"ZNF557",0.945813216315976,180.220687676056,180.755528703704,4.51937705220417,6.78545732679836,125.549425,114.8391,219.449175,220.675725,284,216
"ZNF337",0.851320598557036,536.162729577465,540.874564351852,16.245073116801,19.3348601257656,348.823375,360.933775,665.057675,649.2533,284,216
"ZNF317",0.940520466809524,760.018371478873,761.898506018519,15.8190051569692,20.0349970264634,596.3606,567.18835,895.964425,905.65175,284,216
"ZNF426",0.346608867919578,120.802523591549,126.600177777778,3.93358766945461,4.80091077665886,76.326825,80.940725,152.4318,163.139025,284,216
"ZNF331",0.0748258026017047,397.34138943662,468.532365277778,17.378443656462,39.6158213579102,212.203775,262.405075,521.451575,534.423425,284,216
"ZNF227",0.357888680457783,277.742375704225,287.985552777778,6.79466095261908,9.11613564604034,196.240175,191.215025,328.89055,343.265775,284,216
"ZNF141",0.174987810138014,52.6065334507042,57.0692953703704,1.51964604018944,3.19465326271955,36.08575,35.967925,65.580275,65.122175,284,216
"ZNF304",0.186179766559303,311.744634507042,329.106224074074,8.12477892842198,10.5854926654139,214.326175,219.504975,373.669425,416.56145,284,216
"ZNF132",0.880445476765264,61.9754126760563,61.4167509259259,2.4853834499839,2.728086608487,33.071375,32.884425,79.942725,79.873,284,216
"ZNF20",0.759287313001308,99.2532464788732,100.428106944444,2.48125907354925,2.9436421704241,69.9042,72.660625,120.196975,120.627575,284,216
"ZNF670",0.157417694144813,93.1998144366197,87.1407078703704,2.92271600303748,3.05087040864621,59.5504,55.05445,112.2132,108.042925,284,216
"ZFP37",0.380292221475317,63.4656007042254,59.9956731481481,2.68489007415469,2.84021672347956,31.135875,30.25415,85.18455,80.8115,284,216
"ZNF189",0.772053490615585,435.18330915493,439.98757962963,10.9539027528014,12.4014779097878,306.828525,311.00555,539.30425,521.9245,284,216
"ZNF434",0.62471237635546,340.219722535211,344.845289814815,5.72300086946839,7.79757495176681,265.492025,266.00115,401.91305,396.397675,284,216
"ZNF287",0.931040368757749,100.348536971831,100.755498148148,3.0907009232396,3.54059128623099,66.697125,68.127975,127.130025,121.978575,284,216
"ZIM3",0.965030574916268,0.134718309859155,0.129247222222222,0.0896078263975557,0.0810647494761436,0,0,0,0,284,216
"ZFP14",0.846642787720417,171.1381,169.23302962963,6.1615338138631,7.86234650717218,109.566375,100.571475,209.406625,211.596625,284,216
"ZNF473",0.159922821522948,317.275356690141,335.144164351852,7.55712227926243,10.6409346688278,218.90255,217.9579,388.3577,408.9332,284,216
"ZNF614",0.168375146801512,248.286678169014,268.936893518519,9.52412768335435,11.7408045218043,150.91715,156.12455,296.0294,335.22145,284,216
"POGK",0.0461910793600692,1817.24572570423,1955.79601944444,41.9765769307978,57.2101055858999,1391.221875,1432.93685,2009.975,2231.677225,284,216
"ZNF514",0.630519114623705,243.220931690141,236.248799074074,9.4589994782947,11.0110171082394,144.46305,130.505425,300.109975,298.255375,284,216
"ZNF300",0.0684195679500338,118.59814471831,100.640738888889,7.11199192098189,6.29885607908152,44.82045,32.728475,143.3743,140.33615,284,216
"RBAK",0.7747676995079,601.273042605634,607.441381018519,13.7519043573229,16.8349166106476,454.86075,425.1461,702.083575,735.337875,284,216
"ZNF92",0.444045174753499,220.586491549296,227.709123611111,5.77076519343938,7.49145219714914,156.098125,159.288,266.9737,265.680225,284,216
"ZNF157",0.27868594790205,3.91785633802817,3.41403888888889,0.347797057206177,0.273158274909346,0.87705,0.613025,4.6141,4.708275,284,216
"ZNF182",0.1568665466286,179.046378169014,170.006194444444,4.48592575679856,4.31969818239438,132.36635,124.6888,207.574775,210.07305,284,216
"ZNF673",0.294282901336941,251.133752112676,239.87980462963,7.37585941094131,7.55101756599571,182.492025,175.790125,289.836625,274.0437,284,216
"ZNF41",0.563881357524136,207.964924647887,211.7030375,4.21476708216784,4.93814038156067,163.1588,157.9389,240.29885,255.642175,284,216
"ZNF7",0.852641627118606,562.008376056338,565.187906944444,10.9325584772675,13.3506160838956,429.4849,413.46415,650.645575,685.5282,284,216
"ZNF214",0.56350066365016,21.1792968309859,22.3389384259259,1.24987729301421,1.60981138067849,5.347875,6.71415,28.581275,30.2421,284,216
"ZNF215",0.728177894669682,49.9867676056338,48.5797101851852,2.75165803667617,2.90443141497411,15.306,14.531775,65.546025,71.550575,284,216
"ZNF547",0.517274437213128,36.9066595070423,38.0706532407407,1.14730762689781,1.40244141808281,23.819025,23.491325,45.947175,51.028375,284,216
"ZNF773",0.0569966094144869,113.065805633803,124.742845833333,3.81323658719754,4.9116640808901,73.930375,77.506375,145.376175,152.490475,284,216
"ZNF776",0.532862397828723,339.988365492958,348.480268518519,8.48713328688747,10.9057296613185,240.89005,239.6457,412.738475,432.629975,284,216
"ZNF256",0.23284768072184,123.221268309859,131.201106944444,4.0871670243675,5.45933676196982,76.654175,76.7791,166.160375,173.489325,284,216
"ZNF599",0.352881350992849,101.061805985915,96.2371407407407,3.60825939962406,3.58955003546195,65.45695,62.040325,116.66215,116.47355,284,216
"ZNF18",0.974502458584982,226.804550352113,227.110084722222,5.84988864496568,7.8024945213874,160.089,158.42825,271.7737,269.914775,284,216
"ZKSCAN2",0.446194770133564,175.340115492958,163.358455555556,12.9558428690622,5.87048289768939,98.116125,105.233075,197.25635,197.1539,284,216
"ZNF689",0.241652531016531,170.622428169014,160.731325925926,6.52677616203224,4.46556697900358,118.3856,112.261775,194.83235,201.03025,284,216
"ZNF19",0.408830451544064,42.1453644366197,43.6128037037037,1.20519431769138,1.27752952181097,28.42795,31.6367,53.51465,53.502975,284,216
"ZNF230",0.327800014143407,96.6105978873239,100.525702777778,2.34503805622135,3.39134666728625,69.297875,68.36475,118.9008,122.017775,284,216
"ZNF222",0.639810966327346,63.9220795774648,65.3194893518519,1.94283847180652,2.27701985933243,42.558225,43.542825,79.509,81.8603,284,216
"ZNF221",0.877854608841727,13.0521852112676,13.1914481481481,0.583477936849159,0.699955034753345,6.468425,5.83305,16.3207,17.58235,284,216
"ZNF233",0.554359846823772,23.3087193661972,22.3611574074074,1.01011458980045,1.26841532242399,12.108525,9.670725,29.8739,27.985025,284,216
"ZNF235",0.76252594269467,74.0601235915493,75.0513458333333,2.06418136955605,2.60155237292536,51.266325,49.084825,90.44375,87.881125,284,216
"ZNF208",0.409622824964419,25.3945211267606,20.9222060185185,4.15773909616176,2.95324953578439,3.750375,3.628975,15.885775,17.4291,284,216
"ZNF714",0.500369070586284,183.747149647887,193.553104166667,10.3451334512706,9.64018749325329,85.61395,89.565875,232.210375,275.5204,284,216
"ZNF394",0.0347890195458151,497.778607394366,455.409690740741,15.9992217328819,9.17437853562007,381.649025,376.772525,552.03675,517.27865,284,216
"ZNF333",0.0943624751898359,187.429798591549,171.16046712963,7.41156796586097,5.3762262179199,123.5152,117.9749,220.0248,209.2402,284,216
"ZNF382",0.754014324509951,23.1368735915493,23.9936643518519,1.67710112524837,2.22656406561781,7.894,7.596825,28.286625,27.39555,284,216
"ZNF577",0.863496183905474,79.774838028169,78.7441407407407,4.09258388310262,4.27184207499149,39.9333,39.72815,97.7631,98.99785,284,216
"ZNF75A",0.643643843847126,292.524929225352,286.951627314815,8.16338132331836,8.68279431052991,201.7781,197.4136,356.08525,356.82985,284,216
"ZNF496",0.960445238281175,381.368667957746,380.605840740741,9.59104264897468,12.3183910138155,274.076075,253.3477,467.1932,454.119675,284,216
"ZNF2",0.888272513110909,121.161746478873,120.575851388889,2.93066829241125,2.82732845918845,92.61525,89.1524,136.701925,146.6239,284,216
"ZNF589",0.0210746999862479,416.384110915493,352.862265740741,17.5116122395845,21.4642996147835,209.81085,194.2437,523.57385,427.722975,284,216
"PRDM9",0.0994104349447746,3.22966690140845,1.23905277777778,1.0270172645551,0.29598328197015,0,0,0.71235,0.6114,284,216
"ZNF12",0.70025678330635,777.62043028169,786.75675,14.9717226626355,18.7674078284529,603.762575,610.1022,902.41965,913.85415,284,216
"ZNF202",0.694663507347986,312.20041056338,307.936705555556,6.50422015970624,9.04591365858058,230.30415,239.710075,382.312975,357.234425,284,216
"ZNF3",0.569394418472761,820.457162676056,804.222712037037,18.6882453131458,21.5720962444492,601.718175,586.949525,957.93225,974.242925,284,216
"ZNF606",0.795559869321291,226.943677112676,230.083399537037,8.24393104590107,8.68144791159938,142.875925,142.401475,279.90715,282.669675,284,216
"ZNF91",0.166425157709511,216.290361619718,240.956783796296,10.6841774272744,14.8073522912874,89.927275,107.714625,291.72595,303.9,284,216
"ZNF226",0.333597451983756,266.351019014084,255.89734537037,7.18160208856146,8.01429392977433,185.122375,178.9217,323.4739,309.127675,284,216
"ZNF229",0.156445529131079,127.861044014085,150.226107407407,9.55409700521854,12.9893552941283,14.4096,14.7075,191.00085,205.62895,284,216
"ZNF180",0.652538972236696,180.337327816901,183.694621759259,4.60017302206563,6.03667388469935,125.549475,127.619975,218.0431,213.788075,284,216
"ZNF641",0.929487119046918,189.25421056338,189.976912037037,5.52074796784353,5.90906376298986,130.008,132.777425,233.05755,233.861575,284,216
"ZNF610",0.0368720518933907,39.2348214788732,47.778974537037,2.39309004063958,3.46666221900179,10.819175,11.638075,55.066775,68.7158,284,216
"ZNF528",0.781758446798272,204.339002464789,208.568226851852,9.71895506901745,11.9508223587193,89.7419,84.0122,275.6593,267.036725,284,216
"ZNF701",0.0428170338927536,93.3613954225352,105.75125787037,3.56525830625075,5.19398871077438,48.182375,54.220125,133.016925,140.6705,284,216
"ZNF283",0.473874716776337,46.4686292253521,48.0249282407407,1.41903867212708,1.64867668412693,30.25615,31.580175,57.008875,60.10285,284,216
"ZNF558",0.317888613832995,454.006844014084,431.396643981481,16.1486620643746,14.8836326619191,306.828125,295.97015,517.664525,522.706425,284,216
"ZNF597",0.474528854033065,40.9024661971831,38.8436953703704,1.92078923896649,2.12185984412165,13.00105,11.0614,59.45185,57.413725,284,216
"ZNF30",0.407189761697354,80.346689084507,84.133887962963,2.95118497130882,3.51399111474485,49.85715,49.961925,98.4778,106.44335,284,216
"ZNF354A",0.497342665303505,269.155834859155,260.369826388889,8.74948796791904,9.36387900855029,183.705875,183.57095,318.2858,312.96415,284,216
"ZNF764",0.0197302304852628,209.334672535211,188.05578287037,6.98163723099183,4.95272863409723,149.67475,139.341025,238.54645,213.387125,284,216
"ZNF747",0.0173229320843454,245.65593943662,223.401486111111,6.98915911353212,5.45389425108678,177.675175,169.0208,282.49335,263.32155,284,216
"ZNF778",0.780520148862728,67.2306408450704,68.0836564814815,2.00454603336644,2.31570428424988,44.9615,48.1374,81.786525,79.782175,284,216
"ZNF212",0.111790547577501,438.161022183099,413.840206018519,11.2655001200538,9.3282739013101,342.0237,313.765275,513.7374,508.705825,284,216
"ZNF282",0.104974350675202,985.638865140845,934.459303240741,22.3073643580884,21.0994137511256,745.0263,716.94035,1196.534325,1104.46765,284,216
"ZNF160",0.00187930506340572,494.709863028169,566.558481018518,14.5166049468572,18.1819829854287,330.504225,410.348025,635.639625,679.59305,284,216
"ZNF415",0.031311116573756,77.5881007042254,94.9698958333333,4.66509529833093,6.89887730585429,17.891625,22.6145,127.634025,136.52875,284,216
"ZNF439",0.247699148942535,79.4516961267606,86.7245069444444,3.97810197587839,4.95666029263351,31.383625,36.432475,104.8558,114.916,284,216
"ZNF440",0.469717742816222,387.650202112676,404.753730555556,13.363710211737,20.6443237559314,233.913725,224.52805,476.342175,485.66305,284,216
"ZNF562",0.687255359630873,550.862404929577,559.608793518518,13.9956869704362,16.7710479259039,415.263575,394.041625,643.975475,643.46485,284,216
"ZNF561",0.601875044299514,700.375277464789,684.376333333333,19.4719950321221,24.0730302664447,501.230475,479.80915,821.329925,781.9346,284,216
"ZNF584",0.416484522922096,211.844394014085,217.955217592593,4.82704106758322,5.82794343247065,155.986425,156.129425,258.575725,273.176225,284,216
"ZNF274",0.790307707265306,440.958583450704,436.193315740741,11.4134093547878,14.0218939997918,301.1988,299.79325,544.1823,545.6229,284,216
"ZIK1",0.479699001285484,74.6627700704225,80.2362662037037,4.68006878425898,6.61681492296945,14.563175,15.11605,117.27965,102.23355,284,216
"ZNF540",0.795932530200887,32.0488841549296,30.8592125,2.87140408747249,3.67995636294326,10.928525,11.576825,33.350325,33.9834,284,216
"ZNF570",0.455319262904118,60.3263954225352,63.2709060185185,2.62792114669006,2.91227548287763,30.4577,37.6551,79.2843,76.756275,284,216
"ZNF57",0.182522037954445,133.005248239437,124.600085648148,4.48355583428222,4.16773662268346,86.50515,80.683,153.6525,155.539025,284,216
"ZNF556",0.324714530153996,19.6462679577465,17.1792375,1.639231674069,1.89457366281589,0.3624,0.359575,30.348825,23.466025,284,216
"ZNF554",0.692595474348626,107.556418309859,109.5902625,3.49261108560785,3.69723769613882,67.197475,72.082825,134.920075,135.7419,284,216
"ZNF738",0.937863577052177,183.696065140845,182.571749074074,9.78550479991588,10.3764303739722,67.2148,76.648475,231.59815,242.788775,284,216
"ZNF596",0.392054892332796,44.9706672535211,42.3425546296296,2.20741613393431,1.98748595724537,23.7142,21.442075,54.757825,52.512375,284,216
"ZNF621",0.953057826957054,468.482413028169,467.433819907407,12.056523629218,12.8631939452018,344.61535,335.58505,532.73445,562.4036,284,216
"ZNF680",0.83507842475969,265.37348028169,268.590795833333,10.690357216298,10.7738735808302,159.377,170.317075,314.732525,327.54815,284,216
"ZNF483",0.947031556948002,10.5766940140845,10.5116791666667,0.667796019066392,0.697811013309015,4.250525,4.376,13.610075,12.348425,284,216
"ZNF417",0.168961514956555,150.934462323944,160.365963425926,4.09411823373343,5.71514064337855,105.007225,102.356625,186.311075,186.332125,284,216
"ZNF791",0.666996894017177,219.795379225352,223.273513888889,5.41166901490934,5.93148884086512,158.97505,158.5572,262.72945,270.07695,284,216
"ZNF519",0.536954822734188,60.2835045774648,62.6211861111111,2.21572146299298,3.21517170331776,34.47885,32.923325,73.8436,79.26335,284,216
"ZNF25",0.676358859577323,204.241119014085,200.812497222222,5.80465348290612,5.50801460472566,140.23795,143.970175,238.46175,241.80375,284,216
"ZNF77",0.414236493045866,118.562471830986,113.761048148148,3.89585774783498,4.37676586994877,74.66425,71.753625,137.381,144.64605,284,216
"ZNF169",0.0512609412788615,74.4384309859155,67.7962282407407,2.33198549910163,2.40643087060546,48.203975,44.3883,90.6132,83.134075,284,216
"ZNF613",0.00553474793916586,82.222323943662,94.0117796296296,2.63510215373363,3.39661536700081,55.3107,62.18505,102.5497,122.0131,284,216
"ZNF404",0.25981969926088,36.2496133802817,33.1435976851852,1.96273719402301,1.81836127795934,16.052,14.6588,45.6958,42.472775,284,216
"ZNF135",0.132512665974722,85.4142545774648,103.523364814815,7.33053752314194,9.85120167529458,15.6304,19.736075,115.80875,125.321275,284,216
"ZNF620",0.10973604717273,32.8773834507042,36.5150652777778,1.48394092795302,1.72352519531701,18.58755,18.02875,40.992275,46.9744,284,216
"ZNF619",0.18601003918088,49.1776102112676,51.8578319444444,1.33465383610634,1.51859935477392,33.1258,36.23025,60.653925,63.773975,284,216
"ZNF354C",0.813244764418498,35.4576165492958,36.1093597222222,1.84983794456993,2.0200338806377,13.7016,17.5968,45.521025,46.61745,284,216
"ZNF114",0.406979465023734,44.764713028169,50.4757907407407,3.92699016474613,5.96762526791027,7.479,5.01215,58.18515,56.688825,284,216
"ZNF454",0.975330220406906,9.84903415492958,9.80771388888889,0.809608869703689,1.10100589585894,2.03435,2.243125,10.75275,9.84375,284,216
"ZNF543",0.0905729350044689,146.041512323944,156.494094907407,3.71869008674643,5.10484846787153,101.1328,103.79775,177.80675,197.842475,284,216
"ZNF354B",0.481913759963877,103.852301408451,100.298784722222,3.21143550975728,3.96167822454111,67.06815,64.310775,125.997875,123.957825,284,216
"ZNF223",0.96448026085719,99.3017133802817,99.512174537037,3.02503663761794,3.67684118807912,65.2764,60.91785,127.67445,130.88515,284,216
"ZNF713",0.722424189375393,55.6609524647887,58.7893962962963,6.48436515112001,5.40020738268376,22.1065,21.621075,60.014275,66.838575,284,216
"ZNF552",0.575899869872298,207.397906338028,216.002376388889,7.40221534261669,14.6987713707408,125.8086,121.568075,258.26815,240.56965,284,216
"ZNF154",0.511353105553902,37.2127623239437,39.8546388888889,2.54380904845574,3.17189897611935,14.559,13.350275,40.796225,45.3814,284,216
"ZNF571",0.633265614729855,74.4902577464789,72.3902481481481,3.0879756053932,2.99190565964636,43.498975,44.366325,90.371775,91.13235,284,216
"ZNF443",0.961435160811629,72.4313257042254,72.6078671296296,2.33099857721702,2.84906186274862,42.977525,43.625525,91.455325,89.6447,284,216
"ZNF792",0.523301710407866,98.7438926056338,102.370094907407,3.52056436239854,4.5777316461248,56.67225,58.666675,122.75185,125.370175,284,216
"ZFP82",0.22007234638667,73.3891267605634,81.350874537037,3.96510985096732,5.30146957213041,26.92955,28.093475,102.79625,107.135075,284,216
"ZNF707",0.500874156926084,292.975747183099,284.518188425926,7.76654848334366,10.1494623954366,212.9936,185.603975,349.9491,362.3529,284,216
"ZNF746",0.888738034040394,679.589716549296,684.221099537037,21.6170376346662,25.132328114074,445.739125,445.191075,804.43665,815.8652,284,216
"ZNF678",0.660740940481731,41.5676538732394,42.4819152777778,1.27352667115372,1.70157509139753,26.515925,26.0135,50.8036,53.4549,284,216
"HKR1",0.844338750662285,586.201433802817,578.893828240741,25.9328543928774,25.6241978767489,368.513625,346.148625,680.77995,687.418175,284,216
"ZNF101",0.548759549916481,117.884266197183,121.056685185185,3.73002888956196,3.56342386570682,80.181525,83.1726,138.533825,145.765525,284,216
"ZNF716",0.55727523529423,3.06394929577465,2.46415601851852,0.750014067069839,0.631449681319915,0,0,0,0,284,216
"ZNF708",0.779782726262608,112.98156056338,114.783210648148,4.61210171462122,4.21343916223416,71.012375,71.714825,140.0144,148.717275,284,216
"ZNF721",0.487367212937273,353.213957394366,369.446629166667,9.39002091013568,23.7712812380487,253.1306,249.8652,426.039025,423.13455,284,216
"ZNF662",0.55979572064592,67.9689126760563,71.9586518518519,4.28233771974874,5.45569320082191,17.679825,18.281975,96.472375,102.91035,284,216
"ZNF320",0.647029083355678,372.365169366197,359.48500462963,19.4958029135168,19.5433182673616,124.299525,134.7795,522.029825,502.1232,284,216
"ZNF530",0.812106620285159,99.4055200704225,98.3161217592593,2.86172391347877,3.66469917662607,67.144175,59.698525,119.0695,126.805825,284,216
"ZFP1",0.967106645467184,215.600771126761,216.006802314815,7.43909173077915,5.62541739875948,144.7371,161.0994,245.786325,249.03835,284,216
"KRBA2",0.864403161483086,43.2897485915493,43.6426162037037,1.42729186141299,1.4442613440943,25.669775,28.684675,56.2283,55.338,284,216
"ZNF93",0.502798640978455,81.8981855633803,76.2231601851852,6.60670124064734,4.32268634737079,26.44925,29.9533,99.04035,101.2046,284,216
"ZFP90",0.32197173801587,462.325466549296,478.823310185185,10.8266031548101,12.7071004917546,333.0319,343.220225,552.41245,574.759675,284,216
"ZNF479",0.445179918113651,0.567887676056338,0.167590740740741,0.454196709861518,0.0637954787064967,0,0,0,0,284,216
"ZNF445",0.250685833125841,444.313411267606,462.046426851852,9.28200733209063,12.7949448250474,342.26315,331.22035,532.30605,556.845225,284,216
"ZNF74",0.791601187121012,488.987015492958,478.362401388889,19.8122853738309,38.0199808455675,301.841425,277.73495,576.095025,542.688025,284,216
"ZNF829",0.284109641355381,16.8650764084507,18.7101439814815,1.05476516247201,1.40352387527613,4.610675,5.39365,22.366125,24.806775,284,216
"ZNF267",0.327351822745674,459.234421126761,443.903508333333,11.1383956807784,10.3432616354158,337.860475,341.711375,542.757575,537.6782,284,216
"ZNF566",0.763034214766757,166.069827464789,163.437396296296,5.63723774193865,6.72220937044276,110.623875,112.65445,194.952625,183.65445,284,216
"ZNF224",0.854621316468078,179.801306338028,181.303775462963,5.17288300116359,6.48572457862353,118.4178,109.921575,231.5522,219.546325,284,216
"ZNF529",0.405697185049481,305.746019014084,290.8515875,12.058538901327,13.0302396990959,191.272725,171.76475,348.13085,364.3326,284,216
"ZNF284",0.331599765640521,43.1444073943662,45.4330277777778,1.51542029035974,1.82254671912186,28.176125,25.7309,51.4295,57.029825,284,216
"ZNF749",0.0372725722899503,76.302451056338,83.538762962963,2.00594341957266,2.97198533531333,51.311175,51.490975,96.794875,106.81705,284,216
"ZNF17",0.28716020537611,123.819098943662,128.769910185185,2.80302165043544,3.84785320925473,92.58495,93.3003,147.131175,161.103,284,216
"ZNF555",0.321327269941853,65.3675538732394,67.8969805555556,1.74396877292591,1.81043798552753,45.47105,50.8267,79.728875,81.283425,284,216
"ZNF75D",0.834789367455225,244.926725,242.79869212963,6.2891382286817,8.26872745831595,168.298825,163.9726,302.27675,291.059325,284,216
"ZNF197",0.389847716310147,260.64041443662,266.948083333333,4.90727560336502,5.38444691027114,208.876175,209.9745,299.23075,307.948675,284,216
"ZNF732",0.94819447615195,4.60679366197183,4.55497175925926,0.498539353495672,0.637128745897734,0.641675,0.525875,3.8879,3.4457,284,216
"ZNF546",0.981366083784132,53.4780450704225,53.3843791666667,2.65360487005505,2.99183640329402,30.958775,28.5212,67.832525,69.132975,284,216
"ZNF286A",0.465805424065643,286.019985915493,295.802231944444,8.44649751438794,10.6232967347304,191.171175,193.89225,358.0292,343.44245,284,216
"ZKSCAN4",0.325632138888918,125.123037323944,121.236290277778,2.57003374933258,3.01644735890979,95.4346,91.38515,150.93575,150.0807,284,216
"ZNF643",0.641489834441166,64.8266563380282,61.3363939814815,6.10406941047407,3.05809657836859,33.42475,33.00465,73.636975,76.534325,284,216
"ZNF642",0.460321291372164,109.872774647887,103.341433333333,7.33988507461021,3.09193486578065,76.342075,75.6445,122.721075,122.711225,284,216
"ZNF490",0.406811683047227,169.758326408451,175.547341203704,4.69944325857042,5.07409771004039,120.658675,123.29105,199.0835,220.016825,284,216
"ZNF626",0.584774174852777,96.8254964788732,89.8006759259259,9.28578340834701,8.2421974299178,20.457525,18.884825,113.784425,122.5489,284,216
"ZNF793",0.973392698679203,119.190213028169,119.56555787037,7.62909357345561,8.10672743181837,37.104725,43.92465,168.0844,145.80815,284,216
"ZNF383",0.867607711083198,108.010390140845,108.984940277778,3.91386846265528,4.29056812422713,69.757275,71.6899,127.62785,129.201425,284,216
"ZNF669",0.6086048006289,110.467891901408,112.816576388889,3.07197600680895,3.36314313854395,75.484375,72.23015,127.43805,143.86995,284,216
"ZNF559",0.833678594867366,246.328170070423,243.843608796296,7.87120467921398,8.76178287983299,161.55255,165.461975,294.4694,302.78565,284,216
"ZNF177",0.100137285473266,55.064476056338,48.6639828703704,2.78517455985464,2.53731826735914,22.914225,21.102275,73.503225,61.668475,284,216
"ZNF548",0.524002432804175,266.426095422535,273.187689351852,6.64630615068398,8.45528951700137,189.801575,186.98225,325.333175,331.759025,284,216
"ZNF563",0.408077930451465,43.2871535211268,41.2091092592593,1.82085806940522,1.59660618445998,25.9493,25.65865,52.4317,55.261325,284,216
"ZNF567",0.508789507638155,173.785046478873,167.517785648148,6.39348772540075,6.88906341443851,113.238975,110.389825,201.33395,195.809825,284,216
"ZNF573",0.802770749584309,21.3968883802817,21.9260087962963,1.35932280900012,1.64331542193719,9.510025,10.6894,24.115375,26.247175,284,216
"ZNF527",0.51917294719308,111.150555633803,107.131502777778,4.39177274451825,4.20582059660613,65.9155,69.3686,133.124475,122.455275,284,216
"ZNF33A",0.682291126539505,633.706367957746,623.312746296296,16.5080747739329,19.3801368982198,429.67095,459.751925,796.6535,771.184025,284,216
"ZKSCAN3",0.992045555961107,73.5386802816901,73.5055078703704,2.12142436073243,2.60050032500894,47.012275,44.398775,93.881325,94.3575,284,216
"ZNF676",0.397651111375923,3.52464718309859,4.59195416666667,0.754516699301814,1.05167036259886,0,0,1.58285,2.179925,284,216
"ZNF699",0.467142799574162,30.9050341549296,32.4719555555556,1.43327614370777,1.59524818062681,15.78575,15.879925,38.00565,42.837475,284,216
"ZNF250",0.656300684848985,187.781041549296,191.216669444444,5.15012166106018,5.69329184548073,127.63805,129.661125,221.80255,231.6113,284,216
"ZNF79",0.402153444481895,106.582071478873,109.673514814815,2.2274361889558,3.04911219805073,80.69635,77.747575,129.1899,132.035775,284,216
"ZNF681",0.349470637030901,83.0363299295775,91.8151310185185,6.05665188259832,7.21970273017746,17.457625,26.07265,108.1486,112.1351,284,216
"ZNF766",0.0171989061225182,399.125965492958,432.329160648148,8.55801369255314,11.2728695408013,295.675725,327.06815,480.6111,513.10815,284,216
"ZNF471",0.323962249875657,57.2498996478873,63.1953175925926,3.58965182459416,5.0404799027373,14.844575,13.331525,82.78605,84.6503,284,216
"ZNF836",0.0204827207370707,88.7280299295775,97.9359481481481,2.4582554267374,3.19066305224693,58.8036,61.9317,110.707825,118.725575,284,216
"ZNF493",0.669066305147621,84.258875,81.3368814814815,5.00654300648372,4.24640807897062,34.4735,33.92545,111.444725,111.2649,284,216
"ZNF167",0.379539164135134,50.2719235915493,47.6695222222222,2.07882641203978,2.00977667872941,26.97895,26.91475,63.95765,64.1693,284,216
"ZNF565",0.492737382450537,75.9150017605634,73.4736601851852,2.39017128510233,2.59864233568814,50.840025,48.056075,92.076325,87.830175,284,216
"ZNF34",0.877193842304211,105.145379225352,104.48491712963,2.79107283752093,3.2445567796379,74.633225,76.740925,123.01535,119.929225,284,216
"ZNF140",0.830048214450382,429.015954929577,425.82898287037,10.245808657297,10.3955826328332,317.53585,319.594575,500.011775,508.91675,284,216
"ZNF658",0.657089057857677,53.7901686619718,55.0461833333333,1.857912383287,2.13186195947492,32.08855,32.9004,68.156175,69.465075,284,216
"ZNF765",0.00707783565485631,232.532732042254,260.001,5.67937808766825,8.93900417413369,172.970575,181.64835,273.3981,307.649025,284,216
"ZNF124",0.605319163903927,88.3609080985916,86.1775,2.81288825330264,3.12460381206681,54.788975,55.17115,109.842975,105.012825,284,216
"ZNF569",0.507815380914015,103.829398591549,108.773603703704,4.72447817726807,5.88193349910741,49.1342,59.97425,133.82675,134.4172,284,216
"ZNF777",0.715231943187146,554.845321830986,547.607702777778,13.2761896794385,14.5646932292425,393.09775,391.339625,677.24765,646.3073,284,216
"ZNF605",0.666351325924313,319.848515492958,313.902677314815,9.58063475489703,9.54183827284606,219.041125,220.4382,404.818125,395.2194,284,216
"ZNF799",0.551123276934176,101.908016901408,99.095199537037,3.34615645471169,3.14306759890462,67.727575,67.808425,121.985925,117.1175,284,216
"ZNF782",0.670485057597037,48.9228179577465,47.9351712962963,1.51297071786082,1.76603429980383,31.99185,31.366875,61.218375,59.87325,284,216
"ZNF846",0.312275043284183,80.2796313380282,75.5960541666667,3.14130376748713,3.33621672561521,46.24785,46.5588,101.967475,89.66785,284,216
"ZNF136",0.416586132358753,187.440990140845,193.160203240741,4.38134392414951,5.6462045453104,131.968075,135.7029,231.164875,240.50275,284,216
"ZKSCAN5",0.427130120255728,416.928853873239,401.718429166667,15.1551296087877,9.18660384016318,317.8558,312.0528,452.265575,457.4113,284,216
"ZNF33B",0.691320885700832,455.001211267606,446.598441666667,14.6558305452253,14.7235690791291,298.356025,308.062225,550.358825,527.631725,284,216
"ZNF431",0.392725072679867,177.785590140845,185.578972685185,5.99269066423324,6.85915413059959,115.014525,119.891575,221.7131,234.12435,284,216
"ZNF418",0.361442764638787,36.7876165492958,41.2930949074074,3.03935093704103,4.00243941653196,8.72355,9.09715,40.253075,47.775575,284,216
"ZNF700",0.0948776941824776,306.553042605634,283.964093981481,9.61032151667083,8.93844237520253,201.2808,198.705225,363.9189,334.57915,284,216
"ZFP28",0.232404021377899,115.73336056338,125.775774537037,5.46663044880967,6.41047501122561,35.703,46.690375,166.575025,178.0885,284,216
"ZNF585A",0.767652843245032,133.383572887324,135.899189351852,5.87551664572597,5.9609886970046,68.50855,75.666425,166.7372,178.035475,284,216
"ZNF138",0.858700775867265,169.451879225352,170.7974875,5.06981713973939,5.53180901620274,117.19685,115.192825,192.7845,210.4584,284,216
"ZNF429",0.125095765851989,57.599986971831,64.4013398148148,3.04188923252962,3.12587323114971,21.8489,25.94945,78.7049,90.26995,284,216
"ZNF470",0.2110224577638,108.151821478873,117.668947685185,4.74932166885629,6.07787132412125,46.43485,62.77795,150.19115,155.273025,284,216
"ZNF100",0.33764337247118,136.117349647887,144.449807407407,5.7927514505564,6.41030296079242,80.94955,81.957425,170.3279,190.847475,284,216
"ZNF398",0.557687702974101,532.212970422535,521.786071759259,12.4011388003324,12.2239021029028,394.237875,395.04285,625.554875,606.89025,284,216
"ZNF498",0.0702208464831966,488.689364788732,446.688313425926,18.4565664087436,10.7462199242533,362.742425,334.7974,560.944925,523.484,284,216
"ZNF441",0.892003220324906,77.4912218309859,77.9808282407407,2.51122438349186,2.48547860551994,48.5125,51.3349,96.643225,97.724275,284,216
"ZNF420",0.777715447196605,129.565103521127,131.877741666667,5.40588070409495,6.13385260937119,73.28905,70.2043,164.0742,170.079725,284,216
"ZNF763",0.650959206455986,26.5758728873239,27.3966342592593,1.16625607151744,1.40378821329689,13.87,12.911725,34.78035,35.54785,284,216
"ZNF679",0.103250254579815,0.47879823943662,0.990129166666667,0.128226388314357,0.317255260113164,0,0,0,0,284,216
"ZNF682",0.670087319495874,53.1680781690141,50.7328037037037,4.03445288591853,3.84297508106554,11.9598,14.936625,70.195025,68.829525,284,216
"ZNF772",0.533822755529306,191.865721478873,198.493276388889,6.51113210279621,8.70084039469612,112.24925,111.521225,251.060225,252.035325,284,216
"ZNF257",0.81606707235345,20.4973665492958,21.2644842592593,2.14986376911484,2.50903148882421,2.055875,2.9343,22.347575,21.87895,284,216
"ZNF785",0.00934737701839972,200.077528521127,174.174547222222,7.35720394431906,5.99863362194633,126.793125,121.96095,256.3043,216.92495,284,216
"ZNF98",0.151807604032985,5.44492394366197,7.54447314814815,0.887002896088733,1.20550306309215,0,0,2.082925,3.413175,284,216
"ZNF786",0.0637127804631453,254.799711971831,234.917896296296,7.69392424412629,6.93866181504184,165.070375,157.837225,314.067875,288.28395,284,216
"ZNF517",0.688597571814354,243.50888556338,239.268650462963,6.95231218158822,7.96620576810087,164.79335,147.86985,302.4894,304.64315,284,216
"ZNF675",0.240913647416533,168.649567253521,187.980734722222,9.13798926006459,14.5647988413665,77.207325,91.6483,200.823,234.50335,284,216
"ZNF860",0.0147492615672504,34.7433200704225,40.5215231481481,1.30874036215951,2.09084230578654,19.11515,21.39305,45.130425,49.81835,284,216
"ZNF695",0.428852682127344,66.2041549295775,62.2092842592593,3.31257707182437,3.80772867147564,23.172075,19.665475,95.010325,88.147,284,216
"ZNF665",0.0209966699989219,12.4618887323944,15.3444046296296,0.730410062629176,1.05629544302793,3.5749,4.7126,18.1731,20.930875,284,216
"ZNF624",0.130596665996883,85.1635968309859,90.1628787037037,2.11489923985972,2.56893245637082,61.973275,64.06735,100.569425,108.500075,284,216
"ZNF841",0.0876790255946776,216.62990915493,236.90550462963,7.06702370136489,9.91401231984442,130.891875,146.852125,290.739075,277.938775,284,216
"ZNF615",0.0478784871925958,132.914442605634,145.973797222222,4.12592487534591,5.25164221524919,83.598625,93.875975,169.7812,187.159825,284,216
"ZNF433",0.992882985642536,62.07565,62.1131162037037,2.61277888861694,3.3723896824827,31.20915,37.3505,83.69075,79.831,284,216
"ZNF595",0.532374889419683,147.873049295775,157.086459722222,9.59054760637661,11.2642779141213,65.3845,70.373125,170.0486,178.812425,284,216
"ZNF460",0.737038626349066,77.6234376760563,78.9219625,2.52630224012734,2.93403596645059,46.711075,49.132175,98.1037,102.1429,284,216
"ZNF81",0.971020456535276,124.146087323944,123.973508796296,3.00953996781949,3.73972736369527,90.7639,82.32865,148.646375,150.14515,284,216
"ZNF780A",0.995890670535506,241.581747183099,241.677648148148,14.2409826614584,10.2331081513138,151.697875,150.92495,281.878275,280.605225,284,216
"ZNF461",0.404505279520154,115.40346584507,108.840274537037,5.69907663725378,5.02050586291453,66.54465,63.992775,137.160125,139.98005,284,216
"ZNF181",0.710357098754128,184.230375,180.639573148148,6.27058291987019,7.40311563203825,121.0238,124.378025,215.10045,200.1988,284,216
"ZNF44",0.186508150488184,173.167499647887,163.274790277778,5.4262400189223,4.75663584804355,122.1272,118.09575,197.023325,203.151975,284,216
"ZNF790",0.929942072528309,72.4778330985915,72.0760087962963,3.04181704464772,3.38255022199693,39.01555,39.2043,92.822275,95.11955,284,216
"ZNF677",0.183737038070004,19.0257376760563,22.7279092592593,1.55180054715721,2.45119756396147,3.303225,3.529225,24.787525,26.03575,284,216
"ZNF823",0.442668151765011,96.3164802816901,99.5708652777778,2.57829019364927,3.4785601175311,66.96115,63.8579,112.4342,122.80445,284,216
"ZNF311",0.0806039173497661,46.3459454225352,53.6264291666667,2.41497673072945,3.55781270291846,15.6697,19.440975,63.88895,74.758,284,216
"ZNF347",0.0321176986483966,83.5981838028169,97.6178824074074,3.77792852510013,5.59412871030264,28.036525,36.459775,127.25115,134.282425,284,216
"ZNF273",0.196179988081701,216.691812323944,201.904860185185,7.69679061196415,8.31930685559725,140.714225,123.602175,252.252775,245.293775,284,216
"ZNF84",0.941631238229246,529.896932746479,528.119422685185,14.6019988974354,20.1388785981601,356.942675,331.467975,640.026025,618.3185,284,216
"ZNF667",0.635490212883235,50.1009697183099,53.1530560185185,3.95141906947279,5.23979186329527,7.3382,6.608675,73.3816,68.73735,284,216
"ZNF649",0.138905891370093,144.615618661972,159.760761111111,6.31470243528035,8.26699871044936,82.838575,81.137425,182.9345,204.8607,284,216
"ZNF248",0.243365631741023,249.891375,237.530739814815,7.02066751729955,7.87660476759023,169.32845,165.217325,295.894975,284.008925,284,216
"ZNF544",0.160507868843597,598.408084507042,633.644116666667,15.246244240641,20.6071425125365,420.444275,426.528175,733.154775,809.062625,284,216
"ZNF251",0.486913762955267,338.779414084507,326.864516666667,11.2655929825381,12.8921504410623,212.8961,199.278225,414.481975,407.226075,284,216
"ZNF607",0.49012659343418,171.565240492958,181.09924537037,9.55476477338653,9.62991555070413,78.25085,84.36025,219.46355,231.676225,284,216
"ZNF334",0.34986927498699,96.0217922535211,107.821019907407,6.99433049943638,11.1593001715621,17.075525,17.004475,136.822325,124.692825,284,216
"ZNF485",0.909413437748844,60.6561422535211,60.2961106481482,1.99442616882088,2.50518872876126,35.83285,37.69745,76.866525,74.4707,284,216
"ZNF192",0.748944596579474,356.643642253521,362.167978703704,10.9894948252269,13.5122729168433,223.642875,212.78385,461.159825,449.843525,284,216
"ZNF442",0.186170241767828,14.4494876760563,15.6780412037037,0.591584520401451,0.726236592623359,7.32735,8.400275,18.417475,20.694725,284,216
"ZNF813",0.00198283638982455,84.1335264084507,105.28347962963,3.42390109257006,6.37074381458632,44.91365,53.61725,111.608825,135.0133,284,216
"ZNF26",0.159430662211083,273.125795070423,260.140556944444,6.15780693266234,6.7898834616907,200.13465,189.845125,331.534825,311.551625,284,216
"ZNF69",0.220412462429578,22.6848292253521,25.7125537037037,1.35714495477588,2.19628561653112,9.632675,9.661625,26.770075,29.020075,284,216
"ZNF583",0.0566714362383439,45.6913862676056,51.7486324074074,1.9799182214115,2.53845097554584,21.1395,23.523925,62.000475,71.083375,284,216
"ZNF568",0.216913443368175,80.4216084507042,88.0625916666667,3.87629109120423,4.92426004535705,28.5424,38.42485,111.4126,112.3951,284,216
"ZNF480",0.146988986468289,384.716046126761,406.689927314815,8.87319833145952,12.8390124041772,283.4947,282.631625,465.98655,504.621075,284,216
"ZNF587",0.635967554333012,666.340870070423,681.308727314815,18.9169361167593,26.3553720963908,426.181475,441.82375,828.16505,831.948625,284,216
"ZNF808",0.00498511622531217,173.074261619718,197.3207375,5.19282870339432,7.11009225862572,113.4812,132.485425,230.331725,252.2073,284,216
"ZNF43",0.685664476549015,144.970422887324,150.617219907407,9.32722067167815,10.2576991909469,49.0441,49.11655,190.956125,207.402,284,216
"ZNF28",0.00230902181629533,376.868270774648,442.982228703704,11.9324927351226,19.1440082849876,240.314275,289.913775,491.439475,549.976475,284,216
"ZNF627",0.766419722446593,334.328703521127,327.995087037037,14.1439457990827,15.8490912559726,201.764675,206.858175,368.459475,360.911375,284,216
"ZNF789",0.0284273233278005,110.602473591549,95.0653601851852,5.32570424598268,4.08262442655379,63.9657,54.7482,136.883725,119.84625,284,216
"ZNF534",0.276067176804798,6.61241232394366,6.03665462962963,0.41364270877402,0.265899207605029,3.885275,3.6593,7.5613,7.125175,284,216
"ZNF525",0.0227147182423745,253.114171126761,285.408729166667,8.34627092330184,11.9236201972418,158.54775,178.141675,339.965125,342.731875,284,216
"ZNF814",0.703515312155873,202.311675,197.987106481481,7.56433656226893,8.40562177010807,110.2608,108.94175,254.556275,261.503675,284,216
"ZNF551",0.0650565427225281,157.985839084507,172.475414351852,4.64353051686567,6.59394670901443,108.306625,105.259225,192.11775,216.535825,284,216
"ZNF805",0.230193190034606,309.257752816901,322.152088888889,6.81524242546871,8.43706351789607,231.3021,240.727875,367.47655,382.032525,284,216
"ZNF468",0.0245078847424777,400.886720422535,466.594440277778,14.5500332055416,27.3816600645769,246.41235,269.297825,507.906025,558.405225,284,216
"ZNF616",0.0142026496770604,170.024194014085,188.308564351852,4.58084610651373,6.02669759082545,115.712525,127.235075,204.94645,234.54855,284,216
"ZFP57",0.220827941707909,16.1139996478873,26.0792680555556,4.30697356702991,7.4052870746192,0,0.647075,12.645175,14.003125,284,216
"ZNF155",0.217207533203214,134.945510915493,142.306305092593,3.54138632632826,4.99895867010869,96.371,95.86035,171.56145,175.154525,284,216
"ZNF425",0.487028948774813,58.3855545774648,55.7959361111111,2.433325942846,2.82650381583644,30.5486,30.70085,70.88985,68.262075,284,216
"ZNF611",0.0415245127722154,145.005390492958,160.762775462963,4.35852843045486,6.73402326360207,94.528075,108.98485,188.51665,194.05785,284,216
"ZNF254",0.877230745892496,220.086107042254,222.42966712963,10.8638729949881,9.91063226519858,102.62145,121.635875,284.224675,301.438825,284,216
"ZNF625",0.710257310945138,18.3369292253521,18.8961680555556,0.960518446572596,1.17520047065403,6.332225,7.486675,25.63885,25.8296,284,216
"ZNF845",0.00339150798010968,232.020635915493,257.010245833333,5.32082645006773,6.76743297569398,176.448875,187.95185,279.549775,317.37325,284,216
"ZNF90",0.913863541349068,162.912852112676,164.437628703704,9.85810315271821,9.64265921887457,69.13475,66.42175,190.10165,201.252225,284,216
"ZNF788",0.816024652691222,64.8510482394366,66.3235958333333,4.45517026020506,4.27732916554861,18.352525,24.118125,81.15915,87.618225,284,216
"ZNF880",0.234057484777343,74.2026073943662,83.0261601851852,4.94171652583205,5.46777805560257,18.51015,24.7331,98.315975,122.616025,284,216
"ZNF630",0.245516574865273,56.6164894366197,53.0316231481481,2.30063293797311,1.82950956041573,33.025225,35.325875,68.169825,68.299275,284,216
"ZNF844",0.34245229540456,64.8583461267606,69.4979023148148,3.19292904757163,3.70404482571916,23.175125,28.955225,92.0394,94.180925,284,216
"ZNF717",0.165518817667336,25.1164838028169,27.5368763888889,1.14031953792258,1.3212525551617,8.594475,12.3185,37.12765,39.111225,284,216
"ZNF492",0.16070209560741,9.61521126760563,13.3576717592593,1.37394937072256,2.46378607882989,0.3875,0.48825,4.430575,7.613125,284,216
"ZNF688",0.0161147124375489,199.866058802817,179.682074074074,6.04886216095743,5.34913169548534,134.536925,128.337275,234.378325,211.79425,284,216
"ZNF879",0.595302558709553,44.5680679577465,46.1011513888889,1.88388681430094,2.1917218072767,23.7838,24.6191,58.8037,58.251125,284,216
"ZNF737",0.819498216075307,122.253450704225,125.90863287037,10.7103703374574,11.7764448542403,29.46955,37.649875,146.961725,157.42615,284,216
"ZNF709",0.551192377869932,55.9885038732394,58.11295,2.34735470007258,2.6756015798032,30.89295,31.5877,70.634225,76.25755,284,216
"ZNF585B",0.482064463547542,63.7847264084507,66.9441847222222,3.01710858572115,3.28342610081929,31.13725,32.94315,85.3891,88.1832,284,216
"ZNF324B",0.278135483875438,145.326250352113,139.083423148148,3.66985046925118,4.49341566825128,99.7896,90.8423,178.462225,170.1167,284,216
"ZNF564",0.79657661337873,191.43186584507,189.700846296296,4.42750117783881,5.03354966771181,140.862775,140.286725,225.425675,219.170425,284,216
"ZNF674",0.12661553687926,72.2840003521127,67.7800666666667,2.15984837687442,1.82354257571748,52.10955,49.814775,82.903775,82.01985,284,216
"ZNF432",0.229943674069214,101.68231971831,108.369658333333,3.66694900051651,4.17766682768629,62.9398,68.842025,119.0935,131.161225,284,216
"ZNF10",0.390454365476661,161.128929225352,153.463875462963,6.25536791757841,6.07490292500805,94.505125,92.926225,200.97025,193.9914,284,216
"ZNF486",0.664762023564133,39.5626242957746,43.6594888888889,6.20596845452114,7.12703388157952,5.7932,6.89365,36.44505,41.88845,284,216
"ZNF225",0.717080607500451,70.4772714788732,71.5090481481482,1.79714756776059,2.25051313820224,49.801225,47.304275,86.627575,88.425925,284,216
"ZNF350",0.0162746653979559,132.281656690141,149.006956481481,4.29985881853119,5.59649220771413,80.915675,96.69585,177.82775,192.956975,284,216
"ZNF253",0.94090400303943,134.27726584507,135.103740277778,8.55963978205558,6.04584152327677,69.90955,73.8497,163.90405,174.816625,284,216
"ZNF878",0.421951870199283,5.38499084507042,4.7936162037037,0.562904109519033,0.404891523227211,1.2517,1.45055,6.12605,6.189175,284,216
"ZNF727",0.70494146551543,5.08287007042254,5.45456342592593,0.610577370611299,0.78805891501245,0.389325,0.4436,3.666,4.63905,284,216
"ZNF578",0.0067578289187975,15.995426056338,26.1163513888889,1.79413435908714,3.55607069225892,3.823475,4.8712,13.131075,23.751525,284,216
"TRIM28",0.473312839495521,8438.17958485916,8177.24901064815,258.708025953799,241.029516269898,5828.644225,5684.026,9866.51995,9834.99515,284,216
