"gene","NO-[Unknown]","YES-[Unknown]","YES-NO","mean-[Unknown]","mean-NO","mean-YES","SEM-[Unknown]","SEM-NO","SEM-YES","Q1-[Unknown]","Q1-NO","Q1-YES","Q3-[Unknown]","Q3-NO","Q3-YES"
"ZNF195",0.905002983849571,0.00158479292714198,0.000173301478684884,422.41624,472.639538,1040.09795,83.4579301457723,26.1286264351346,379.33112992448,263.7191,350.0565,631.6584,546.5484,595.997725,1212.76775
"ZNF263",0.813844746133279,0.97245902600077,0.962796284502259,805.65526,741.013314,771.680025,41.789813262739,30.1848959721569,217.355420757736,803.7402,650.338875,403.7958,860.8981,854.00855,1087.413575
"ZNF200",0.99671450037281,0.878739651101455,0.766948427471793,265.89314,262.561476,295.79775,12.3235053667615,12.3896617847632,88.597785406573,269.1969,208.74905,192.1183,282.0682,321.968975,335.36205
"ZNF582",0.567131566340239,0.785385135678857,0.997717278189363,51.81028,40.49655,41.287275,6.79264355618635,3.40473028177246,12.7796221811246,41.3455,24.741325,27.06785,62.4044,51.363475,47.750925
"ZNF285",0.934036495685135,0.664783436950477,0.705718976008382,75.21612,91.396074,132.029225,31.4724883521052,14.3957646673278,28.9260245922069,2.4472,33.6198,101.25435,132.969,121.243175,145.470325
"ZNF275",0.877382529179372,0.137786381074093,0.107458061190032,530.79,621.284214,1044.773325,103.634327997276,58.8835533774138,65.1309424013064,355.6412,382.839775,966.990675,745.9978,713.69285,1138.19345
"ZNF37A",0.944489091903603,0.661061134161931,0.684301366186324,340.97576,366.3966,439.233025,78.5439109291395,24.0353860346752,62.7284886988543,217.9397,241.510675,341.68095,519.221,460.935475,527.817025
"ZNF510",0.854376142817513,0.87000902972601,0.984803721110036,237.33042,214.40197,206.49115,61.7142430358536,12.5674116064949,18.3579859882332,168.2481,155.31195,187.291975,336.9022,267.660275,218.881025
"ZNF506",0.240347447919761,0.343734648855318,0.93710118177366,618.43516,358.175778,297.531,280.517096303866,43.0403781724802,171.298266438874,189.9826,135.069075,73.1471,690.8015,542.995975,420.1591
"ZNF324",0.873658452313087,0.923403140130257,0.998942812160253,183.45964,199.305038,200.8562,31.4212041613717,9.69314215041343,29.1115017691462,153.3598,161.8574,152.2922,219.9454,227.496775,246.55585
"ZNF671",0.819052842190122,0.271255088723665,0.312970744534293,119.44604,99.055792,43.990625,17.1239804003508,10.7295057497073,16.1441822648478,81.8043,34.764475,29.373825,135.8214,137.98055,57.82335
"ZNF416",0.98527960377473,0.448814520062487,0.336739016011865,132.0133,128.043256,89.921975,12.9266266243363,7.61594678410878,17.4545692634419,119.4814,93.861975,68.456675,143.0457,145.522675,102.27145
"ZNF586",0.0481357281236328,0.0194711457364506,0.341681457480713,416.57116,210.427246,77.384925,242.705907707037,16.4271829015335,13.0399738234895,101.7314,117.36745,57.24785,298.4848,258.34205,92.854375
"ZNF446",0.78605235416543,0.991939476195329,0.732197736832459,376.9142,437.19599,361.14635,57.0271463391866,28.3406444624981,78.7820605725853,338.3433,306.2957,289.75785,411.8609,524.147125,407.9181
"ZNF8",0.476294456581042,0.580585929426112,0.97023471749505,126.05334,103.362542,98.327925,29.8646192272662,5.58695157530699,11.3478699792351,87.8381,78.544575,85.157525,193.4693,120.287375,115.52195
"ZNF264",0.91592357792892,0.975672346640758,0.995770654111893,521.6512,562.319392,552.43105,119.092686761996,30.3512651570246,90.0190532882391,402.2303,426.756575,409.223625,723.5648,711.961775,667.551575
"ZNF213",0.911032132038684,0.070967103049759,0.0365796092763186,494.74986,532.019714,786.708475,53.1721548592268,23.7479261305381,232.66441193266,426.8806,417.149925,439.75195,607.7292,615.5191,1062.411125
"ZNF343",0.991622866803363,0.970021426371719,0.979905984560099,301.02518,293.690294,281.0664,45.1741677783045,18.3321108566265,52.5786848029535,243.1777,215.1521,209.714825,369.1241,345.663425,313.886125
"ZNF302",0.963701567073065,0.433940697443248,0.363779700136132,466.29452,515.86505,806.11095,121.643817998431,59.3050673774905,184.036233353238,449.5445,233.212275,573.584675,663.1998,631.265875,1029.689225
"ZNF268",0.758473793974795,0.853906983830069,0.998565045333438,243.33244,290.732354,294.5056,66.4894621923174,20.4866637860148,37.659598529348,122.9853,178.5365,259.452475,256.5514,417.2068,304.790625
"ZNF184",0.999992736035566,0.7686083417807,0.643944001174478,269.89546,269.712182,319.931725,69.5609508375324,14.8670431003046,29.8185072865655,152.5971,214.55455,290.816375,309.7833,313.560525,362.7039
"ZNF500",0.895664698571755,0.596459697010709,0.671952109719626,268.28976,252.58957,219.44815,27.9469834925453,10.5534808196218,45.3639931443522,241.3896,203.596125,167.9871,324.7579,299.55815,243.267
"ZNF419",0.901987580291674,0.529780417010187,0.57710724146522,218.0019,244.354856,312.0785,11.9731345787141,17.6422658329997,121.53936713302,191.3333,163.05115,155.304825,240.6444,275.945525,383.740575
"ZNF175",0.990066203814626,0.771883957815658,0.725412148438897,108.99118,112.161368,132.143875,28.4269750784954,6.97803025125107,21.9555936985458,58.5144,77.4899,113.1257,153.7741,145.733925,144.432125
"ZNF14",0.495424078982441,0.855849093025608,0.938514460784925,184.80126,286.213796,252.67795,37.4037382063291,28.27852532964,55.2558451431536,117.3791,190.37685,178.28055,250.8412,296.830525,296.46145
"ZNF85",0.814415223745836,0.529979434501576,0.678092975197606,126.05658,159.437354,210.4096,15.6193059198993,16.8861186041699,67.6211299369509,129.2954,71.29295,155.35905,135.9495,206.215725,308.66085
"ZKSCAN1",0.880900526697749,0.772476730275906,0.893552521847065,680.16542,585.735322,487.196175,312.418164542853,56.5192659834592,72.2088644449486,156.9011,222.8189,405.76115,1085.3472,860.58615,570.745225
"ZNF862",0.991627184399286,0.953062305027468,0.874975500200829,542.3359,566.631996,459.211025,179.370580563921,60.3641551672894,152.746906494411,201.1212,309.1443,271.077875,696.2659,692.815775,527.5969
"ZNF684",0.954020583390299,0.293547701513157,0.0774159286506165,61.56564,57.550304,91.2479,14.7357442440686,4.10968510486915,13.8402831683459,52.3679,42.0956,75.5095,58.3257,66.52695,112.249
"ZNF430",0.845405325994993,0.997247205752327,0.912549836440508,67.58402,86.288688,71.005175,25.3109979565682,10.5773896814026,19.0907242901876,22.4247,24.46025,44.204475,88.9161,127.121325,89.8743
"ZFP30",0.76797342778245,0.973216559033448,0.938383139403944,185.46064,219.009578,200.807675,38.6266170782092,15.0027930060765,33.6461110815295,125.0876,151.378275,166.525875,238.1972,271.168325,208.241
"ZNF549",0.627804232729874,0.951037649717611,0.444491933256505,149.46128,185.994192,132.38075,16.4540980732886,12.2391280539253,46.4316064134927,136.9461,123.169775,107.440975,175.678,249.246325,169.835375
"ZNF211",0.771882980524916,0.4119162042309,0.559407122201569,205.92854,243.713056,306.6293,44.1394232351375,15.9110274021926,95.8488395353416,131.0692,168.35925,169.822875,276.5483,281.263025,466.937275
"ZNF205",0.754454053458318,0.761551722596674,0.962654174527213,517.80344,631.959684,678.316825,103.237834729181,48.2013056938031,213.227179715436,393.1421,421.184725,345.163575,612.7821,734.62665,1001.85695
"ZNF45",0.223584950060112,0.946890489573737,0.514497786034844,328.93064,241.785602,305.5114,49.4189994640786,15.8166953570825,47.4073395077,214.4185,158.631725,239.0376,391.5876,294.461525,370.88295
"ZNF133",0.982436135222955,0.926855742359341,0.945928709663693,584.59228,564.01605,523.6259,106.675473806815,34.4915897974109,132.133586316103,415.7559,428.029075,380.741375,802.8954,646.21,722.277625
"ZNF436",0.992059510327577,0.660309747693696,0.569556880102258,478.24384,493.049768,631.711275,111.032424693432,37.5827104214599,112.248114977204,290.8199,336.215925,500.5442,661.7926,579.8131,689.843325
"ZNF484",0.981957352776648,0.447745868032825,0.343644114141893,56.13832,59.168356,85.173825,17.2873296576828,4.7887389605182,26.7351960921172,30.1281,32.855725,45.973025,87.6925,77.204475,107.7737
"ZNF780B",0.904932274867562,0.961189353018992,0.999179654538281,256.73426,298.03618,293.89345,44.1184215817792,30.8859801666521,35.5457638510437,202.5228,172.923525,265.0078,343.4282,355.831575,321.607
"ZNF557",0.616196943758319,0.922042233652918,0.93311379485548,139.08386,172.595586,158.621,38.5441031663548,10.7222233317714,29.8719547203002,127.8907,133.59725,132.77265,159.2488,181.536725,176.4368
"ZNF337",0.849083957837689,0.26629345622142,0.281957924786626,514.77498,578.562554,777.506125,89.204370168341,33.8286963360695,207.17608225745,430.6967,439.222575,475.7925,542.1934,678.1474,1015.875225
"ZNF317",0.982048368096895,0.910096089276136,0.765720860571986,697.87918,722.65214,617.015275,105.526416723977,42.3442803941097,106.814291482697,546.6106,514.7625,441.534875,895.8236,845.282775,783.83285
"ZNF426",0.903164619326312,0.95065184584625,0.999995226670899,97.0913,83.577674,83.4753,40.716599230842,9.10785943106005,34.9718690970567,43.4315,32.78905,33.343625,93.4267,126.2021,136.100775
"ZNF331",0.760034062919409,0.0169937290600995,0.0102327471316421,340.4301,417.013162,780.0868,55.411913345029,25.556500274279,331.683209801619,233.9822,308.554,411.230825,457.1949,534.305075,881.656075
"ZNF227",0.947142369582984,0.822085265362422,0.877405066834511,313.3961,294.858868,262.9629,53.2712076537317,18.2560886216721,33.735290670429,304.2684,216.045025,233.56715,375.6785,347.144625,303.7066
"ZNF141",0.685014931517981,0.222335739743665,0.339562693680113,77.40314,94.793092,127.593575,15.5100630402201,5.8874513702924,42.3543127238218,53.609,65.852825,74.9814,94.2972,122.8467,146.104475
"ZNF304",0.850181112612935,0.796521156047113,0.938084316284005,218.13958,245.88476,265.152375,39.5888772948463,15.9147264582377,30.788682529391,160.0313,173.0422,240.32645,222.2902,299.08375,298.701875
"ZNF132",0.986742948600336,0.991582454138761,0.951537886765244,65.19844,62.045216,68.787375,28.6072184155258,5.83636079563309,19.7954003096837,20.6727,32.623125,48.0059,116.6716,84.059125,97.849775
"ZNF20",0.909453060530367,0.695598928984485,0.777923271373577,208.09208,234.529722,282.2518,45.3019274526968,19.3937731337972,75.7208561668558,202.019,149.297375,213.148725,262.4441,290.735325,354.185825
"ZNF670",0.839361831688908,0.0731439711601376,0.0529891084142843,90.55452,103.779898,165.6034,29.4765958284772,6.81691381986551,26.4759536079439,47.6721,69.6037,140.3458,104.4904,124.3325,202.2087
"ZFP37",0.941558184989848,0.96828958052225,0.99989654653186,65.14616,72.062974,72.380375,21.7265869267955,6.33588887561334,17.2136982157319,31.1843,40.5894,43.364125,86.2744,92.958575,97.02045
"ZNF189",0.555326472879342,0.860442825375826,0.962565794058316,507.66846,414.166786,440.3903,55.6633239332471,28.3463987941362,48.9491636468728,404.1866,304.855775,406.136125,548.7036,489.343125,508.449225
"ZNF434",0.885847191143713,0.0305501473279856,0.0127449271019489,308.1391,332.911828,505.220475,40.5604789036569,14.699208386256,110.448710984061,288.3694,289.393875,316.29115,389.3443,392.2692,692.300575
"ZNF287",0.560377757534829,0.624896294721147,0.0930478807603178,125.93534,101.978654,156.77015,17.9621113781927,5.645900802559,66.3203902818796,98.9925,69.641925,67.396675,142.3473,129.78185,205.249875
"ZIM3",0.913655685039138,1,0.929037854899133,0,0.075556,0,0,0.060117188425302,0,0,0,0,0,0,0
"ZFP14",0.805636928271258,0.963147790262433,0.97140965958237,178.82042,217.8992,202.07115,48.010604593979,19.4683876107979,32.007261088866,94.2537,150.2623,171.284675,290.9836,237.722775,220.350125
"ZNF473",0.800796091959393,0.419288227610108,0.541420430467958,290.75286,318.916192,370.988825,37.6017560428047,13.7502686090483,24.4116642347934,290.0729,258.644975,334.5746,343.3097,364.294175,406.039675
"ZNF614",0.912558211125035,0.475557678101872,0.491996492260923,216.00922,236.969946,302.055825,44.6801579326595,16.0337680101105,15.0313165072333,124.0364,161.443675,279.47255,271.6427,274.458875,324.398225
"POGK",0.436724595209505,0.964111769308363,0.714331576313761,1891.27134,1560.504582,1792.762575,210.467123332941,81.7624033608031,279.562854087619,1651.4734,1175.419375,1453.816225,1803.7842,1895.204875,2034.2449
"ZNF514",0.658609072617739,0.926196053880585,0.417309789119492,165.18376,205.718256,140.43665,32.1462550119388,14.6479693084541,8.05438851398209,118.4597,121.102975,133.2481,195.8106,270.0554,145.5708
"ZNF300",0.984850997006948,0.547410844415409,0.453304436513164,156.03828,169.106836,274.220025,72.2575068639958,24.3891013753473,25.591074366804,11.8283,15.0164,242.97825,183.9523,227.76065,296.319575
"RBAK",0.654237530433591,0.953795266825663,0.473554300233303,533.29084,467.774712,564.450325,110.613803468277,21.5367382443249,46.1888874149648,354.6982,350.031725,487.585375,591.0747,556.47385,636.56545
"ZNF92",0.992741890314999,0.364810819441831,0.157218658185937,278.10918,269.735232,420.55825,61.7407026484344,22.1795060477687,75.9634313768748,159.7758,178.11835,342.8012,411.6576,305.357125,458.73835
"ZNF157",0.979901283996656,0.735633551112769,0.70862845110188,2.91488,3.250036,4.7847,1.1308485775735,0.546233914869027,1.27462742464874,0.894,0.45715,3.532375,4.9054,5.206,6.235175
"ZNF182",0.566559382826685,0.624083726779295,0.958340353811801,177.81836,216.561206,228.24,32.3893443953193,11.354821585814,49.4333274021518,105.9432,161.861575,184.071475,232.6958,247.55585,277.142525
"ZNF673",0.298919058609526,0.118974180220403,0.433589518145297,183.17572,238.58849,289.449825,27.5654788680226,10.5999380562123,68.9991459071581,147.5105,186.0946,207.401175,197.41,266.724225,383.43465
"ZNF41",0.899447437231016,0.507634881006876,0.166553621385977,178.89184,162.811006,237.4271,47.4933714321546,10.8364249850677,27.1464527230846,96.356,106.507125,213.91755,201.0809,222.2196,264.14375
"ZNF7",0.936615349843322,0.681468551569658,0.722880276994765,508.62148,482.545046,418.0544,47.3334274037535,23.7932871520477,44.1653875662643,398.0749,362.616675,385.6986,583.0244,576.560325,451.47265
"ZNF214",0.998508813816008,0.509907777086239,0.306073713033301,47.98122,46.914566,80.628275,22.1281830995543,6.15977720132574,18.7957079799873,13.4105,8.7124,64.3173,73.7705,73.792825,87.378475
"ZNF215",0.949653460020307,0.644752304694144,0.654491241980129,27.38534,32.319102,48.03975,9.18499287406365,4.98725537109524,16.9049478416577,9.3874,5.8139,36.2805,42.8051,47.03095,60.16195
"ZNF547",0.912275054486389,0.879673940088432,0.964898244908455,55.37448,62.188808,66.8954,5.87982349321814,5.16704955060258,19.8576455069158,45.1264,37.749525,52.439775,66.867,79.272375,90.641725
"ZNF773",0.871434004708908,0.902861922064347,0.993968797142969,135.1196,124.946912,122.587475,8.22279267554521,6.4086563813576,16.4292384521912,125.9904,97.459075,96.02545,147.0856,150.77885,146.690175
"ZNF776",0.0330111538449419,0.251781909093752,0.964392446958073,684.60726,364.828578,400.0495,335.69491521232,25.4851847976801,73.1653138880827,220.2602,231.58995,289.235725,564.9863,474.181625,501.661825
"ZNF256",0.209109547296784,0.645799577276103,0.91907105629904,166.86188,113.620942,127.0998,72.7093747764647,7.41604020147013,20.9025377404675,91.5583,74.3439,99.968625,111.1111,139.200025,149.686025
"ZNF599",0.757572080072602,0.999863629633273,0.808599505918587,106.71234,127.551382,107.3709,21.2612822469765,9.1227966159469,20.9014872320927,83.7887,80.4808,83.9231,97.4274,156.503625,138.521
"ZNF18",0.962795086341637,0.999995087868342,0.968592578733511,235.08884,225.64115,235.242575,38.552187988681,10.6854231833062,41.4822481230702,209.4718,175.901925,209.825775,275.3136,266.632975,288.28285
"ZKSCAN2",0.917459099141272,0.965405801533579,0.77403275967099,201.73512,220.056036,184.993675,42.4380478300122,14.0809456618521,44.7073531439623,140.7158,143.539675,136.841325,260.0182,264.515825,204.4715
"ZNF689",0.994626324312016,0.919279195086664,0.823834831564984,104.67084,108.735652,81.6747,33.0330440141323,12.6453470606822,37.3087430601506,65.2595,42.431725,36.055,112.6485,139.599475,103.15585
"ZNF19",0.569340091214861,0.91298379296252,0.326084640887399,73.80272,94.23449,62.11535,21.4318499899892,6.14148108338581,9.76682250397573,35.2147,62.159,52.632175,99.0619,123.74495,73.235475
"ZNF230",0.96995664331399,0.872809296859164,0.90335591530215,131.46938,124.94822,111.75095,12.9370366041223,8.74117238475807,20.3477029973287,134.7905,101.731225,91.594475,146.0182,137.850125,141.691725
"ZNF222",0.988905854967287,0.995681320265337,0.999891462427763,78.98608,75.822776,76.1684,14.3314926633062,6.98108200500529,13.9516886330413,45.5022,54.084225,55.0762,97.7575,78.0966,89.4723
"ZNF221",0.95662325804147,0.940703985411985,0.772432893388113,11.9809,13.409054,9.5824,5.95371760583251,1.52623139706581,1.64629674927295,3.1302,5.5068,7.3359,14.6834,17.6932,11.5045
"ZNF233",0.912033611871558,0.998430958625578,0.899779697538042,25.615,61.923144,18.840475,7.62498128961639,28.5989715243832,3.66406921022129,14.8684,16.720025,14.050525,22.8408,43.227575,21.7042
"ZNF235",0.994126643409317,0.982988017311112,0.944806056429391,84.1845,86.39714,78.783,12.9055098171672,6.73004242683719,13.9073974918027,75.0525,59.893,68.986875,101.6118,92.254275,88.722975
"ZNF208",0.972074105823665,0.912691729879208,0.944711414870768,21.2499,16.50651,9.0577,15.9517184491515,6.58189932301429,3.95926341402876,5.3023,2.216075,3.36605,9.3874,8.288825,13.1962
"ZNF714",0.736484089693105,0.181157793197269,0.23739216599711,163.3869,218.299404,351.832575,31.7551293017994,23.2342886011559,51.2898201375506,128.0718,98.04545,263.661825,164.3353,320.183425,440.1839
"ZNF394",0.996858708960477,0.758469797582205,0.589240175165804,522.22892,529.45118,425.116125,74.9602844277581,29.8043114930085,56.1116527023929,360.2963,405.210225,357.2065,669.5865,579.546775,478.709975
"ZNF333",0.917813205775213,0.977602046730841,0.99507870366227,188.68874,207.782278,202.7135,46.8223317705195,14.8276825794962,32.8440483834591,128.3381,143.424975,161.471625,242.2836,254.520625,245.907525
"ZNF382",0.958010616074415,0.730973856797209,0.749932426233597,45.1536,50.067788,64.206025,15.9680903712373,5.40675358678395,13.5750814832039,19.5637,25.56305,46.528325,41.439,63.1192,71.45225
"ZNF577",0.322599772521752,0.886657584043062,0.761415514534333,140.8061,230.822764,182.3282,22.0227725880281,19.6467915961638,45.9578218117439,135.2459,124.87955,128.5316,153.3796,267.421775,197.1334
"ZNF75A",0.560707881640513,0.00848422380561231,2.29629495570594e-05,323.39372,248.844926,643.552725,41.1453723050649,18.8281288165414,189.035544125007,250.0245,158.845625,341.935625,367.5543,311.406125,911.9655
"ZNF496",0.888974163362832,0.888673501889616,0.982204276529913,411.58984,371.7213,354.488,105.053964434692,25.5371911434751,77.5029995140188,272.0506,239.626825,270.87255,535.3889,458.454425,367.69955
"ZNF2",0.41162840399347,0.267376591922733,0.661768276859646,120.9752,145.547814,164.0174,7.8419087670031,5.90254387144101,24.2416928701703,112.1233,108.6625,145.5336,124.718,172.63065,177.50035
"ZNF589",0.632597493818558,0.107971324846749,0.169069795424954,464.88788,666.157926,1111.76325,190.779074259483,55.5131686553185,578.327413634511,163.2796,416.6284,430.94755,670.1336,826.161425,1318.9111
"PRDM9",0.999995657571068,0.00810777951800845,0.000517776827716476,0.3383,0.34782,15.4345,0.259720515169672,0.209761801292878,15.3292479582333,0,0,0,0.3504,0,15.59265
"ZNF12",0.448134528574232,0.850759446053996,0.916332093448264,708.10602,594.227782,635.529125,129.364045962031,27.3672837364121,69.7970534636238,514.0154,461.474675,560.55075,690.8015,667.07645,686.805175
"ZNF202",0.276354337236758,0.984575100711476,0.46920955564832,241.47924,299.270628,250.4418,37.8195191417686,11.359661128487,28.3636062688321,159.5853,238.8757,227.7038,288.3655,352.311025,270.362
"ZNF3",0.989947700496716,0.952089481984822,0.867923004000944,1229.8321,1201.678494,1318.631325,296.199999597264,59.6129218703116,213.366289267886,855.4043,887.85635,1142.546775,1315.3506,1465.925375,1482.2948
"ZNF606",0.340476602498612,0.988172313784156,0.31469795053849,491.97262,364.083484,510.9725,125.14200284606,24.6158628980583,153.661253940527,348.672,256.32675,340.815525,419.7086,432.7231,567.658625
"ZNF91",0.923626642532807,0.838277210684626,0.920212331632917,384.67962,351.660448,314.23665,113.708378579423,25.8341005008127,49.006470293532,182.5508,202.979,239.257175,638.4335,497.5403,372.691225
"ZNF226",0.870996984272965,0.821811774646984,0.94537576240192,408.16862,372.858494,347.934275,35.6667499712744,22.0562227613495,61.7364572547477,332.9747,270.560125,284.52475,443.3568,424.836,432.249075
"ZNF229",0.422698185668565,0.21998413836426,0.004543706709634,83.88318,31.476198,183.978925,50.3860929355254,8.36568710134268,134.495798015548,3.643,3.728475,5.37015,179.7477,25.663425,258.396125
"ZNF180",0.829774534121866,0.638226518737549,0.215283672173706,200.53542,180.857094,244.31985,32.088412727921,10.1567509063349,37.3206494869686,165.596,130.61455,226.7881,228.1421,205.091025,278.63685
"ZNF641",0.701558514907175,0.701195222188076,0.947371361147437,126.28208,97.835458,85.56795,52.0939942044512,10.1856081005237,28.0939451002198,38.5424,37.992425,47.431975,155.1152,147.886975,123.156075
"ZNF610",0.997099328172056,0.945227229979672,0.935722545359683,151.21964,153.81197,167.55555,35.3052590337417,10.8333718845503,31.849144128859,92.0857,99.0313,133.614025,224.7374,191.6114,213.333125
"ZNF528",0.865274239953833,0.455717149534401,0.523348859961359,319.94528,273.711296,164.772625,41.2669160770756,28.7725911625311,18.6346740753796,284.3033,126.060275,145.25055,376.8737,357.234475,170.839225
"ZNF701",0.971646435030959,0.880185808585934,0.687206566651612,115.92904,122.41006,96.383375,22.6068598104336,8.87142953855527,12.1390450251365,75.9073,71.95935,80.235875,145.2024,178.413525,108.1539
"ZNF283",0.763151239132144,0.963152465914619,0.598122562184221,73.57764,62.41426,79.512825,11.0986992897186,4.99795912074976,7.41036787350162,59.6539,41.916525,69.468425,88.6475,71.660625,85.10165
"ZNF558",0.923564547929875,0.721148083878688,0.790567499213747,401.39884,445.22121,528.82325,70.3715309729623,35.8870545931176,103.746331771919,259.415,326.320925,417.5375,538.2514,519.6225,640.04165
"ZNF597",0.633916531646743,0.252415633845593,0.431599342784317,44.9853,35.342566,20.77845,5.98783781201529,3.27865796488797,10.3676760798085,36.4401,23.31035,5.2231,56.7713,47.590925,32.66825
"ZNF30",0.980095051956644,0.654178859128282,0.601541076866088,104.55964,109.306328,135.886225,18.0628798056013,7.25017292349781,42.7087703805158,78.8367,75.103725,79.4746,120.1213,133.780325,168.289825
"ZNF354A",0.416844891174971,0.221900426110479,0.567217554424794,266.8815,345.35804,415.107525,36.7259092443332,18.102274478379,107.727735888492,203.2235,263.571,332.753025,297.8142,423.218375,487.55735
"ZNF764",0.743310995347299,0.937843169479926,0.515013892715417,202.86116,228.647932,185.751125,10.9897869610198,11.0268342125405,31.9431791750178,186.7554,187.32075,141.188,215.7643,259.003025,222.507875
"ZNF747",0.991300494914985,0.635879986480967,0.541401185069588,260.25774,253.585298,191.23185,15.0875487465526,16.736215247308,44.8559796820985,253.2423,187.98815,134.842925,281.1582,280.196075,217.700575
"ZNF778",0.887095194805896,0.907353738670798,0.991912587851954,55.2652,60.978548,62.624375,9.86236341831916,3.79205428983917,8.9544698318191,42.747,39.8653,59.269425,70.5618,74.10435,72.88855
"ZNF212",0.659629473420656,0.306613293309878,0.501594319002848,581.90136,513.718856,416.16105,112.295323768546,22.7351713659229,54.2184760756654,409.3807,417.21555,342.073825,573.9998,591.5239,490.894825
"ZNF282",0.790029939944973,0.105756539897824,0.103549295156533,1340.73698,1216.492824,780.0678,243.803136715062,56.3483915045448,121.351268280393,1081.6398,1007.056125,648.03475,1622.6157,1373.205675,919.77685
"ZNF160",0.367791122333937,0.573774399190172,0.996934742080436,830.65488,678.461774,669.22175,206.469821400207,29.6973697817855,117.82909021811,457.9537,526.718875,548.2321,945.3552,820.509425,818.0134
"ZNF415",0.662899611772441,0.856641021725206,0.313884671564824,245.06086,205.301648,279.848575,45.5216964990608,12.5753677117747,93.940880339227,158.0238,155.579675,219.77985,293.0647,255.001475,335.645375
"ZNF439",0.905623789486598,0.543915675704158,0.196320265616138,182.49322,161.437378,257.545925,49.3393815884776,13.9719329812929,90.9760909410853,122.4954,95.194875,174.065,221.8823,211.303675,328.122925
"ZNF440",0.898843950331922,0.937842754677312,0.681032567186171,414.50774,491.301214,329.350375,126.033462086252,54.5922644549888,101.178184129101,216.7661,291.43475,199.299875,536.8683,539.743425,412.13605
"ZNF562",0.158825304844647,0.461408139779661,0.989226849875362,660.43906,451.82884,469.212625,136.96190772702,33.5352883624872,70.1563965546071,510.222,296.2795,389.255175,866.32,552.4654,547.8893
"ZNF561",0.973382432412596,0.999796897423384,0.983271533498586,725.5188,696.362766,721.901625,135.800637707733,39.5291677437759,136.109377343801,719.894,474.160025,567.819325,784.0692,852.545525,797.469
"ZNF584",0.316402803164992,0.993479874983508,0.317252751041216,181.32772,234.574526,175.656975,41.1509988454035,11.1089438378948,9.18711921327672,146.728,174.722775,163.896475,267.7636,277.108425,189.4844
"ZNF274",0.999543452984185,0.999691253065731,0.999988463777081,376.91982,379.471012,379.920225,124.54407242697,25.8262278613059,68.2153105683929,242.199,246.75395,302.275725,316.4845,480.572825,415.51065
"ZIK1",0.52757732484681,0.360855372268506,0.707031569543752,66.78002,33.64668,6.705825,36.7589769343272,9.26897926687085,2.68968861716216,4.0787,4.6127,2.4967,137.7015,22.459725,10.686675
"ZNF540",0.772336784847523,0.601351225332532,0.805857937772888,36.89862,48.249048,59.737575,5.97285471532667,5.12928861718758,19.1962904163094,29.0164,21.28375,48.9769,38.5424,55.988375,77.952975
"ZNF570",0.998511867986209,0.938412903261073,0.919013722279238,50.51392,49.681232,42.7282,16.5882297012792,4.94170877430431,0.563800687300041,26.6293,24.2762,42.15765,67.6089,64.330675,43.2108
"ZNF57",0.980825878998552,0.692883241777173,0.649951855267414,122.62104,118.655838,97.84005,32.9011270433795,5.83176144842726,27.309866271017,66.6056,90.125375,61.020175,151.7284,141.58845,117.192575
"ZNF556",0.889215004838538,0.996578892196291,0.862460822789039,10.78594,16.809912,9.3159,2.21288334319729,4.17994766886551,5.45615629831722,9.1075,2.92515,0,15.0913,16.78095,17.50865
"ZNF554",0.992222690049567,0.912529666420547,0.907876522753981,143.48382,140.573072,129.217,24.2173576220528,7.30174799106325,28.7343775203733,126.5938,108.1038,95.642,176.6085,172.00475,158.8692
"ZNF738",0.70329568032786,0.766395434592045,0.983185196397697,282.36284,400.896838,429.614875,65.4642408438042,47.0823114471484,59.510780878487,168.2481,221.6907,380.422975,324.6661,490.472825,482.5922
"ZNF596",0.511050688370705,0.651274814215508,0.0895641330239951,99.18236,74.471172,127.35515,25.6949344416482,6.0036831858248,44.9957688642406,80.2113,51.5652,77.523875,111.5665,83.153975,166.068375
"ZNF621",0.944718523284539,0.805528734057619,0.861737064603334,500.2953,533.144388,592.069875,135.033614683382,29.9297061000813,91.389545316449,233.1996,388.2327,476.564925,788.4164,634.014825,712.6661
"ZNF680",0.998349358075902,0.463482221972011,0.259671431416895,294.3687,290.287882,421.34465,58.7235666156442,23.412088894798,15.149101157632,182.5508,178.855125,408.635575,388.0114,341.878325,443.720025
"ZNF483",0.644745912576847,0.991938329285826,0.601407171769492,7.34234,12.89256,6.2694,2.44042178088133,1.97537705003271,2.53090179712028,3.1291,4.675275,3.6019,12.2362,15.727,7.3743
"ZNF417",0.228562001290646,0.464422531543632,0.999337912311429,166.60912,116.79485,115.6444,63.263206142136,7.69133835940475,17.1544424285664,45.3879,73.105275,96.074025,281.8761,151.971525,138.077325
"ZNF791",0.986443015910878,0.996523975721146,0.999142292950425,137.76692,144.526792,142.649425,39.5584535841885,13.3376861157487,14.5496249823592,50.4555,73.066825,128.13835,194.4527,202.436225,149.063325
"ZNF519",0.874542908254415,0.290724451669213,0.292703931569098,46.6609,55.545722,85.699575,14.8351644190417,5.6355869152931,3.9384732230851,30.5904,29.520675,84.28925,41.439,59.65205,89.674225
"ZNF25",0.888559744684715,0.917349540200214,0.995270255855843,161.6761,178.525286,182.2597,33.2037206140818,11.0419737148377,36.0157644030361,92.1514,118.842725,136.24785,226.3206,194.962425,236.6527
"ZNF77",0.934653967552031,0.712166864520471,0.76419251085848,98.3029,107.034372,126.373175,14.4348677506931,7.20470539441656,47.2112506004373,77.0848,83.18655,64.87355,126.773,128.140125,152.311525
"ZNF169",0.892976133073464,0.966584297570224,0.746711608807295,60.46056,68.0947,54.48305,18.590542037676,5.05556363292513,14.5649944784576,25.8241,42.11305,40.379625,75.099,93.852225,55.945425
"ZNF613",0.837506152517902,0.689921971374879,0.846568562890408,119.91832,136.270236,153.824875,5.20294518521962,9.13839455223087,21.7046886051292,115.0199,107.422625,135.2044,124.034,153.10025,173.081375
"ZNF404",0.533692221980042,0.140848547388503,0.00297718152762083,57.79426,36.832258,111.5289,19.1168857685189,4.07658793289551,63.8000380543643,45.1488,18.651075,45.297175,56.3435,43.52165,137.217925
"ZNF135",0.110264883799754,0.308707057262754,0.997986901126373,287.4475,156.721812,152.44675,98.6752346203899,18.4361936013592,28.2427256674027,135.2488,44.050025,134.973325,310.1093,235.1004,176.187825
"ZNF620",0.445199541060523,0.64414990469735,0.998313000942896,60.2635,86.160024,87.459,13.9779395789222,6.49656638160376,24.0852296193815,37.9965,55.437475,64.114625,84.2441,99.086225,99.553075
"ZNF619",0.95769119282216,0.982913081403015,0.880471110838372,42.50972,46.161146,39.2133,16.4527683718698,3.87156430807192,9.59684091467951,25.2278,22.708925,24.74595,38.7478,65.04595,49.6188
"ZNF354C",0.992363201610657,0.959210832651749,0.96654588626258,26.40932,24.702764,20.7186,17.1427755754254,4.37540549926356,6.61110995383276,4.555,3.001825,13.471025,21.9039,31.474725,26.730325
"ZNF114",0.855877390046371,0.99908269601658,0.855441474891296,55.9577,122.634198,48.6472,34.509017396385,40.2168050616395,27.3307964362853,27.7151,7.497225,18.649225,29.4324,59.7478,59.939325
"ZNF454",0.876915281886586,0.966958679317676,0.991775851995452,6.60048,9.106632,8.4114,2.50293301396582,1.60959083271327,4.27142355329774,1.3411,2.668575,2.4658,11.8397,9.429875,11.85705
"ZNF543",0.960294151045667,0.759242015278017,0.481799765777469,91.29146,96.500868,71.81575,23.3373309405467,5.79208644628059,8.32446398619755,48.0028,64.569675,67.92885,136.6371,124.49285,81.31995
"ZNF354B",0.996160914998773,0.953519664137165,0.950342718338507,99.00704,101.121168,109.648075,32.645121641014,7.37192101443919,26.7661893148606,54.7784,55.815925,73.354625,106.5574,141.930625,130.2419
"ZNF223",0.926428613187467,0.776957644263027,0.852214304984952,79.3279,90.30503,107.912775,27.085077365387,9.07626393584904,19.1899809485912,35.3889,54.57095,89.392275,128.2494,114.4097,123.4919
"ZNF713",0.64388933865499,0.933067121871011,0.93388034251019,79.2079,63.177128,70.14945,37.92775906975,4.5557475955034,11.2602964252353,22.6939,37.451525,61.15965,92.7827,78.9453,84.17205
"ZNF552",0.00427062833190461,0.0512662102546803,0.996108504780985,445.76532,248.309232,242.7927,93.7435875622402,16.3568308505186,71.3976473395891,346.6693,172.5685,124.199975,489.071,317.902075,338.108425
"ZNF154",0.912230987031925,0.99900319663457,0.90594141269582,9.10974,13.627686,8.43715,2.12308085211091,3.55620885599098,1.96824542105399,7.0077,5.81415,6.778325,9.7889,13.763125,9.463175
"ZNF571",0.738997693826397,0.60374387597379,0.836012710094906,79.07254,100.412358,118.580275,20.2820347028004,8.80466530951288,31.2913290494714,51.1563,67.85615,94.975025,80.6011,116.97925,133.53865
"ZNF443",0.998945303765462,0.32113171360712,0.14373229635358,201.91362,199.988528,293.365575,41.1254004024933,12.5586615474015,77.7858039399583,186.8534,144.203125,186.659325,252.7322,242.97355,390.4934
"ZNF792",0.718434005197411,0.975022593704868,0.593568885274205,110.618,133.022022,101.785475,13.8638785693975,9.03448299135258,25.2838446346468,86.4717,91.384975,60.250875,133.3741,164.234275,144.69645
"ZFP82",0.813985919729732,0.825973901754279,0.976200485107203,80.2722,107.116382,117.26995,22.9964001819198,13.8066644829377,31.0379118366152,56.3242,58.630425,85.43065,110.1254,136.93865,125.22395
"ZNF707",0.4922135460685,0.323004110799903,0.680123474513797,494.49612,383.759808,293.610725,141.901592427271,28.3104988062793,44.9436406497696,305.0882,251.217175,234.876725,463.5574,433.9064,347.91375
"ZNF746",0.962175556363354,0.806738590959833,0.837205003317291,508.12072,490.811818,449.58625,73.9661533613206,19.775041825158,42.8291436599445,380.5186,414.611675,419.82955,648.9071,575.68285,482.13745
"ZNF678",0.339344461134539,0.959592722001426,0.24080337944894,67.48676,42.554116,74.374725,29.7725972261843,4.89931435285351,13.880518722018,21.7239,19.84995,60.56915,84.0216,62.4143,78.475975
"HKR1",0.864828547769749,0.964400618766381,0.990317930310628,804.1739,913.110526,881.919975,157.950097260556,65.3175575269012,200.013998830996,635.2123,633.3109,711.7788,843.1967,1056.274775,1077.312125
"ZNF101",0.777203835129319,0.997019186939429,0.7603678009031,97.32916,130.582262,92.16745,12.5718577125499,15.7589893228571,7.57849163427877,80.6026,79.1465,89.837775,112.4737,149.619075,100.724825
"ZNF716",0.873689547129035,0.746363848374869,0.873499093848827,0.3383,5.23933,10.6732,0.259720515169672,3.10793303041111,10.1011511732574,0,0,0.26145,0.3504,0.297525,11.2762
"ZNF708",0.839697092729163,0.955630585116785,0.989477553563216,165.16246,189.969806,183.219625,57.4595804200013,12.9876451067905,33.0972952846698,95.8623,127.862375,140.601925,196.1864,246.820275,228.8493
"ZNF721",0.997546463110792,0.740871447260621,0.570227228054248,439.59702,434.55796,519.4881,66.4983467290834,23.153413269374,63.6981995529832,335.6412,331.7199,434.7069,564.3852,527.771275,583.56105
"ZNF662",0.999868562306363,0.437080640024572,0.249893694965036,95.2486,94.449446,186.76105,45.5563497337199,15.197797621964,78.7697246269731,14.8684,15.349175,92.4948,135.2488,120.797025,268.52675
"ZNF320",0.959504294100806,0.954891983349348,0.809251719431543,808.85292,848.5264,748.893175,202.551694358639,40.6076975738202,199.599319013018,512.961,666.54905,459.44955,871.2144,948.87665,1038.731325
"ZNF530",0.972246314275257,0.996758705958039,0.95066792153874,83.98708,80.340268,85.757975,11.9331871014997,4.84174052612002,22.3385246662716,74.5223,55.64605,55.7884,88.9054,100.479825,108.758675
"ZFP1",0.803317704178938,0.764910222440273,0.940964688426745,197.02292,225.508636,242.1141,45.0072359046787,13.7492236816269,33.9440799270899,121.2334,170.96575,209.29695,293.2437,257.12125,283.95595
"KRBA2",0.521596534888899,0.237524085334085,0.500083768762493,54.0115,39.803364,23.554525,26.0459965391805,3.41806971681298,7.76337228189475,19.2218,21.094225,15.681925,53.8391,51.2528,33.95985
"ZNF93",0.839459973457756,0.26372230992465,0.286183363813728,142.09826,183.25749,306.6089,56.4145891216501,22.6458790794981,52.6719530585143,57.1261,85.9915,268.608625,166.0039,249.1567,367.266025
"ZFP90",0.580976120818922,0.974082716915306,0.468158932711887,428.33706,503.853546,404.720625,94.6539738212644,22.3800007226469,64.6244249397158,218.6405,413.74035,370.126675,598.3607,613.14165,474.7562
"ZNF479",0.93164420503151,0.993010653563312,0.982668477062991,0,0.53571,0.240975,0,0.481174814889218,0.240975,0,0,0,0,0,0.240975
"ZNF445",0.655947275051576,0.670837964064229,0.948357562025676,520.536,606.713486,640.43185,119.624071668732,29.2963649874022,70.7471040917872,342.6769,445.181625,540.102925,661.5683,726.197075,708.673375
"ZNF74",0.712924941585258,0.803934135717125,0.994010975230586,442.42444,500.037974,508.511225,48.6455029477813,22.4511277060461,83.8001319117336,352.1471,405.39125,466.9234,498.8718,596.880825,613.278225
"ZNF829",0.963476379643239,0.958138178110523,0.823733915769599,9.94884,11.599316,7.418075,4.00227013713467,2.01240001497929,1.41517296726996,4.555,2.934425,5.3904,10.1968,15.546925,8.912525
"ZNF267",0.993132000663415,0.755052289804994,0.690125119505301,304.56306,312.47586,377.038075,32.9353404868934,22.2894676380737,54.6997539509301,297.8276,200.49135,287.37535,349.9541,402.184375,452.908525
"ZNF566",0.445296437529574,0.337490582514681,0.746535062287881,130.82676,191.894714,232.332875,34.5990286905081,15.5373287016992,41.0633060979097,116.328,123.5863,180.78185,172.122,211.270525,254.352775
"ZNF224",0.935063551056825,0.981860133640979,0.996482937821257,203.5034,223.474112,218.40955,39.3290078035284,17.9150496647485,35.5383668480161,138.623,142.542575,187.091425,297.9007,297.30945,263.904225
"ZNF529",0.688357020805362,0.689862567411807,0.945919809868528,318.67372,425.02548,470.328175,62.7663198282757,40.4429984589435,104.044773706174,251.224,269.2948,354.602325,320.6027,444.1486,613.256
"ZNF284",0.947254896357106,0.981421115262386,0.861273732163519,37.81218,43.174112,33.302525,9.545831095164,5.39834161098451,9.79555461985818,21.7239,19.911075,17.121475,51.608,58.648725,46.7362
"ZNF749",0.947341312846056,0.786727181467634,0.836132239495807,72.21456,67.037246,56.5907,20.1954172421765,4.80146383133839,20.0338872484432,45.5958,46.423975,29.47215,111.5665,86.435175,73.14145
"ZNF17",0.894776924512184,0.830503217452384,0.936585760455169,92.71458,101.352484,108.6945,11.3380042511193,6.03481625818618,13.4013861358319,86.8767,78.31865,91.10625,108.3789,125.74085,118.2849
"ZNF555",0.975915011023663,0.977791516006458,0.894385754471361,72.6603,70.22489,76.0033,17.5905150832487,3.00884558725924,21.8998077047494,42.3966,53.88595,44.765825,101.1522,85.49085,96.876875
"ZNF75D",0.920993688443076,0.00348811618160061,0.000469603492518234,311.74724,343.09371,706.29155,72.565693242183,18.6648246676574,243.8664781783,174.8997,273.99475,473.691425,478.9891,424.285775,799.945425
"ZNF197",0.682172689473329,0.3022585257036,0.474844756929802,333.4315,381.952438,457.25665,41.0264945461466,17.4996531122891,77.8488867591406,276.8045,304.6484,342.866275,365.8611,466.835375,539.833275
"ZNF732",0.475795503841831,0.115000067897067,0.270802974030513,1.21074,3.300418,6.389325,0.843129458980055,0.5457025070583,2.38081273006194,0.3913,0.840525,4.5022,0.7008,4.633325,7.494625
"ZNF546",0.993174484426916,0.998372931652344,0.984054409926946,68.06054,65.571356,69.796325,14.1834176597744,7.01881694019735,13.6068070649323,48.3532,36.40955,53.273775,69.2168,71.443825,91.1789
"ZNF286A",0.997634672523037,0.14825372495229,0.0517070347592643,311.914,316.897858,518.503525,85.2085372979785,20.0106707750981,169.717499455936,164.3353,224.92315,250.36115,398.8987,370.31255,760.058725
"ZKSCAN4",0.999927343427777,0.990003504978252,0.981384081778765,137.20012,137.537538,131.52495,14.7185311407898,9.23816212849053,23.2259760505883,113.4696,97.1282,103.3948,155.2823,153.85135,152.93745
"ZNF643",0.998618983347728,0.329667285507609,0.176098002554685,42.9184,43.511228,67.234875,16.4964149036389,3.43900429816306,10.2865772947383,10.8619,24.767575,57.64,58.5593,59.167075,80.408325
"ZNF642",0.973072153520791,0.449825678776378,0.18951187666528,92.29016,87.284564,131.3457,26.2539891210574,6.09315255649793,44.7162984203187,56.9217,69.475275,68.1373,131.7449,103.450275,173.93425
"ZNF490",0.980028575480966,0.944537059465471,0.968023656792901,244.6411,256.480246,273.129375,26.7160388856956,19.4054149808334,56.0997728014766,223.5138,179.1456,238.56885,278.9391,273.614425,340.462175
"ZNF626",0.0774540171855946,0.325018284695695,0.990298158528725,512.37428,231.90819,250.568725,177.786329855013,36.549086056934,121.94167626948,227.9791,16.8798,122.307125,901.184,403.1917,332.99755
"ZNF793",0.926492951775463,0.729695361354918,0.796953705429029,168.87456,190.372984,231.503325,37.0427828616669,18.2430046286244,21.0373372201417,101.6118,130.465725,197.617175,229.224,235.282775,259.1644
"ZNF383",0.686706356941223,0.804888743772733,0.997773195197135,65.48488,82.878056,84.356,7.87318548780606,6.63865283582363,15.3355273149746,57.4632,51.806125,77.330575,68.8643,99.309425,102.713475
"ZNF669",0.920328736356506,0.99872461995638,0.910537469803286,122.04938,109.501922,124.272275,41.7677025228154,9.4890156970684,29.0815784661406,84.0393,63.890375,84.621975,93.5529,123.13795,150.73565
"ZNF559",0.882472007548907,0.245220217767102,0.228566124565773,222.6564,248.103228,346.389875,33.4119068900744,16.8111550280462,29.0412736345583,172.74,168.456675,318.9491,235.1314,299.8797,362.858075
"ZNF177",0.999875228456286,0.998468152312527,0.998363986109302,133.15608,133.776192,136.26475,24.1305333379807,12.6197157272708,50.5475320987665,120.7923,70.271125,62.54465,168.4348,177.15545,179.9574
"ZNF548",0.695980468251446,0.591942121913088,0.856255424187503,176.21096,215.676912,244.221625,29.0424578398868,15.221692910316,33.9427281152968,138.9025,135.553425,210.392675,227.5925,260.515075,288.51285
"ZNF563",0.975587389924795,0.964691978172027,0.861450994679645,76.64492,82.326096,66.84485,13.0220974733873,8.50344470666049,14.7759040705637,60.1093,52.365725,63.30565,88.8193,94.6117,80.7052
"ZNF567",0.701540512973025,0.514365194096848,0.763679297506378,125.98888,167.2504,207.078225,27.5650159906429,16.2716014205634,20.3534821536502,83.7421,99.532,195.63355,147.0856,194.2426,230.140325
"ZNF573",0.978708161402171,0.596362650317167,0.531123887973148,11.98662,11.252738,6.81495,4.15642355726651,1.13266187402261,1.34285748468207,7.5993,5.262625,5.70355,10.6047,14.26995,7.64825
"ZNF527",0.837271880712237,0.790262253723854,0.94097980726117,98.27622,113.857106,123.9462,13.8694744188235,8.39470980180966,34.8571243785016,80.4632,76.166025,87.5983,95.6284,137.784325,166.61575
"ZNF33A",0.474930306705949,0.388398736917488,0.792707236132537,1092.23164,1326.270046,1470.2849,252.719210556403,59.3854862145538,141.469014172386,789.9834,1022.9875,1369.1822,1326.3995,1739.805725,1660.7164
"ZKSCAN3",0.915735753280096,0.949038064049734,0.999252158595625,65.78168,72.978884,73.713225,18.3814961122157,5.46413894600157,14.4821942538861,59.0825,47.26595,65.970675,71.829,99.0107,91.8261
"ZNF676",0.989986972972745,0.94709050168133,0.956651601300541,6.75896,5.642278,3.0453,6.19953654675896,2.60216875083041,1.50895089880354,0,0.080625,1.08435,1.3661,2.127825,4.6009
"ZNF699",0.970470145021751,0.893690611322236,0.708141852454303,9.60842,10.745106,6.4576,4.41170650218257,1.50262575397518,3.21762487196172,3.5215,3.517625,1.1557,11.4204,16.67375,11.5279
"ZNF250",0.999155385457863,0.749926044667567,0.598090451950485,351.3429,355.051536,253.150625,54.2911187412361,30.012330885025,39.310255836579,319.9918,215.15075,218.14275,389.9271,391.1465,302.381275
"ZNF79",0.991368923422314,0.562307175915104,0.44979113684402,96.69908,95.338934,80.748025,13.1104028718571,3.23496749734624,8.50341122593114,82.1677,82.3303,72.8233,101.968,109.62995,91.160475
"ZNF681",0.978452233606649,0.87902504580147,0.896478800275103,151.60016,161.408464,185.7691,31.3278979163397,15.6148344870118,14.4157789565809,91.167,79.75445,172.557475,203.936,202.049975,203.618825
"ZNF766",0.993894720697132,0.977961811346324,0.985201407624191,488.55756,481.602114,469.578175,25.9043769687016,20.8521967799774,49.8152453728169,436.423,399.0179,413.539475,504.7442,550.050575,519.52275
"ZNF471",0.990350363394961,0.994576934032846,0.966698693799345,116.03838,110.258332,122.228675,48.6615627751041,13.2004166504845,27.6203420701837,27.3892,48.9624,87.235975,207.1949,137.4293,157.0788
"ZNF836",0.998935785175458,0.897505411221438,0.814130239766941,115.8441,116.965556,99.661825,26.4652695251154,7.8695909463568,1.23953374727153,72.8639,71.913875,97.956775,152.952,153.300125,100.52715
"ZNF493",0.997207626762367,0.92202269753641,0.841703513888335,215.55714,211.72889,245.083875,57.2663056487198,15.3748479364786,86.959646775946,121.6864,147.76255,177.443775,265.4827,266.2817,287.4322
"ZNF167",0.851440923360198,0.546607869367001,0.66016488544764,65.9305,81.875336,110.338275,24.3046327282681,9.18818386807253,14.2142731930136,41.6959,41.874975,92.224625,87.6155,98.45785,131.6486
"ZNF565",0.936297803911282,0.950683511422008,0.996556450328358,74.58986,80.799344,82.37305,10.0256302324393,5.66530934506951,10.9771260030802,53.9959,56.712075,67.165575,93.8105,90.240275,90.425025
"ZNF34",0.922568280886483,0.995043257256259,0.97300509199639,100.18808,107.64483,102.833975,11.4483847407134,6.1419533970449,11.5743041236738,86.863,77.7202,90.747925,100.3365,125.01715,117.6081
"ZNF140",0.362028199507391,0.202480257316834,0.58202682157809,416.72884,536.922748,633.60735,109.418920219931,25.6424056212493,91.9337990318441,262.4387,471.07825,576.176475,624.4519,628.4539,747.149175
"ZNF658",0.910762596565398,0.89203819092988,0.604678192445443,40.38488,37.513936,44.9253,8.09384865100652,2.00718994870382,9.86924318603002,32.0845,26.139425,35.477475,49.7604,47.6004,53.686075
"ZNF765",0.990485109513251,0.41114213901526,0.282004589865189,185.75796,190.653842,253.920375,24.2735222227142,11.5091019898829,35.9035095701283,166.7835,130.0439,195.273275,199.8572,227.232125,313.54875
"ZNF124",0.626751312640057,0.760130863686007,0.196504822530655,124.83966,92.920378,159.743025,55.3812510269008,9.50296182290093,41.1765978740428,42.0463,50.060225,112.10615,150.1703,112.03925,193.010075
"ZNF569",0.91145817160897,0.76070255360528,0.851219025660909,129.42738,150.415382,181.08665,36.4973416638582,15.7863570965823,48.5165861731927,70.6288,90.7722,129.725125,146.6302,183.4646,202.514625
"ZNF777",0.972319925037853,0.746496255286922,0.489694110595008,597.40888,614.93432,516.284175,46.1033623391115,23.919802932437,86.7564588125996,544.1712,514.1421,417.425725,666.0827,719.774525,563.0361
"ZNF605",0.992922086183976,0.994583415025739,0.971123680898569,459.0243,449.695082,470.69135,80.0672687885943,25.0902615507898,63.7448605252546,354.886,350.288475,379.75105,603.2426,521.10485,569.89595
"ZNF799",0.905780223665232,0.561350608778148,0.209568977137139,248.11894,226.716894,322.442575,66.3615250373332,14.4067260456107,65.5719231689191,221.7208,150.7739,258.6122,264.1103,289.92585,421.255625
"ZNF782",0.937498578027902,0.255993407327999,0.195702772536278,50.85592,55.715006,83.240375,16.7276668606653,4.12296030864728,18.3130362843146,19.5637,31.8432,59.416775,86.4688,70.090775,92.3543
"ZNF846",0.768975247404591,0.967547179513705,0.948790256824368,71.74116,62.41023,67.02375,15.8914350944652,3.86947745429113,19.3924613922739,41.4751,45.85955,39.280175,104.0073,83.721775,84.745325
"ZNF136",0.98925594918094,0.844779266613938,0.678838249113327,236.76236,228.43621,283.89945,62.2910835989919,17.3553502190921,84.0969819363186,139.685,145.47075,165.648375,339.2532,269.372225,370.749575
"ZKSCAN5",0.926920012553471,0.977422841838375,0.997117032439621,367.6978,386.46795,382.4153,21.5538187872358,15.8653803746057,45.1631396243478,369.9398,322.957375,334.69125,394.2697,426.6962,409.9596
"ZNF33B",0.575729539041651,0.923786363671317,0.908012384363855,691.46554,853.673478,778.920125,141.250224632259,49.1377785489262,156.350108852304,395.2348,635.292225,747.25685,928.3165,1047.4113,927.394575
"ZNF431",0.665744668514881,0.947890085132407,0.92497860521809,114.42884,146.19876,130.84485,27.7917412024436,11.5817754016097,9.12591390039924,68.8643,81.623025,119.373525,156.2149,193.4556,145.380875
"ZNF418",0.206787059254926,0.360606375057873,0.972967425685723,141.80014,74.389132,64.7056,77.2673561278345,10.3116459508098,30.4464138853002,63.0694,7.713575,18.626475,99.7268,120.74175,107.208975
"ZNF700",0.909989344150716,0.339659364097962,0.0796132994469732,365.78364,333.79088,522.264775,78.1829803105548,15.625668347015,258.085662569312,261.8397,266.352075,266.1361,434.3836,395.732275,593.096025
"ZFP28",0.476002041282348,0.167435190120468,0.393517264416131,104.57284,140.706082,185.666325,29.3989172262959,9.46125033791429,22.8630022111188,69.0259,98.110675,168.00055,150.9126,177.856275,201.895725
"ZNF585A",0.996452752673043,0.999334572988914,0.99244009412814,136.52934,139.728288,134.549275,20.5931775158328,12.5885702913253,24.776435114956,107.6005,86.486675,91.7203,152.0947,166.045675,175.685525
"ZNF138",0.945198729487386,0.153606709725421,0.0910108947729101,216.26298,233.126,358.070875,38.0042482959261,16.0671149122383,61.8053415188954,157.7973,161.76045,275.599875,223.1955,256.298975,425.01755
"ZNF429",0.934756666527488,0.600656839150618,0.269502107768992,120.11466,135.042048,61.15045,26.1257395080713,13.5247692585377,9.14406627541416,104.079,81.380275,46.32175,121.9537,150.741775,72.5859
"ZNF470",0.831070645191128,0.502148185832339,0.623826783225534,153.48174,171.181172,202.591275,51.6864677541288,8.3898836441685,29.9267163390666,100.5606,138.477525,174.3946,249.2097,199.08815,214.328525
"ZNF100",0.504540829371691,0.301240727081334,0.632257676170332,186.41292,272.180332,349.772225,41.8352163727332,24.043383337274,54.3239160921531,108.6253,147.4112,324.466275,281.4316,311.54215,393.9697
"ZNF398",0.997408367410205,0.405427423993728,0.251400862951869,458.42374,454.753792,359.560125,88.930958795234,15.2430687091358,8.6889968403891,378.0659,391.164375,349.011725,517.3042,513.512925,371.32545
"ZNF498",0.948733515409892,0.998193501056458,0.977082951487581,381.87156,362.636652,376.775275,55.6783277696951,19.3219410679525,27.0775094536461,282.0682,247.3499,351.8163,451.1064,457.072175,408.674425
"ZNF441",0.755567639421519,0.231917037299374,0.303472213252558,111.8591,147.506826,229.773175,27.9954050694574,15.4852750715259,49.3455061173655,50.0831,87.581775,184.6295,156.4562,162.943,300.824325
"ZNF420",0.995676867093478,0.994511125490833,0.976212658795886,119.2264,122.740582,113.561475,25.9185991791995,12.5150323009495,15.3201058646459,89.6987,63.2089,99.816475,148.4654,146.50195,120.4567
"ZNF763",0.931506708052766,0.560259966769078,0.575135174915821,76.19124,85.23432,113.353725,15.189657795013,7.78663276620404,26.3595896165379,68.306,56.13615,91.05815,99.3837,96.6279,149.646025
"ZNF679",0.878948841536374,0.976180203134443,0.984698209765363,0.14016,4.138612,2.6092,0.14016,2.65456166876235,2.50487636720857,0,0,0,0,0.839075,2.76735
"ZNF682",0.898649699879036,0.111152767407873,0.0730247053730841,171.91888,200.34305,360.451325,43.1065032189738,18.2974053407547,129.470026125782,133.4246,118.005525,170.63825,188.5246,271.4309,509.076025
"ZNF772",0.995195245435048,0.826860743323269,0.77875232831155,163.9169,159.04041,120.00985,41.2412969073355,16.0958540612053,44.7944406163217,159.4779,82.466975,63.8851,217.2506,218.324925,182.39205
"ZNF257",0.760846619312038,0.654068201203949,0.187092639909115,64.26576,44.18268,100.121825,19.9545041243976,8.4189330040662,44.9481900380014,50.96,5.039425,36.071725,101.2614,63.53095,164.06345
"ZNF785",0.966214070523465,0.42234290992303,0.161479132791145,253.715,268.496392,146.89135,25.681444301577,18.8716997068176,21.8449641404108,218.4373,206.8566,117.59825,258.962,320.235325,182.1429
"ZNF98",0.974392765483984,0.770583285145499,0.767811225052305,8.07764,9.621674,15.09485,4.43784046385176,2.20693032422461,6.85266915898469,3.263,0.678675,7.5197,5.3642,6.707575,19.06575
"ZNF786",0.997459691842896,0.962163866206086,0.95764834425491,236.37344,233.874848,222.452475,40.8591538634196,11.1521687614673,22.9753900813956,175.6823,172.681875,198.5904,322.4044,284.5607,254.934875
"ZNF517",0.972159310844201,0.359870089289076,0.265677066155835,360.40636,342.388244,203.6865,72.1484561814083,24.7152765378507,31.5382129192508,220.4007,221.014225,179.92405,396.0436,418.41445,228.73375
"ZNF675",0.822289903563664,0.715603413482532,0.885367560950826,146.49754,180.021356,209.293825,24.8740795694152,17.8314936596114,30.6345333434719,107.2179,88.31575,192.48235,188.4368,249.4623,247.267825
"ZNF860",0.860710716069716,0.693005343270049,0.828422204852267,44.1217,54.149098,66.598425,10.8868298761393,5.65163933775873,33.0919436376987,22.0743,26.87385,32.5634,65.2595,68.693975,77.110025
"ZNF695",0.998015081883877,0.242603136702836,0.110496207732476,107.87274,109.662616,177.2757,18.9822457725002,9.30992007540404,23.6499434438013,90.4093,53.374775,151.16425,117.796,142.853525,187.0375
"ZNF665",0.991363710429229,0.929526545774073,0.829418330824909,25.28718,26.272036,21.195825,5.92049373890388,2.43730473128431,6.02147389036037,13.6946,14.5348,12.48185,29.5032,32.83875,25.958475
"ZNF624",0.901365694393447,0.997962570139056,0.885291267274427,83.91078,77.877992,85.1186,14.1254250876,4.12120869883407,17.0076814736264,71.829,60.2405,56.72125,84.4295,99.768,110.2908
"ZNF841",0.998126930138983,0.994034541143141,0.98088517906038,241.01644,237.721084,249.43635,61.6843456677186,16.497757525808,76.3237864247935,137.3511,153.40725,160.96115,333.3333,313.6008,274.41705
"ZNF615",0.686948137039461,0.5992088838309,0.87005903630221,142.65534,173.504366,194.258375,29.0331279755489,11.5556993115816,27.0167517987567,97.8969,117.983225,165.296125,202.1858,209.3499,232.8341
"ZNF433",0.969225098080478,0.357293512683441,0.121914037587393,167.82806,159.514294,236.79935,40.3544434353467,9.75709592243027,60.7543606994113,151.6393,110.802325,208.5353,199.3699,201.305375,291.6289
"ZNF595",0.491109832604824,0.885439918560311,0.905058448811187,201.45252,151.224442,171.9276,42.7891036768638,13.432054541063,31.1060075691979,136.612,89.285225,143.535025,276.945,204.84985,191.188525
"ZNF460",0.989488596189021,0.998573570221962,0.998063742446392,35.0827,36.514826,35.835425,7.63730306181442,3.23425441855355,6.04011723125401,23.1254,19.05645,28.164825,39.3376,44.4194,44.3435
"ZNF81",0.826199108997688,0.949639426293685,0.989731253238462,80.04254,67.617626,70.811825,35.9287222944624,5.90320274976553,12.2886611799506,37.9965,32.146875,50.41305,93.8105,93.923825,89.858675
"ZNF780A",0.950829315915569,0.990123882824719,0.994514188555843,353.4388,386.801732,374.599625,27.2954998748328,35.1869384685623,62.1807956332764,330.2357,245.735725,303.51605,351.0862,406.39015,415.309225
"ZNF461",0.848341261468145,0.760997929246024,0.908574962275273,93.93274,112.409662,128.026325,9.33984780045157,10.6713713857488,28.1544403887846,80.9102,73.767475,104.39915,111.349,128.1281,153.626675
"ZNF181",0.593335399363061,0.45713466714361,0.782872087629242,142.29588,182.124328,212.248425,10.7562974244579,12.7771321847259,40.1738124623569,126.506,112.662425,171.6422,156.2149,230.753725,244.788125
"ZNF44",0.901189817676068,0.75718533383338,0.858370129898409,237.05316,260.156692,291.182875,59.7265722927459,15.1813773485522,82.8476482192904,140.1546,185.34605,227.404075,259.2805,317.50025,343.71185
"ZNF790",0.919648820610132,0.853219969744178,0.937720391931059,110.29362,121.973746,133.3086,15.8110440689538,9.15159638880348,38.6866659891794,88.5095,76.28295,79.0466,147.0856,134.178325,172.12885
"ZNF677",0.919193820306101,0.939567517304934,0.996373035655966,34.7036,44.280606,46.4819,16.8324462612242,7.65087339220952,16.8439557600543,10.7284,15.7567,29.807,53.7341,53.21395,52.6111
"ZNF823",0.703651234382883,0.999915681851618,0.741186683437034,204.27294,178.255884,204.847075,42.2533725372851,9.70685261657185,11.7481276492877,196.7213,122.4167,193.540325,258.1829,222.228525,207.67655
"ZNF311",0.521861543312439,0.998405143989381,0.631361838064583,51.4791,29.515826,49.9339,28.1880032957817,5.89330473905307,11.7162611209805,3.6708,3.760825,41.54015,87.1685,41.22365,59.7395
"ZNF347",0.9986202693608,0.82123459608793,0.693252228195102,96.24064,95.075886,116.178675,23.1073062194753,7.1266155074066,15.2214543117259,50.0831,55.0582,100.29665,126.8482,124.204975,138.298375
"ZNF273",0.986432610148348,0.0079043788329084,0.00078262683348862,188.14558,199.414198,507.617725,31.5491702933595,20.0022310304357,159.171775371177,145.41,110.62905,365.853925,217.2131,250.4331,560.53
"ZNF84",0.442318708641422,0.569246281826157,0.977028315156552,803.85528,987.07258,1021.037975,177.694711910578,44.1366387091112,149.829058251097,640.9078,787.82695,794.101725,1159.9878,1162.802325,1268.5922
"ZNF667",0.990037098941278,0.893369745266727,0.888849600559387,136.50754,144.087104,172.925375,46.8530458413709,17.4025133781013,39.9460521066512,68.3252,37.0711,112.798975,226.3206,207.59765,225.0152
"ZNF649",0.553870816843452,0.94376655625913,0.86096920186257,208.33446,283.084842,241.60125,66.5220707462163,21.7129648454688,74.5529527902875,125.6246,177.234875,177.657625,221.2738,323.47565,333.793975
"ZNF248",0.982145989060381,0.996995292679363,0.997467259063769,532.78288,500.134206,513.7021,190.301593061008,54.7460574980155,139.35859155729,213.7351,324.634225,395.732175,637.5228,520.35575,565.366375
"ZNF544",0.230004818553394,0.876121274198104,0.664869777173641,782.7427,553.069732,685.625025,107.27044112383,42.0001908278885,165.083660055452,735.4583,361.4895,491.986225,935.2558,673.005975,764.26855
"ZNF251",0.72071375938692,0.376024586835285,0.555222626700681,437.28136,528.296678,663.826125,38.5687246432339,36.1387095151848,156.752730288287,428.69,360.15,560.811,453.0484,609.397675,754.984925
"ZNF607",0.622319902477857,0.746582126915171,0.994353401559997,207.45112,291.612876,301.748475,19.0785434760466,28.315386843284,92.4979311796609,201.1212,199.884425,192.498275,235.8834,281.05795,387.09495
"ZNF334",0.922726116317306,0.468332997381186,0.156328329072159,97.26768,70.88853,213.994,44.8957749377979,18.9932969305331,154.922320450643,8.5653,5.802225,48.829725,120.883,82.4274,236.167775
"ZNF485",0.833437223379505,0.706397761825222,0.276310105935092,86.80956,76.012746,108.175775,18.8186615899112,5.38319179517301,30.7581627262416,81.5118,48.5209,61.05255,95.8499,96.557475,141.985075
"ZNF192",0.998682150129082,0.985048285411886,0.984329063680637,214.76676,219.308168,236.722775,128.031147843213,26.7837417558417,95.4785687243423,10.1612,21.905875,79.0015,219.843,342.039775,389.425425
"ZNF442",0.347059597798852,0.443794612145326,0.946510092116706,21.60968,33.78214,36.8223,4.91839233189057,2.56232325114119,14.8126431097447,16.5397,18.629925,22.91445,29.5993,44.289325,45.27755
"ZNF813",0.957141247440862,0.977462255913466,0.9999645870095,61.33206,67.960316,68.169,19.3781168023005,7.21116046883415,21.8065371921281,26.2154,22.24505,36.6141,65.6674,97.797075,85.07205
"ZNF26",0.641876756942087,0.196721191026154,0.326108133925988,237.01228,281.337714,359.978175,29.0604512861449,12.0061834480316,143.142184391018,183.1165,217.326975,189.643275,274.9159,320.06335,424.6623
"ZNF69",0.965115652423274,0.933471619028909,0.971916205459595,140.53654,149.713252,158.818225,45.0856072759101,10.1735760464435,56.5290151759751,76.9581,88.203325,79.977175,172.1608,198.32485,217.57135
"ZNF583",0.873466399600945,0.975351507714016,0.751223300562164,59.64866,53.677834,63.312025,8.83267891608203,3.70876464190239,11.5950735465811,49.3525,37.8562,51.0419,59.9004,64.176375,66.687875
"ZNF568",0.999656784707139,0.709606929035371,0.580172071351675,89.84074,90.546848,121.884425,20.2669948446384,8.32688537525028,46.3159607175427,69.8063,46.071125,73.113625,105.5676,120.4663,127.00335
"ZNF480",0.842560917516856,0.0662617400027633,0.0457320782832309,465.08138,513.882176,750.6184,71.7236448449701,26.5342783509432,98.2489181103877,352.25,380.521125,674.216425,613.0315,604.10785,805.130725
"ZNF587",0.0243779743508306,0.117928323495761,0.985427978564306,1065.72484,608.34382,577.73165,435.797538406816,37.213592160071,94.1338058935391,267.1818,402.14765,482.4785,1217.9281,786.7183,700.97165
"ZNF808",0.94761827574826,0.897760503744834,0.954884053362024,165.84208,158.521822,151.01055,22.3719222142712,6.92327775347351,31.8387064087749,135.8934,126.917675,100.78045,183.0601,195.103825,201.44895
"ZNF43",0.905882750181183,0.881624444317372,0.969938694036084,411.64788,474.552228,513.247575,91.0738862426678,46.3806895895107,118.896242057178,275.066,279.98475,423.0614,513.9186,538.10475,642.209525
"ZNF28",0.819504519797287,0.867284504965257,0.992920080636643,440.03238,386.541826,375.369675,58.2353467090512,27.8462945357362,58.3806298260016,349.3343,242.217625,313.891125,559.1924,540.2774,419.87315
"ZNF627",0.901559211305047,0.482255001146161,0.515130855469485,470.36098,529.626482,696.7515,124.067704520787,42.0193718849353,96.7002992747006,242.199,352.694,664.94005,682.1494,597.907375,781.88375
"ZNF789",0.709235879969868,0.331616976418486,0.497762554898099,147.21774,171.32059,209.51655,18.3364793623694,8.71321193795658,59.7235675103988,112.9326,124.583975,124.8967,183.9523,212.0325,277.85775
"ZNF534",0.850849025388917,0.735859408629184,0.882548531042668,8.18654,7.220348,6.279325,1.98865334173656,0.539724306556295,1.13516351419447,5.7102,4.598575,4.755975,8.7596,9.0663,7.07135
"ZNF525",0.999416608314106,0.994225063860158,0.994173359501007,275.12818,273.069418,265.851675,48.0359817404558,19.8198735681234,29.8739476159796,230.5536,195.9928,237.63995,361.5665,297.275175,294.896575
"ZNF814",0.132083983889557,0.514028669950186,0.938574374778567,780.26148,478.083898,536.079925,320.528102050696,37.1750535398849,226.97184709935,418.2423,306.51415,307.396475,896.6018,591.261425,641.36795
"ZNF551",0.969289689268104,0.942074802447316,0.798866700879784,77.39704,83.672738,64.979025,29.4250501791348,7.92091212138122,22.4467802380941,27.5648,39.56815,31.663075,109.6222,117.2462,91.44585
"ZNF805",0.837095106126708,0.993588719014881,0.92583093008478,249.2098,271.830246,255.3512,36.16440936165,11.997327738253,44.2261075347469,203.8541,206.546925,193.483825,308.3512,320.64415,323.834125
"ZNF468",0.654340656918253,0.625417208343845,0.914974420469797,445.40638,378.596256,344.841875,57.2394160407616,23.4617782263045,64.0427286619563,419.0551,272.98615,267.0426,557.5609,476.7758,399.325375
"ZNF616",0.989828344327877,0.897825378062176,0.767722336197237,154.76246,158.973616,135.18655,31.4706713341422,9.42521678304357,22.2105290568272,118.9067,112.983225,102.807025,154.9913,199.6668,159.671525
"ZFP57",0.896168383094209,0.814936730028622,0.921547303164133,2.3542,4.672882,6.889725,1.30588935404191,1.63318841580883,4.97472802177415,0.3504,0,1.631875,3.5761,3.744325,8.0358
"ZNF155",0.986722103704022,0.999991290269596,0.989939354103154,199.96826,208.773588,200.289675,27.9939886837621,17.9584039860289,25.7881621005445,169.8543,150.1178,167.773525,210.473,240.5597,237.5528
"ZNF425",0.97084937548909,0.650854597152596,0.620264713626352,96.30398,89.259862,57.7516,26.9871790272418,9.38682959873942,19.9752339355096,59.4534,45.464875,31.07415,135.2459,104.8877,71.5239
"ZNF611",0.450523972994445,0.890460671681001,0.870630668234461,213.94106,155.77244,182.4416,83.2136981450086,12.7317516225262,64.3329464597392,95.0797,83.5333,107.862725,292.4442,222.03475,222.327725
"ZNF254",0.752153314453476,0.342783042686724,0.476285451291033,327.89128,397.30157,522.0097,82.6165825786773,29.5997682596879,79.6491593072289,206.7189,231.871575,446.79965,336.4046,553.705525,557.5457
"ZNF625",0.938364097826202,0.966875698238366,0.806470674224421,33.16894,36.926142,29.260075,11.83258265036,3.37886223363885,5.21617917035944,15.5297,18.599675,28.7186,41.0809,51.56005,34.560175
"ZNF845",0.868082342736429,0.995290321413959,0.938866843441647,145.07734,160.636248,149.1362,29.5956167154462,9.48271204621196,11.4701429473074,90.3844,111.348475,142.85175,193.7392,191.3705,159.5603
"ZNF90",0.566606956276741,0.998486023227463,0.671065104173659,302.04668,570.044838,321.71935,64.7419426976006,84.1019463855715,96.4680397938483,224.0437,225.20575,216.257075,324.2582,683.81215,449.208325
"ZNF788",0.806084245912131,0.89687609798511,0.493790834518567,76.63838,103.309724,49.5656,31.8788999794755,13.3566635861293,17.1536482498136,39.6175,42.488775,26.340175,93.8105,119.95945,76.688775
"ZNF880",0.722531959192848,0.526632516371597,0.760641084023537,156.15016,128.4742,100.3587,45.5513110855066,10.6261702433863,29.2672958135015,64.3706,84.5218,51.818425,247.9861,163.88545,149.161525
"ZNF630",0.978948180725506,0.934877037285059,0.804913738565307,56.44466,53.523168,63.881775,21.2747438036184,3.88701736719939,29.1570186950294,31.302,36.4918,32.28805,54.6448,63.32865,88.518125
"ZNF844",0.920851805937455,0.887410111400833,0.610552728562498,131.92482,147.892082,104.42825,38.6750171188766,12.7871439105733,14.7958452858959,69.6469,81.82455,80.83655,160.9264,206.375075,125.71215
"ZNF717",0.923371956816261,0.96045074351565,0.768558719742086,25.53922,29.622012,21.386725,10.8099205081906,3.28774842934094,6.27340989738635,8.4093,6.798575,12.72595,29.9502,48.212,26.196475
"ZNF492",0.9093753217453,0.577575031914703,0.629535878068983,25.3498,33.799644,54.54335,9.69741251875984,6.49234207271365,3.02852327972452,13.3033,1.262925,51.30775,20.5628,46.1463,58.9281
"ZNF688",0.911799513937406,0.438005126464949,0.444060108361898,431.81632,377.447758,197.45475,138.312817804047,40.6626569861046,64.5917428299276,194.0012,194.625475,117.877075,705.8593,478.01065,225.136825
"ZNF879",0.917379601262806,0.84667680688297,0.933601377699178,73.35276,82.843578,92.226725,11.7786165784696,7.43939972090095,25.7319084376245,56.7713,51.487575,66.2457,74.6406,96.411425,124.377275
"ZNF737",0.988271414737183,0.107886374199978,0.0194042627527858,378.29982,357.868312,789.4737,143.200663408419,36.5035067591772,327.815458213217,152.0673,164.103925,441.257625,584.2441,484.886575,870.933775
"ZNF709",0.73987931948456,0.598986055971471,0.830159581103788,130.07766,169.149962,203.130875,29.8652653092953,16.0505912413552,69.2114618754892,114.6435,111.57305,123.076025,168.4882,186.7268,260.549
"ZNF585B",0.806585971686444,0.959542921166913,0.975663444353858,47.6871,61.741592,56.481175,10.3936561613323,7.16566426826918,5.80270801284122,33.9874,23.512525,49.840375,57.9178,85.27415,65.6779
"ZNF324B",0.699153786400068,0.2124425633869,0.312697018866335,130.6131,116.094688,86.852575,16.2277056361952,5.55554705296456,9.70132133838608,97.0735,90.172825,78.042275,148.9071,132.457,90.59585
"ZNF564",0.88081879119694,0.987208891470157,0.969686229465574,316.04916,355.060846,333.797725,47.5869448291083,25.1966388326323,80.4444990756295,232.487,245.63825,274.76055,329.6903,398.942775,415.105575
"ZNF674",0.608867942643367,0.0989573734877028,0.162867897928444,45.87926,54.249812,72.23955,6.58000933560128,2.61160343651275,13.0039834438337,36.4401,40.84695,61.451125,54.6548,61.696675,89.209225
"ZNF432",0.929140144403932,0.706747029025281,0.369707180114946,121.14818,109.564314,157.25825,44.8541364780485,8.77680261997965,47.2998799294723,60.6476,63.016625,96.7878,217.2131,147.175725,207.56315
"ZNF10",0.913086398423477,0.125661403791467,0.0809870048137163,230.99978,259.334178,428.745875,80.6016725904084,17.9328597861878,163.009835157046,136.9461,180.25665,209.7272,346.0838,339.544325,546.554775
"ZNF486",0.995525158323055,0.858953750266042,0.821937023052907,29.77516,33.665432,62.222375,13.3438008333683,13.6777535794133,31.1112464631462,7.1523,3.464675,14.36025,56.7624,18.6376,102.298875
"ZNF225",0.993636780778832,0.946350978753829,0.948004012079429,73.4338,71.521114,65.389675,15.3387305399436,5.51623412195499,9.82968044863574,58.5144,46.481475,53.919775,87.6155,96.461675,68.79525
"ZNF350",0.494706564439805,0.639976321633531,0.989328575367754,179.45952,230.718724,237.6773,11.2417675118462,14.2501214555241,36.4352664846162,175.7741,170.661225,216.284925,190.8841,253.6501,282.447525
"ZNF253",0.406685914496494,0.90920475281733,0.805687481265117,463.47868,297.58243,386.97795,262.872641913607,31.7753498485646,171.736772521974,108.6253,170.754975,203.410125,675.3188,374.359975,515.933075
"ZNF878",0.78427738645596,0.600678377771711,0.794626635143592,6.49,9.059762,11.82835,1.97451390878869,1.2098749679536,3.28462194843892,3.1535,3.6646,7.887375,9.1075,9.926925,13.415075
"ZNF727",0.882334451476821,0.99517462625736,0.948523237458273,2.37214,4.732436,3.034825,1.03014196380887,1.58597134645542,1.92873271795023,0,0,1.04565,4.2046,3.762575,3.721475
"ZNF578",0.606586708054204,0.979158575403286,0.814260876921112,14.5177,49.3018,24.6758,1.70631354914623,11.6974125949976,7.60318988320034,12.2635,8.906525,19.6984,15.1986,55.9792,29.0798
"TRIM28",0.997032254852978,0.494172935000893,0.345411378138481,9829.96844,9716.833726,7319.085225,1977.54103548154,461.014078288142,670.796212088184,6388.8889,7302.6289,6746.943025,11057.4632,11596.894,7958.26585
