"gene","Distant Metastasis-Biochemical evidence of disease","Locoregional Recurrence-Biochemical evidence of disease","Locoregional Recurrence-Distant Metastasis","New Primary Tumor-Biochemical evidence of disease","New Primary Tumor-Distant Metastasis","New Primary Tumor-Locoregional Recurrence"
"ZNF195",0.292645377534299,0.797546962701472,0.975366605120788,0.995070599521613,0.469482870709042,0.812809456211294
"ZNF263",0.951922178041648,0.528396953238217,0.864325956898294,0.872183626326644,0.76596812973538,0.390883105745571
"ZNF200",0.805135706025082,0.999583277409135,0.90639509492327,0.995367175483979,0.968234717155517,0.994790262934767
"ZNF582",0.794632373974723,0.976234259635944,0.78394751920483,0.727400113929488,0.463425639630712,0.979048957689196
"ZNF285",0.735303305308868,0.710791321219676,0.996766337311909,0.979525606377116,0.97424366203255,0.940333862603929
"ZNF275",0.688726569670836,0.339629129101126,0.164378075665212,0.986888393927608,0.95317213540516,0.409903588240636
"ZNF37A",0.723363188312781,0.680813916266841,0.995319405845131,0.849960202581575,0.999529666729575,0.988391535642184
"ZNF510",0.871263749102135,0.554890599972189,0.397790051259057,0.999090776521815,0.91552358334469,0.780588192464808
"ZNF506",0.956024129788522,0.952151030815716,0.99964209393131,0.976998360685801,0.902978981558515,0.898427947658485
"ZNF324",0.886694312179856,0.108064640589981,0.482710176291236,0.117065273519176,0.110971692412942,0.00748244355092842
"ZNF671",0.958955152312243,0.281655519297811,0.651852344409573,0.993065971068253,0.998937650222586,0.605537516880519
"ZNF416",0.976302239676004,0.866999198715091,0.803228055080056,0.99919791275483,0.997531086962807,0.897811200481329
"ZNF586",0.999999004370042,0.999703210623167,0.999886650697102,0.778804056311982,0.882279220069589,0.937218272227007
"ZNF446",0.191439242209607,0.491835243594349,0.998581988895639,0.999524516026015,0.53010262576218,0.724435474511551
"ZNF8",0.991500964123252,0.85906888835142,0.836148440468259,0.9556024436832,0.92891200127111,0.993251899400555
"ZNF264",0.59621702225665,0.890036243716252,0.995632532392369,0.793556929704072,0.998270412254054,0.999863096980761
"ZNF213",0.727094847964991,0.92105662729831,0.998537786929312,0.999694055188638,0.847509830190258,0.942572249074097
"ZNF343",0.589498317831447,0.895283076498902,0.994548125871309,0.256996900434374,0.941469854190013,0.882488994748695
"ZNF302",0.999999979487108,0.446326858286849,0.607377958513176,0.998168012684796,0.999160196090302,0.56873570526915
"ZNF268",0.0767832085399127,0.201987240158442,0.999992867309753,0.999971670318421,0.287212165198963,0.385642578453756
"ZNF184",0.548669535060263,0.583336904331474,0.997914466283703,0.559413139989035,0.999774948311318,0.999669662261994
"ZNF500",0.72016007073846,0.725332393525244,0.419780833489526,0.850026153740185,0.999476313844948,0.519183470164168
"ZNF419",0.845914097490908,0.842032823092254,0.998892337213723,0.342239082857862,0.878534295960744,0.955061132217665
"ZNF175",0.997943784259401,0.494585852517124,0.720730711463153,0.84885540089414,0.956230782203656,0.944243471027961
"ZNF14",0.568078667877803,0.964253566514977,0.9675706192899,0.999009850772707,0.730300295420786,0.965254411874587
"ZNF85",0.976873418645066,0.921897959828663,0.994302400669177,0.938035403335196,0.878580801682916,0.807622214318691
"ZKSCAN1",0.255106506961362,0.397705548949563,0.999806003065757,0.954601952974689,0.791575693524587,0.810011808848419
"ZNF862",0.999572551644842,0.959830400802529,0.986500631658427,0.985445580623916,0.985359965629474,0.922228897492802
"ZNF684",0.973977981110931,0.965495833356658,0.910287637102981,0.153352480944775,0.513661814735784,0.263054651131081
"ZNF430",0.282385303559647,0.0100550511353295,0.428067863015421,0.961694020353877,0.801969966201052,0.123463173134023
"ZFP30",0.677176162941294,0.620463434934927,0.993318251008755,0.995245973968616,0.758380351091701,0.67934855953821
"ZNF549",0.993735358413611,0.973124979178215,0.997782266017504,0.975075486422626,0.955384210195539,0.923025967213934
"ZNF211",0.775592350954127,0.735173221433962,0.996161221731661,0.999997847673106,0.909663723320781,0.856389899884648
"ZNF205",0.35289457176937,0.520202923556203,0.999970051143229,0.98934717391687,0.487163325788488,0.568739898424364
"ZNF45",0.99930695646588,0.954564462613035,0.985767343160597,0.865081734822682,0.953580048279253,0.999232939158143
"ZNF133",0.415699291208399,0.344961225217395,0.982521862305737,0.889639816273172,0.948465103633842,0.84056944897814
"ZNF436",0.589428194795038,0.995800680259593,0.742194181726525,0.956518879289395,0.567745886057719,0.998149233788617
"ZNF484",0.212480425716358,0.209429242102458,0.986140428788793,0.994607828177081,0.389004514712304,0.319850797552812
"ZNF780B",0.985175440597285,0.543035319213628,0.548686837009909,0.969138158653715,0.999571197685343,0.52737067808132
"ZNF557",0.99925173745329,0.832715085962813,0.92771151188736,0.698330112116133,0.780439340907939,0.496420540659746
"ZNF337",0.621580350211436,0.819075090850562,0.999843744315545,0.938264148705039,0.976503361563594,0.991582162383037
"ZNF317",0.943581240348599,0.982025424252282,0.99992818943932,0.850839679776147,0.995290546532102,0.993528015375377
"ZNF426",0.543254476731176,0.22585799837152,0.887659649437167,0.739302281603167,0.998716414069952,0.842496519933882
"ZNF331",0.569366345096453,0.979355876446568,0.648521715603612,0.989297762106265,0.6495734136752,0.99971071760779
"ZNF227",0.961745569504439,0.999778402640412,0.994558832602317,0.920901463786053,0.998749493361729,0.982480500268918
"ZNF141",0.989555067527948,0.719777686581032,0.910166086311246,0.786595563497114,0.775653569299564,0.462199056585786
"ZNF304",0.998169473161704,0.893442058082247,0.965212713452826,0.981374221473328,0.974914560465146,0.84576742415152
"ZNF132",0.890773471004934,0.997232744006796,0.922017011771775,0.999555795543576,0.974002676310717,0.995698752125135
"ZNF20",0.716526029463186,0.941580321840372,0.656534811414648,0.999774752537847,0.844880805768883,0.980105583024269
"ZNF670",0.277433453745348,0.207310542473846,0.969779254482998,0.663648585759572,0.978786738096322,0.865288383488579
"ZFP37",0.760672276856775,0.922789142461775,0.656411220811482,0.856801741574351,0.999849503741066,0.726303651132307
"ZNF189",0.481216859708787,0.88683852337925,0.424236453178271,0.999255980176113,0.791419946908388,0.912310895794177
"ZNF434",0.803977264788479,0.496740875272074,0.938927082181816,0.963290310777178,0.739830207620838,0.479248368255613
"ZNF287",0.788016646336111,0.129604523773058,0.611144276266307,0.866893608393122,0.999933106198615,0.61364500981306
"ZIM3",0.985314217193924,0.992511306457091,1,0.538355593358499,0.56386734752449,0.662556722678385
"ZFP14",0.954371750449954,0.661247255786124,0.577598591608368,0.927654266877805,0.830485992507082,0.962693356039129
"ZNF473",0.990509622585731,0.839103781352059,0.961256501949815,0.792853088212057,0.955866113784084,0.999997993580208
"ZNF614",0.700436754174724,0.622868465296845,0.991561393149734,0.564823535804321,0.288389517543302,0.262693010394595
"POGK",0.237530424316405,0.472576727009266,0.999947194509774,0.999950146310201,0.505235102028781,0.642080089616808
"ZNF514",0.79938753090409,0.99949908578361,0.957844413347464,0.998741973416652,0.951655527431032,0.999998214228573
"ZNF300",0.985978095310354,0.916527232213823,0.989792002202969,0.783208956402023,0.959726361104611,0.998980545312661
"RBAK",0.257518400776284,0.678476536815522,0.990807226000639,0.985529060571958,0.718160693186852,0.917334588376673
"ZNF92",0.19659727884795,0.82515327424162,0.927826464145565,0.998484826535952,0.409750258410184,0.859469713662673
"ZNF157",0.96818741278762,0.838008025984148,0.979825572911473,0.868796565633677,0.790670741627716,0.639067164394268
"ZNF182",0.993640739689663,0.999998893525802,0.997797264268874,0.998099170220345,0.988215467726778,0.999533314240375
"ZNF673",0.673530299518497,0.882423135342052,0.999142201302576,0.646594767220658,0.999398571179034,0.995575247846526
"ZNF41",0.506290810308191,0.00408755145070772,0.181310653060508,0.381391899474699,0.99283514343655,0.319161608019741
"ZNF7",0.523676624577411,0.0354945545967508,0.495011286022996,0.753977305872182,0.307959479577581,0.0286987079947159
"ZNF214",0.95569489253379,0.845798543613177,0.745769547167892,0.94213085757294,0.850399695733668,0.994166414903596
"ZNF215",0.818602717144842,0.972511705356241,0.790683545271585,0.0831976141568613,0.567565257160485,0.193275830264646
"ZNF547",0.47149288563662,0.285688921280278,0.951023617305813,0.999985724712314,0.744394801489709,0.509091647059607
"ZNF773",0.997243030202782,0.719762518592032,0.881581046308067,0.701889073019413,0.892505862200412,0.99980616269243
"ZNF776",0.946828045801786,0.384944758298942,0.769696473395117,0.999928663739938,0.972128998514756,0.564766253203887
"ZNF256",0.958867406362372,0.998746627858358,0.969165000105061,0.962273226119768,0.882379529864713,0.996441789061817
"ZNF599",0.22831403337749,0.779748226581958,0.961878095291804,0.711232262141606,0.949024332834307,0.99999974266279
"ZNF18",0.993008474035387,0.967596131026221,0.997089990719785,0.913318295357208,0.8939463802541,0.848177455283827
"ZKSCAN2",0.984795324694681,0.744876585677439,0.931444306126872,0.982437103846528,0.948310105126861,0.721426894445354
"ZNF689",0.99999787241537,0.459348805868523,0.612931276121814,0.999622966340679,0.999713643713708,0.695758766657284
"ZNF19",0.731886991072802,0.577944727594653,0.980772078430144,0.840679761678863,0.515316747419587,0.39930271015652
"ZNF230",0.79336537626048,0.995852719738237,0.85922698577987,0.930469138670696,0.673305397315106,0.995168447950867
"ZNF222",0.706001020099993,0.997054894449983,0.949504034817176,0.991945470426196,0.756991774358592,0.984557252716065
"ZNF221",0.983095763955517,0.177215364919644,0.224073795285946,0.760972849926062,0.732508607446245,0.774962414479792
"ZNF233",0.98857649375389,0.980764131006832,0.999569978542185,0.616566607782978,0.638072985477561,0.664774967611605
"ZNF235",0.951792835701143,0.998346116896701,0.962733698811594,0.875522350889701,0.769167514471275,0.979910133313149
"ZNF208",0.91948076322155,0.946141246284094,0.820949193921522,0.970488043232223,0.853203818944168,0.999268510779013
"ZNF714",0.955337448843464,0.0236996569813153,0.165405736976518,0.976804412475228,0.901864949777748,0.056006472692592
"ZNF394",0.948897083269518,0.250401485455525,0.632442744211008,0.972133873627128,0.886413962997135,0.295994559203205
"ZNF333",0.921308547442418,0.998300198904937,0.992641756111369,0.982747865642862,0.881022590297688,0.980228271183702
"ZNF382",0.942806830804301,0.999728449621385,0.991164355920643,0.993495960034035,0.929391684545246,0.994218930559407
"ZNF577",0.96928441403735,0.991003741714624,0.999949012195155,0.632649366094858,0.592931390897853,0.717180874246303
"ZNF75A",0.999879042831792,0.848407058121717,0.924152678478763,0.88176855225514,0.922483452319499,0.662605326204936
"ZNF496",0.704372234740791,0.939434760142126,0.644502120471758,0.736261751536512,0.404819158504858,0.994068252261091
"ZNF2",0.979474491797737,0.867726460598666,0.810736399067904,0.138997931707985,0.475335594821406,0.161461412571107
"ZNF589",0.996267522017375,0.877354945798444,0.964807214762384,0.98495552418137,0.972801706692392,0.839861287442025
"PRDM9",0.982560303984643,0.989295673302787,0.999998616292321,0.984316465041962,0.999998214680933,1
"ZNF12",0.571863487278824,0.626973982139293,0.998867806854895,0.999946945746821,0.815688145574491,0.798641313414306
"ZNF202",0.804002749345375,0.999999769849652,0.936925752151499,0.999928260313175,0.932816070600528,0.999986414964876
"ZNF3",0.998447442544935,0.999883248311341,0.999954554981221,0.993861277570349,0.988645354256378,0.995526464376817
"ZNF606",0.59884113218288,0.992748834182167,0.933963859258674,0.377908569128356,0.980540887844519,0.803241246493847
"ZNF91",0.201505157988015,0.277187051378689,0.99760501369346,0.998573737711151,0.566133079529066,0.552904816158981
"ZNF226",0.934227540631236,0.877800415210015,0.995779354626286,0.944042073476763,0.99999810242796,0.997018167829475
"ZNF229",0.88696573412492,0.995738125525184,0.911052061266563,0.903786044330654,0.721123540143898,0.991368351796265
"ZNF180",0.970416688716801,0.835454336650034,0.761022140634103,0.999997414967042,0.990405309977372,0.906516234150889
"ZNF641",0.995907897881634,0.21106776709711,0.456803283319139,0.999251392003553,0.99992019018511,0.463924412024624
"ZNF610",0.985849615226479,0.957765502465056,0.918749343650918,0.188517438457689,0.530810819257252,0.284535759342881
"ZNF528",0.856278462869835,0.702589789149286,0.982451919105547,0.891710772180814,0.676089861889934,0.541573028886013
"ZNF701",0.0669178232388358,0.0615600581601636,0.96712121470462,0.990639817584888,0.187723556785286,0.12941945826827
"ZNF283",0.684946038630905,0.26359778000587,0.855028488882408,0.863276255652373,0.997976261351955,0.79487691855965
"ZNF558",0.9875508534727,0.615215023922151,0.857603762368052,0.959410907278719,0.923754294716764,0.564275300374541
"ZNF597",0.70745005259798,0.0218796756270458,0.300475232834819,0.999845259312112,0.894766033827539,0.110605679953
"ZNF30",0.983344532404389,0.999971312732793,0.992797610699444,0.82281419720276,0.78454492943208,0.942432770363093
"ZNF354A",0.731356659256058,0.999148062252573,0.861198820408962,0.399404796539931,0.95677922046941,0.632601678209638
"ZNF764",0.991926111745305,0.532095095047829,0.566274383809411,0.291387426354818,0.626947200346697,0.112649767444436
"ZNF747",0.407007894361694,0.848368407287537,0.339479371260628,0.873471172369648,0.953502927989005,0.654244848957412
"ZNF778",0.828929739753936,0.998741345562955,0.903445665578833,0.873112464781722,0.999999413175615,0.917870944214491
"ZNF212",0.999229956401415,0.584344184867084,0.770443653753586,0.422325955505587,0.56645296399893,0.180429919300284
"ZNF282",0.600371734502024,0.178972295733385,0.811242125467284,0.700031319405155,0.315461573112146,0.0964386537420168
"ZNF160",0.722669299517527,0.851701850186064,0.999996043096169,0.999837242128378,0.85157819925408,0.901828173327025
"ZNF415",0.836629743025206,0.999857475266601,0.929295652157401,0.941683089224147,0.998757136941456,0.969676512869831
"ZNF439",0.652208349759041,0.841769899666545,0.999806016161256,0.999499398439081,0.880012435227793,0.939544900275022
"ZNF440",0.52304977315091,0.906803033469237,0.985909078096699,0.794685823503555,0.994161089607654,0.99957885782361
"ZNF562",0.511925176422052,0.341991284020062,0.963031156770085,0.836956522572585,0.987175059190735,0.87564634809648
"ZNF561",0.741044683362528,0.686552070770145,0.402711626751913,0.292179539468649,0.16010267912,0.983454976293914
"ZNF584",0.840628698228184,0.905935173791653,0.999998978137605,0.941079860532994,0.99893416654065,0.999019748106508
"ZNF274",0.54227512872911,0.915038819449365,0.49925761827025,0.994963786785041,0.870008957895976,0.904858209639116
"ZIK1",0.96167172619788,0.975338388168428,0.911137782549128,0.999995079210671,0.983166711547234,0.989388084317624
"ZNF540",0.996282957302262,0.984635896228573,0.998815905681535,0.886897154569443,0.975813237568041,0.996105123978986
"ZNF570",0.148667391814312,0.574829261734995,0.984412473490042,0.999931680880304,0.396753325796207,0.719145539973857
"ZNF57",0.916864183656863,0.999265633144566,0.952509130872338,0.739342576548739,0.986066860893154,0.852828826378551
"ZNF556",0.955632474223324,0.580857689718761,0.513698606566247,0.837601297240556,0.991284258732305,0.39888857182528
"ZNF554",0.585701616917987,0.942701549048058,0.982717053751725,0.955305712299486,0.562638829016561,0.855392970892909
"ZNF738",0.999094813606971,0.978820619578713,0.99527594436518,0.817688382592949,0.861295006920333,0.797107699479822
"ZNF596",0.876278904772612,0.739570657653123,0.98532075429946,0.999177381135167,0.91959642538524,0.809008663569757
"ZNF621",0.990582431818514,0.992503847612544,0.999987789855696,0.939097275551075,0.909909465490951,0.927001892211638
"ZNF680",0.923200392840496,0.56124688989096,0.908052550245684,0.962395598090411,0.84229753939555,0.527733846894276
"ZNF483",0.995045867703495,0.999995838654766,0.998047427644672,0.939219525505795,0.924405094618945,0.981270289606389
"ZNF417",0.638761515146334,0.539730660441215,0.98722098749133,0.901605134151693,0.990085175359694,0.936213058036288
"ZNF791",0.686666812303742,0.0154541437250537,0.260582192520923,0.974503089719475,0.967908451932473,0.145193089647541
"ZNF519",0.992222320492965,0.893345050654438,0.978119904986175,0.849156146706308,0.837010274188791,0.681449392304979
"ZNF25",0.999162025693952,0.930395174220205,0.936666551191516,0.999975197875103,0.99991311413693,0.95792727385937
"ZNF77",0.793375989173501,0.760141039084437,0.499547357925252,0.999255804007957,0.944426022721414,0.824955498595832
"ZNF169",0.448932059886378,0.996348504736018,0.657551839331011,0.880083955348473,0.962720560863948,0.903499716026393
"ZNF613",0.812540625860804,0.825974494853399,0.999238773996602,0.585183084586053,0.373164809718873,0.415306842643256
"ZNF404",0.454950590428974,0.798027360025073,0.996223324234128,0.999528116133475,0.665707615675751,0.856951538819932
"ZNF135",0.934944038727882,0.298860803826144,0.705969814732921,0.872169551231771,0.997976497519141,0.818977599999669
"ZNF620",0.667364755419163,0.990214718528473,0.753603694350587,0.994891493693303,0.925150143041613,0.977123262429668
"ZNF619",0.0786608472693363,0.0421664949130468,0.918165829694915,0.85165919220101,0.675787040087841,0.388316864488737
"ZNF354C",0.752321767678155,0.0815503373868225,0.525023421757334,0.997395622937692,0.944201476704131,0.287892147961631
"ZNF114",0.293771093009062,0.966907547021879,0.418907566610989,0.403011550979265,0.999987036417487,0.475575718033915
"ZNF454",0.886685656263859,0.890583117560779,0.999450710980763,0.966946804375935,0.998708690829058,0.994821163990897
"ZNF543",0.870314064152701,0.497660379132018,0.909888240044097,0.824305266731252,0.6173924317283,0.332256026949388
"ZNF354B",0.967182765690709,0.855290247113103,0.77424951939135,0.142387417428038,0.511190781104875,0.157331070892323
"ZNF223",0.995042849712607,0.999947431476188,0.997114683789727,0.82435143506775,0.831134358955402,0.945117204836961
"ZNF713",0.904138154576347,0.910972853492317,0.999638549451296,0.977182151868746,0.852924586102644,0.853953422358711
"ZNF552",0.332848139279882,0.873380473108769,0.960380664468899,0.468785895471438,0.999898542983111,0.975873494708763
"ZNF154",0.819765843783592,0.794533806329727,0.551768574672147,0.993698737211404,0.842561249321216,0.94778033302955
"ZNF571",0.945695966865819,0.818229920296835,0.703724730029935,0.964326333566402,0.869721581096638,0.983778466066987
"ZNF443",0.995894854170751,0.611452344165842,0.822891925312073,0.714812199223092,0.753630164497999,0.336015964991752
"ZNF792",0.84087938860477,0.0430702583127721,0.332056474107388,0.909943394138613,0.684790507518366,0.0577109699247775
"ZFP82",0.947387279066767,0.999005533563257,0.995003660232776,0.97477844157856,0.889515985888832,0.978072373655229
"ZNF707",0.978556620928572,0.510300147170973,0.811595960137458,0.987648885838776,0.948717860080956,0.553882950252634
"ZNF746",0.977587267601718,0.701259751278237,0.92241151718554,0.998914895501248,0.998116570758717,0.874855531839937
"ZNF678",0.986130719794156,0.0260488168592077,0.140938197732351,0.99955485476222,0.998551838887634,0.129215777539774
"HKR1",0.999744138319771,0.452354934609503,0.577985919793924,0.993029128805559,0.992609324802511,0.758271365150034
"ZNF101",0.0889799711468281,0.887195439918196,0.759801795125981,0.999194783388022,0.380502790850066,0.963294635771637
"ZNF716",0.831933167557879,0.966197680749334,0.785628689526116,0.107285066775859,0.613797988580393,0.214000982218614
"ZNF708",0.452441830635456,0.047774138245003,0.605483080210039,0.949238284065501,0.919528863335091,0.313540420729405
"ZNF721",0.650723550782417,0.456527402598109,0.96783407337784,0.719611777796609,0.35824701227111,0.245896747665346
"ZNF662",0.981417468030133,0.722132174552647,0.926465874175805,0.776017511452133,0.739820263672682,0.456121717423565
"ZNF320",0.428773943774936,0.175731339442134,0.0453819463873066,0.546946278640334,0.999975475701702,0.0650221652103381
"ZNF530",0.182696675268121,0.997425774425775,0.4438300422576,0.928529342196957,0.758173627288889,0.939850762174006
"ZFP1",0.99090027942401,0.929088962828613,0.899161738467479,0.981022455604502,0.956504142052917,0.996403265637902
"KRBA2",0.849494097910106,0.035016839505088,0.032524253547964,0.77525418218243,0.551298404555579,0.412596095364004
"ZNF93",0.331884663669415,0.0520992344674054,0.711476510931045,0.715548461510292,0.186538351822072,0.0350181773212901
"ZFP90",0.652336750746404,0.664070008954349,0.997848305338317,0.997453187808074,0.905132251290711,0.86824622720538
"ZNF479",NA,NA,NA,NA,NA,NA
"ZNF445",0.303059004866845,0.464934458336833,0.99994281616507,0.906515244067449,0.885627259391458,0.900225283795909
"ZNF74",0.358103653723415,0.936846379375425,0.410198281383251,0.998146873054475,0.724948785880737,0.938359718530944
"ZNF829",0.124656981622824,0.318986132717614,0.999962243117457,0.97042120672079,0.595767041675587,0.716746360208502
"ZNF267",0.00532545920631955,0.693639179588341,0.504659282577304,0.992049218667825,0.116647385563609,0.90862552684688
"ZNF566",0.604973656123692,0.735378768489637,0.999986408388855,0.996696587278428,0.889470438916425,0.910581406317074
"ZNF224",0.988352094539441,0.999820649195757,0.992623705052214,0.944987730390731,0.910032445924079,0.988496373970842
"ZNF529",0.973710084412737,0.974988710980546,0.924159179264548,0.999941102766939,0.993725871044141,0.982884387680548
"ZNF284",0.212429320202527,0.397388752228999,0.999999231637902,0.836249598303934,0.87704247293015,0.908130459593698
"ZNF749",0.477518654112433,0.935769992273859,0.966591018321005,0.999999885656745,0.730019326516972,0.966127071459888
"ZNF17",0.490505231239129,0.968430626343744,0.943918172744608,0.801466153612513,0.322531962591135,0.759788366922293
"ZNF555",0.830186188716431,0.995175959921889,0.983874177795598,0.994737314956346,0.976111037217045,0.99999782611017
"ZNF75D",0.992873931963946,0.99999996556494,0.997847769893478,0.869621270185684,0.976814147015262,0.950910630683538
"ZNF197",0.664646760225734,0.200488304635595,0.802264733241022,0.996890040200366,0.914085396211657,0.482763556983075
"ZNF732",0.711838154720195,0.680820254770908,0.3803284519118,0.99953625799511,0.906698016241042,0.775879925433628
"ZNF546",0.581998831138901,0.983973014580813,0.673240930598038,0.96220294294293,0.574586074539285,0.999949114188101
"ZNF286A",0.055974783100691,0.988522305450326,0.4757621338027,0.999749401004143,0.28896711954847,0.997501372030666
"ZKSCAN4",0.186075123214058,0.202724344465412,0.989670721610923,0.925113666718449,0.224612471106453,0.202354800415272
"ZNF643",0.0856097487041411,0.08672142674808,0.976927264162633,0.927949402660374,0.136078910594577,0.106374514632449
"ZNF642",0.999998195481831,0.64231574582628,0.772579250921732,0.998995482153659,0.999654930713342,0.839112262073733
"ZNF490",0.999942229932417,0.896068260696247,0.948311043672615,0.999933675810817,0.999791725639937,0.934346904962438
"ZNF626",0.303382243469874,0.807382717278088,0.975244148454288,0.38316328699854,0.0703298672632571,0.279687305161661
"ZNF793",0.50847045586868,0.697500295530977,0.999998618002366,0.998750077366292,0.68413118688622,0.771618010422978
"ZNF383",0.751328769680945,0.899629429814943,0.999793053518558,0.996365130337383,0.948745123510901,0.978833739816189
"ZNF669",0.368294455504555,0.253999834507035,0.965009076573597,0.557961294582857,0.99917126538229,0.941563328186189
"ZNF559",0.882027660554268,0.986968310355927,0.996856126742423,0.799651343854154,0.606112737300602,0.809632337049181
"ZNF177",0.488971223845221,0.81731497291619,0.996548498656048,0.847075638025698,0.981673598007849,0.999261977022505
"ZNF548",0.89483386393038,0.526917230425415,0.910098768961171,0.966886594415279,0.823189889903009,0.509967236872234
"ZNF563",0.0726602075427236,0.978547948868291,0.216736837093213,0.922952564709343,0.573192134529196,0.878415013756354
"ZNF567",0.22840331295912,0.818434239176665,0.947145771917076,0.949839958554524,0.288021911939507,0.717045927757445
"ZNF573",0.235022298325938,0.23237921773497,0.987397272873966,0.964557040667163,0.753905951315939,0.637316448152178
"ZNF527",0.999505989832345,0.999823420874055,0.99906733746153,0.999853528150808,0.999996700046963,0.9994794525162
"ZNF33A",0.99998212673181,0.616276779448293,0.733105313912047,0.800060792091955,0.880256020087502,0.986948193952115
"ZKSCAN3",0.738987846702265,0.488256442759926,0.956304737324212,0.999831911857689,0.909789171885153,0.708599633619978
"ZNF676",0.0364932379391122,0.999997387917834,0.265879954955776,0.998894126624447,0.166807610889544,0.999776721231925
"ZNF699",0.163640218078627,0.325089765790626,0.999986958791912,0.999999640183062,0.447138650241769,0.538363463423469
"ZNF250",0.426689386641093,0.0935008940167456,0.76919734576924,0.873112781082519,0.343168077939708,0.0910237084342179
"ZNF79",0.998095944540246,0.758992145627543,0.792283295506263,0.974460150891271,0.968254633844509,0.962366446965244
"ZNF681",0.0382953816376181,0.184022894146746,0.999258619410927,0.975581953931542,0.112354964186503,0.241489707675261
"ZNF766",0.62513473415705,0.161083654367992,0.773019704271409,0.891148738764351,0.493833653821983,0.149227487981063
"ZNF471",0.985443449140312,0.84481182009649,0.804143975735194,0.995888707893194,0.999876789116179,0.853715966437907
"ZNF836",0.386014088754824,0.753372233171757,0.995584887912597,0.991532864236258,0.796502575611528,0.93655667883693
"ZNF493",0.411965335674521,0.0417667157794582,0.605092295049703,0.997813799442959,0.769255219371753,0.191150482751332
"ZNF167",0.829301646506072,0.858479782825694,0.625785646278964,0.785654504229708,0.999212979013576,0.587922165762462
"ZNF565",0.0240350689925487,0.0265234384565923,0.96510134909699,0.925509335794013,0.375029913719114,0.252145084609176
"ZNF34",0.998237182852542,0.562053050673441,0.769017247374183,0.893167122287591,0.90510800464497,0.435013781551203
"ZNF140",0.795857783172619,0.832177741986649,0.57066686953475,0.864103294612209,0.999974051677544,0.628668403596862
"ZNF658",0.971880902215499,0.4273612164207,0.419533420497408,0.925790061001563,0.855904779659459,0.863460751341942
"ZNF765",0.854489042270129,0.983990865421794,0.995811898087429,0.609626506211271,0.424597206814513,0.671381621507349
"ZNF124",0.0497726645216191,0.405108139830715,0.968672440982731,0.995750525342476,0.175487588580256,0.509865161410788
"ZNF569",0.998531128524701,0.589536819574136,0.66383299491185,0.943962069300852,0.988019983012475,0.518178281368312
"ZNF777",0.625576431188974,0.367923886472694,0.943410012070767,0.816437865475629,0.41816214409618,0.244930950656346
"ZNF605",0.996446143737047,0.832073336027393,0.836713553355377,0.432477661661522,0.724639544784477,0.327236132975537
"ZNF799",0.927481730186046,0.675453040017108,0.550914040401677,0.999453626160497,0.985581442456636,0.769717418959588
"ZNF782",0.410978903598482,0.710495508695636,0.998978759920564,0.697543397164432,0.216062600742372,0.393362701288924
"ZNF846",0.619089708518363,0.997901789664342,0.915755975691104,0.692641527384539,0.999999980862398,0.926395790933063
"ZNF136",0.956479854753362,0.214117704639886,0.574183038904211,0.996880701060977,0.997092234098736,0.500228233195584
"ZKSCAN5",0.53303599146876,0.977723802989825,0.944599979317117,0.938161865279047,0.956107688564937,0.99979587432782
"ZNF33B",0.808163297532287,0.416910317221996,0.8996478700089,0.985157161380993,0.983650837814043,0.762115718601596
"ZNF431",0.172302581054404,0.184043614888842,0.987976325583822,0.978709873574918,0.645032280689098,0.540794772079283
"ZNF418",0.969503927030143,0.542398288908507,0.849354651074746,0.640460368403503,0.928258379755229,0.995154177734142
"ZNF700",0.896143182290035,0.98992329110954,0.892662180837944,0.848446293693375,0.669111241079976,0.988547295558807
"ZFP28",0.913162507894265,0.949832416442846,0.999999250514107,0.956545741723499,0.999893650423965,0.999872815316161
"ZNF585A",0.661618009520748,0.994977773724707,0.945465543817296,0.999522859921835,0.883956568160393,0.999455922942333
"ZNF138",0.215551709133352,0.883242547146589,0.90303370678967,0.932086742318687,0.255526443680901,0.756079155472642
"ZNF429",0.908428474043229,0.0654513409121871,0.354397305329034,0.842229138432373,0.998137132524562,0.482029000267295
"ZNF470",0.995676144302055,0.303294112006642,0.566037938583415,0.990245259754936,0.999849717141767,0.642221081638338
"ZNF100",0.0338968614472287,0.0405751860380342,0.974981437024936,0.701671517505051,0.652608506342919,0.492460061089572
"ZNF398",0.910379691992248,0.985706210435197,0.889779763564988,0.98980553630746,0.995628961607726,0.962398672081499
"ZNF498",0.652737279773772,0.982987676066876,0.714314251022343,0.932538346769577,0.983956843780357,0.896555368327115
"ZNF441",0.613267705986334,0.573998363913764,0.993776167538609,0.998876472387703,0.872558871534334,0.797279475106612
"ZNF420",0.13463792877498,0.234479808777962,0.999172554447865,0.966517295817173,0.622357830962597,0.635807016677043
"ZNF763",0.959605810085731,0.512819069023253,0.845206233241935,0.990126696963356,0.999461088600668,0.813534116774408
"ZNF679",0.942804745841098,0.970016066598428,1,0.956582493984263,1,1
"ZNF682",0.102199659753332,0.999065408010515,0.492002749370313,0.48373900687069,0.0365129970347858,0.691763836217109
"ZNF772",0.888778217234035,0.99949371794433,0.98131178161953,0.962380378691547,0.809135891775244,0.974516322402049
"ZNF257",0.224703470496888,0.996163817010086,0.697713486160111,0.990875639211709,0.660235728328308,0.999989476354364
"ZNF785",0.382483743456623,0.906372184734995,0.958877519009057,0.89836231058592,0.931284377569659,0.999952945134496
"ZNF98",0.0511154799315522,0.996364961516962,0.411179424567843,0.844961105479486,0.599557130542243,0.978815950642559
"ZNF786",0.997579015803494,0.682026978358153,0.856529422933298,0.897694385050366,0.975901393887014,0.978577188115508
"ZNF517",0.961862600718886,0.571076659352345,0.877033094610725,0.86826187277624,0.778522221398798,0.417843088800739
"ZNF675",0.0566867284522949,0.267273407805459,0.997416548416477,0.980306913172788,0.149376934233896,0.327662491853139
"ZNF860",0.105909535146511,0.183298024049079,0.998297282165194,0.924517715333111,0.153907057183835,0.186535871798791
"ZNF695",0.00977548461488442,0.913076828740254,0.046406223956029,0.962302220721104,0.0429453121336132,0.997832182926825
"ZNF665",0.606141370399026,0.688073804949313,0.999633280233937,0.93726119441746,0.973959775429197,0.965491997241022
"ZNF624",0.870493302582538,0.155732372372097,0.590062448400894,0.999866210217172,0.961648190632149,0.369281290000006
"ZNF841",0.890369829027096,0.563323699014262,0.928993121331233,0.774534397262305,0.592369454506538,0.341768699475801
"ZNF615",0.710459646946488,0.940063632575961,0.995768037438689,0.855036923268705,0.514181964623996,0.750083150768615
"ZNF433",0.995774541086231,0.98124143575214,0.998437607758236,0.991333458118592,0.999893775033931,0.999662314934884
"ZNF595",0.95411240261011,0.643112446915716,0.921491842605816,0.539148038060678,0.489755121564217,0.261438648968543
"ZNF460",0.506786889195641,0.998076272238094,0.867335755823132,1,0.752899366191959,0.999059261363742
"ZNF81",0.84032250516333,0.270019314766497,0.767126171250452,0.966191132006313,0.995964622298771,0.676658043787917
"ZNF780A",0.939805348025505,0.200424253461579,0.581117889737482,0.999955898847447,0.9827039709336,0.419416938422838
"ZNF461",0.932534866526285,0.984461820069,0.999658984877327,0.997646648519861,0.992419375748324,0.998771416985688
"ZNF181",0.978636893689531,0.838309599443829,0.780982446539202,0.437831582944427,0.800795005151395,0.335590078848727
"ZNF44",0.887048864130426,0.961309854189818,0.817812791964577,0.930176470033862,0.999976249904802,0.853501321910578
"ZNF790",0.645033612266715,0.77068119544468,0.99999472415218,0.998690278223269,0.774145581547335,0.82324412037835
"ZNF677",0.306021317521572,0.515038478091032,0.999999606386442,0.998346066082408,0.67824332403844,0.764044714360719
"ZNF823",0.971987651163073,0.971193126537568,0.999831643945273,0.999452806832353,0.978061338291102,0.973855400731335
"ZNF311",0.998414618955544,0.926607578628216,0.978147644360221,0.992006082249829,0.986455012788234,0.904384947864852
"ZNF347",0.415981875906492,0.238531722505068,0.943969108864539,0.863521004002582,0.960413606461366,0.769547451298598
"ZNF273",0.0571538051258805,0.999293299123377,0.386569228199384,0.999975462641021,0.246742635660907,0.99926873934219
"ZNF84",0.984406492350836,0.522412433325693,0.529201698518104,0.932787339406037,0.996421289901288,0.451012891628157
"ZNF667",0.969954856998785,0.965932715171582,0.90568103106457,0.716869359035539,0.955543146128193,0.693294148019515
"ZNF649",0.821525008155846,0.3209803989409,0.827100533270726,0.474674433821341,0.307056547836407,0.0995503319472356
"ZNF248",0.848761082731285,0.870961913943897,0.999669101753578,0.929082781969102,0.999638778134135,0.997888213295447
"ZNF544",0.755279969016441,0.998763448949077,0.952919827790658,0.320286951283069,0.180570612298849,0.559764715269843
"ZNF251",0.998013711758534,0.00716711831040939,0.026491991329024,0.620185090254124,0.840063051747095,0.00525944338748874
"ZNF607",0.999151468948623,0.998599246321401,0.996388110494907,0.731346191716378,0.889854410459954,0.836960651656455
"ZNF334",0.340371546793301,0.641232227267322,0.999153135504941,0.997544997049998,0.535402985262249,0.714782074194984
"ZNF485",0.205563242487626,0.989348640258493,0.723010939633486,0.999488971992205,0.442024967298677,0.988231602545826
"ZNF192",0.225496253202164,0.0164112072805859,0.571410936658521,0.971501158492117,0.728367445253475,0.153818639702065
"ZNF442",0.856160452422654,0.745260835959849,0.989513697407264,0.988465559419988,0.845826938461114,0.741770367946558
"ZNF813",0.516454632328865,0.0539385945783736,0.588699753054088,0.947373663388446,0.498608356498869,0.0822020832744897
"ZNF26",0.906432803288451,0.725548707034689,0.975187497720404,0.919142707901952,0.999996191658566,0.981066446558642
"ZNF69",0.632937186858998,0.318877267177075,0.916578788299397,0.786739527839016,0.999424453642079,0.888787261765054
"ZNF583",0.991205346073481,0.152316214995142,0.217398205482922,0.997180645466905,0.999949597626776,0.272414917341862
"ZNF568",0.665607615361321,0.529310803031361,0.981890232233707,0.999991749164367,0.858332648310638,0.719885527684757
"ZNF480",0.596618524146519,0.164813227470963,0.794570323440917,0.970458465335938,0.604748814136725,0.215217899932582
"ZNF587",0.984323002446621,0.579091458325178,0.843676010863524,0.999855812291554,0.997306209340652,0.77373793925059
"ZNF808",0.999120955528397,0.985193153922676,0.997146163990312,0.968863224323033,0.993774317689645,0.99998101365934
"ZNF43",0.99869989697646,0.0928929604779208,0.255286951633571,0.8466304933319,0.876172029334163,0.0829140611763614
"ZNF28",0.0446873140560762,0.1205818655111,0.99970960437112,0.792498979186675,0.625248627740011,0.661261577426979
"ZNF627",0.99865443883501,0.134238196767447,0.232051791045865,0.750246876698267,0.905872246130165,0.0852018339903137
"ZNF789",0.887251883831782,0.469121383797277,0.884681371519425,0.974925939666572,0.99770532195767,0.825019401086959
"ZNF534",0.997469480567335,0.99691104515918,0.999970181420209,0.999998687054924,0.999303546935884,0.998762997700329
"ZNF525",0.27814623958498,0.964954016715482,0.853563536671162,0.66673122496933,0.141798708436978,0.656052470024272
"ZNF814",0.590135374963318,0.389819403343573,0.961057738220065,0.996417321791568,0.710163207624813,0.502090355857182
"ZNF551",0.0513533756414337,0.34986247551826,0.983710041251561,0.833650772771907,0.611955018708763,0.882625314425106
"ZNF805",0.947997826425907,0.978457623414144,0.999992281878794,0.772604259865417,0.66683463848646,0.76416118183679
"ZNF468",0.334711051783308,0.772580969641397,0.988242567270815,0.742677563447024,0.97558486179327,0.999934978216591
"ZNF616",0.281194864568561,0.128325950880523,0.911849400952337,0.988962667574628,0.424346501590485,0.210844262922452
"ZFP57",0.732413795276246,0.68034345499363,0.392569552979119,0.962398014560581,0.683457989559195,0.947054094599913
"ZNF155",0.958281133547484,0.999999716842387,0.98683137928279,0.996869809239225,0.997327128701396,0.998796623655042
"ZNF425",0.994112614797102,0.804443453147307,0.800807804412099,0.890434695344095,0.87897157215389,0.996434829444422
"ZNF611",0.0570104673249515,0.122059435346408,0.998638118553063,0.409040949689826,0.921678741347689,0.895551900407319
"ZNF254",0.989826072080947,0.166183529743641,0.425975567591257,0.846931328802615,0.825799356879943,0.133186353734882
"ZNF625",0.107026841450059,0.99308536262202,0.314291122117859,0.999450830714894,0.312495755023703,0.99915572089079
"ZNF845",0.90036702340312,0.309142444883121,0.754697272500888,0.999226758083416,0.979633514698984,0.573490705110403
"ZNF90",0.493701478906436,0.999924087545934,0.763164770605757,0.822696865756888,0.34093111065843,0.945962096928491
"ZNF788",0.129482250233472,0.983811192762691,0.307275687705929,0.450380506929591,0.0399916115522569,0.877497236571876
"ZNF880",0.987266219754565,0.511119305032509,0.789718483767734,0.928086770886923,0.890300263370063,0.436483911623127
"ZNF630",0.992770991546332,0.815132160838223,0.803438659656055,0.987877789888368,0.969197427367429,0.96576741323082
"ZNF844",0.694840038463476,0.288960128228549,0.870757220205796,0.999809104050183,0.890531263744459,0.532274907925396
"ZNF717",0.0219106041619989,0.998504840800173,0.170417347240171,0.801536684980742,0.49048674779642,0.875437373148622
"ZNF492",0.206898655414482,0.998278096100366,0.482055671668581,0.954748233758364,0.743966595527284,0.961206735368271
"ZNF688",0.318680839292667,0.203718618936084,0.955798778535021,0.928141399610064,0.874463204185095,0.659856307757146
"ZNF879",0.938459612904276,0.998782717070239,0.994181604523003,0.875317492246104,0.749414891352231,0.919538003708771
"ZNF737",0.442021240309735,0.454781167272552,0.99522619815078,0.711520336848238,0.238697357250459,0.240976879739053
"ZNF709",0.70515912064013,0.943702221310047,0.652661461957974,0.980633625692738,0.711007114817604,0.998060881257019
"ZNF585B",0.606198255982129,0.63470901750202,0.998164357820763,0.998256280402102,0.876892334125614,0.84390283291318
"ZNF324B",0.977987947420354,0.451597605514396,0.452994064204001,0.952150207056285,0.999222146593148,0.425014465496202
"ZNF564",0.984209361256682,0.833090954793894,0.790112230030871,0.894017106444395,0.990387412130223,0.659973352502451
"ZNF674",0.899642988613432,0.729858056400244,0.565353332658459,0.995287041834275,0.989859311373932,0.76284378649331
"ZNF432",0.553206120205452,0.373650898824792,0.964213504578012,0.791657659709922,0.3523040894802,0.2348317049178
"ZNF10",0.599310194344585,0.986815101158857,0.948593265803814,0.998575418860074,0.869764218326181,0.998653942907166
"ZNF486",0.0747967306313335,0.998684191964754,0.444147219610427,0.999011782182121,0.249498261750273,0.996317213756836
"ZNF225",0.316308429610599,0.438381044053335,0.999532155715464,0.502775020440532,0.999146548683608,0.996142410673394
"ZNF350",0.0727026795321724,0.993282200256265,0.494504997320919,0.999358464812208,0.251941030535508,0.991114734630205
"ZNF253",0.120754843309523,0.0810050853509142,0.948980196318334,0.999601532106528,0.337889228636304,0.201646711377942
"ZNF878",0.745622251857665,0.990754319219569,0.803197721386345,0.942198646279744,0.992705591883617,0.924185337415504
"ZNF727",0.893102503338993,0.466385412935655,0.351821573748481,0.985127855659741,0.995675639758005,0.509413385101712
"ZNF578",0.975277309385431,0.971105954515953,0.920175259869535,0.53280150497024,0.867931072498559,0.578681423235654
"TRIM28",0.605887014740505,0.460539200396613,0.977338213076432,0.999540956440063,0.85561833822516,0.699557687126055
