"gene","p-adj-Esophagus Squamous Cell Carcinoma-Esophagus Adenocarcinoma  NOS","mean-Esophagus Adenocarcinoma  NOS","mean-Esophagus Squamous Cell Carcinoma","SEM-Esophagus Adenocarcinoma  NOS","SEM-Esophagus Squamous Cell Carcinoma","Q1-Esophagus Adenocarcinoma  NOS","Q1-Esophagus Squamous Cell Carcinoma","Q3-Esophagus Adenocarcinoma  NOS","Q3-Esophagus Squamous Cell Carcinoma","count-Esophagus Adenocarcinoma  NOS","count-Esophagus Squamous Cell Carcinoma"
"ZNF195",5.8665616808895e-10,593.650858139535,342.263056470588,31.7998933570632,21.0845934396652,396.2257,221.9294,735.281675,418.7594,86,85
"ZNF263",0.196659295884853,578.68988255814,547.033154117647,17.2088431862507,17.3289829121941,464.305125,440.5298,680.701225,626.5054,86,85
"ZNF200",0.969340521496004,239.062788372093,239.569448235294,7.59020328309632,10.7852438331165,185.89305,171.8858,286.773175,262.9538,86,85
"ZNF582",0.612383131614768,11.5660104651163,10.4069105882353,1.80291724171201,1.39562368950643,2.44675,3.3076,13.49595,11.7028,86,85
"ZNF285",0.45531259667616,13.118,15.4909611764706,2.39954514876359,2.06879384595853,2.440075,3.6914,13.741275,19.6532,86,85
"ZNF275",0.154823815663121,812.065703488372,734.220089411765,35.6902673532217,41.2092799085835,595.569575,448.1978,1009.5426,869.2308,86,85
"ZNF37A",1.02593826635244e-05,608.299079069767,460.653885882353,23.5094331517523,22.36385419491,457.1846,291.9408,738.639775,581.9168,86,85
"ZNF510",0.236716019932316,349.03308372093,321.358510588235,12.6965883909769,19.6099490900994,259.975425,221.1921,419.274875,389.6509,86,85
"ZNF506",0.000161327492890995,531.044358139535,340.651941176471,41.3937386650192,26.6047637282587,305.382625,195.8585,676.801775,392.4507,86,85
"ZNF324",0.00796798331827309,186.019734883721,237.251797647059,5.84072388833123,18.2583704616179,148.0128,166.4468,213.9328,261.7325,86,85
"ZNF671",0.00855082647431327,75.5422325581395,53.10632,4.91860942818718,6.86881075124077,44.96015,20.7303,101.804625,63.5838,86,85
"ZNF416",0.215489517987448,113.204875581395,103.444589411765,5.16923795120681,5.91626815734611,80.795575,57.7864,134.06255,125.2593,86,85
"ZNF586",0.0559417445289501,233.198745348837,203.342089411765,10.2753477126941,11.6350837820049,172.0832,130.2752,279.30595,255.7628,86,85
"ZNF446",0.00420594523987095,167.926752325581,219.637034117647,7.60382846507691,16.1907117798079,118.81845,145.4947,198.246625,241.7976,86,85
"ZNF8",0.026136438693839,251.499224418605,215.370928235294,10.1978482533198,12.4829722844011,176.227275,138.0055,312.46295,269.573,86,85
"ZNF264",0.172310691994284,1214.68671860465,1108.42963176471,50.5779881541033,58.8402668717501,910.3212,690.9648,1426.811675,1491.2451,86,85
"ZNF213",0.000160405857097867,642.504074418605,804.962890588235,25.0365729091117,33.9033137140739,480.302975,607.3105,799.65425,953.3273,86,85
"ZNF343",0.746156135560371,303.156819767442,298.338645882353,10.76319968677,10.2383195069784,227.461375,221.7671,366.740975,352.8628,86,85
"ZNF302",0.0536853121666603,442.083490697674,369.815875294118,29.8964493746123,22.0173450026834,283.238125,232.4696,499.06725,479.3732,86,85
"ZNF268",0.268639502597531,364.069212790698,399.093070588235,22.3632638355579,22.2625678632291,223.661,278.8945,470.637525,483.6697,86,85
"ZNF184",0.562445630703912,228.556596511628,237.778128235294,11.1350526047635,11.3365903601052,166.4303,176.5705,261.90195,281.9836,86,85
"ZNF500",0.00121416982194889,224.426474418605,263.892561176471,8.75126661262783,8.19025039382561,163.89325,213.5383,272.0963,310.4605,86,85
"ZNF419",0.106915281808467,87.5832802325581,76.1318082352941,5.10645727633491,4.87955024392939,58.228425,46.1711,111.400075,97.6891,86,85
"ZNF175",0.333708280106785,151.640262790698,137.826745882353,10.8693418347969,9.19119381426862,87.372675,84.3237,190.1866,186.0864,86,85
"ZNF14",0.528614507185025,164.04406627907,153.976462352941,10.0933252415467,12.3663135215657,101.123425,93.9365,201.51145,186.6339,86,85
"ZNF85",0.412071972952071,51.6511290697674,60.2564976470588,6.24141113019506,8.42217365958532,12.93425,16.8807,67.6334,81.2111,86,85
"ZKSCAN1",0.000108450460113874,2517.69984069767,1558.46510117647,224.091979235594,88.4721915817831,1435.14765,978.2911,2769.1231,1992.0986,86,85
"ZNF862",0.602219823250038,410.766248837209,387.321144705882,29.7842759579197,33.636424561,199.460225,179.4132,539.586125,495.2689,86,85
"ZNF684",0.0746819897651065,64.2108174418605,55.67768,2.65242990224654,3.96256862134038,45.171775,32.6514,78.725675,68.5233,86,85
"ZNF430",0.214409848899071,169.097962790698,186.379114117647,8.70571031649785,10.815396565097,125.247,110.4587,200.716125,235.8984,86,85
"ZFP30",1.08640905032154e-05,89.3793395348837,155.776734117647,9.65895110966497,11.0162796794778,23.410375,87.969,134.35465,211.9948,86,85
"ZNF549",0.151827349171015,133.656920930233,111.762227058824,12.1894804511936,9.05112407369083,47.086725,49.9849,186.059925,164.5367,86,85
"ZNF211",1.85002085552055e-05,241.294840697674,168.980548235294,12.6618241552213,10.4014036333114,169.211375,97.4637,297.76795,216.3222,86,85
"ZNF205",0.000346378097056288,238.995647674419,288.45532,8.21334291538493,10.7931937014484,179.4377,214.8913,283.444025,369.8312,86,85
"ZNF45",0.00219057650086196,255.568589534884,202.777347058824,14.4651640270586,8.78488770271209,188.5423,150.3376,287.999875,245.2731,86,85
"ZNF133",0.00288855991793258,297.943368604651,364.9224,11.9094267868761,18.7443771556467,218.9127,260.8,379.3627,418.5448,86,85
"ZNF436",0,461.954055813953,971.380035294118,22.4596584812256,45.0025593691341,333.227725,688.3158,556.77195,1217.7821,86,85
"ZNF484",0.00845292611897952,152.46211744186,184.480596470588,5.97345647971769,10.4670346629019,117.30615,109.3117,179.16125,241.7653,86,85
"ZNF780B",6.42937206807304e-08,435.970061627907,277.985843529412,22.0045134427957,17.1232015099372,309.11675,172.6974,560.0958,347.3449,86,85
"ZNF557",0.749946646225966,190.312643023256,193.864905882353,6.64515813403014,8.94872519108401,147.09485,143.0464,213.1581,233.3998,86,85
"ZNF337",0.0711488157485015,402.703556976744,459.847207058824,19.5256766246274,24.7303652362394,273.02855,325.0191,494.446775,546.3943,86,85
"ZNF317",0.274316865158071,957.602422093023,917.463745882353,27.5308310855341,24.0685223788765,744.159075,770.7523,1081.230125,1045.5277,86,85
"ZNF426",0.533523408111147,212.373902325581,232.339394117647,21.114968947973,24.0764953812243,115.710525,109.1937,226.752925,280.4411,86,85
"ZNF331",0.302094624464548,250.274672093023,293.457962352941,33.5796477713313,24.6288963347827,43.461675,132.5967,313.5486,377.3279,86,85
"ZNF227",0.0126251682656505,278.801039534884,235.215555294118,13.8280294306545,10.3275625392292,196.9449,169.6397,308.974125,276.6743,86,85
"ZNF141",0.00853669114316558,60.2446651162791,84.2119588235294,6.28575686039538,6.45128666005817,12.696975,50.5757,86.787175,98.4629,86,85
"ZNF304",0.631399041721502,305.410047674419,295.796931764706,11.6985985002398,16.2682800025956,241.27265,183.2768,360.09325,378.2755,86,85
"ZNF132",0.245184426265603,50.3552511627907,57.7012141176471,3.71095611036538,5.10391839052868,29.939875,28.6917,62.757625,66.789,86,85
"ZNF20",0.000413426124017957,110.049174418605,89.4036411764706,4.18347421003205,3.91206417178672,86.55585,68.0024,127.079975,111.1425,86,85
"ZNF670",0.0991243182203241,98.5629313953488,86.4582764705882,4.82533177472213,5.48435764400871,65.6381,56.3378,129.668625,106.5788,86,85
"ZFP37",0.00154279220908493,49.5965418604651,74.2629458823529,4.93847136410372,5.8690476529221,18.3162,36.9942,61.65765,96.1134,86,85
"ZNF189",5.32890398474706e-11,605.172754651163,387.161389411765,25.0991387645896,18.2384381521592,434.74625,274.169,766.6345,477.2031,86,85
"ZNF434",0.561415830768799,346.454389534884,354.767481176471,9.60323131752075,10.5876123412425,289.666175,282.2445,398.28365,433.7995,86,85
"ZNF287",8.85236328684869e-11,35.3996813953488,79.7313564705882,3.68880094603748,5.25100997640597,10.396725,45.994,49.0031,97.1019,86,85
"ZIM3",0.0662098646870748,0.0463976744186047,1.09717529411765,0.0177896887529874,0.571375601942833,0,0,0,0,86,85
"ZFP14",0.530443020815492,155.278075581395,145.534201176471,10.6932524317185,11.2264977398037,81.4691,74.3802,208.83385,182.2738,86,85
"ZNF473",2.06710824346423e-07,392.993137209302,280.236391764706,15.2713788179962,14.1351701480818,280.804225,198.8677,480.5063,317.8454,86,85
"ZNF614",0.043998778831093,287.162445348837,223.225023529412,25.0527049026893,19.0233230474835,122.01235,110.3086,396.7384,309.708,86,85
"POGK",0.149208187733665,1917.5872255814,2071.21149294118,60.8096483014749,87.1125513525486,1486.05915,1645.5948,2302.6365,2354.8387,86,85
"ZNF514",0.0111998899182389,294.736534883721,240.779835294118,15.4541251605432,14.2607710036885,190.54535,135.2681,375.355925,288.2473,86,85
"ZNF300",0.418773664211581,109.537418604651,124.916115294118,10.5038129365916,15.8524243127376,30.704775,62.4819,155.80225,148.1078,86,85
"RBAK",0.00220615620460085,755.635625581395,895.027372941177,27.3312463435903,35.6328693919924,604.7309,651.0121,850.21665,1072.2327,86,85
"ZNF92",0.21744990221359,363.754851162791,313.717687058824,17.2409437289234,36.7249398949356,254.068625,189.4467,443.1394,378.5158,86,85
"ZNF157",0.0526960744596732,1.52053837209302,2.59970823529412,0.385190166210754,0.397037389017589,0,0.3258,1.22695,2.928,86,85
"ZNF182",1.92180365510275e-07,228.328102325581,148.154058823529,12.9030625948621,7.07310921580844,158.960725,101.6129,273.56075,183.3265,86,85
"ZNF673",0.270528576403742,182.541603488372,168.753023529412,9.16977117296367,8.44584787386929,126.276325,115.0466,215.8487,188.0508,86,85
"ZNF41",0.000393645769599438,339.251011627907,257.197285882353,17.1040989693658,14.8758951365764,238.4149,189.3388,397.079975,288.9543,86,85
"ZNF7",0.00355295615300821,458.808558139535,540.804275294118,19.2297387680702,19.9877459235163,338.325175,425.2477,570.517775,636.4734,86,85
"ZNF214",0.000710794869777764,36.5838697674419,22.6748564705882,2.84933254182335,2.85398471417924,20.323475,6.7291,48.998175,25.6841,86,85
"ZNF215",0.0142548569643982,79.1915732558139,55.5196152941176,7.51785770304495,5.88135322006314,14.1886,9.9464,130.63025,81.8349,86,85
"ZNF547",1.88849907378774e-07,55.5741372093023,34.5204717647059,2.84248891412668,2.62897197554333,37.07115,18.1603,70.901125,44.7298,86,85
"ZNF773",0.0824261092906696,77.3858220930233,65.6392776470588,5.11162072228448,4.35728210036591,41.991675,38.3286,106.761925,81.9125,86,85
"ZNF776",1.95039777387551e-05,454.080555813953,349.516027058824,17.0603109792395,16.5748809566847,341.740725,233.8292,537.3695,455.5736,86,85
"ZNF256",1.31383548485076e-09,40.9750325581395,101.955836470588,5.108915366901,8.03246366952352,8.490825,52.9961,48.3623,144.4322,86,85
"ZNF599",5.90338655959144e-07,55.1213720930233,88.8412458823529,4.11723415969088,5.03129856672547,28.471575,57.7957,70.931475,109.6777,86,85
"ZNF18",1.72806213782906e-12,140.847846511628,212.987707058824,5.21422243618453,7.93135851586694,100.429425,170.0876,169.99595,244.7922,86,85
"ZKSCAN2",0.114692501167032,148.323295348837,168.140407058824,9.14026204102989,8.51548772585977,93.1666,112.1172,167.849925,196.9972,86,85
"ZNF689",0.0582399128732748,201.273056976744,174.871328235294,11.4796824959923,7.68488087803822,139.5088,130.3762,224.602875,209.2743,86,85
"ZNF19",0.00103925076535094,52.0357511627907,40.6064329411765,2.67663711520632,2.12843010947305,31.464175,26.2288,69.42305,50.609,86,85
"ZNF230",0.000586281375910991,86.1109697674419,66.6504023529412,4.28384561946465,3.52391246236505,65.890175,47.4085,101.053125,78.4421,86,85
"ZNF222",0.000111419437836657,34.25445,24.2436352941176,2.04017530580467,1.48787090788717,24.229,15.4278,39.10815,29.868,86,85
"ZNF221",0.314103563015557,33.3863523255814,29.0201635294118,3.37861428164386,2.68983667900947,12.552075,10.4582,41.22635,40.0589,86,85
"ZNF233",1.6937841296194e-07,41.0521372093023,18.1251223529412,3.86604824616594,1.59804923705744,19.15455,9.3054,44.71225,22.8305,86,85
"ZNF235",0.000777928765719249,95.3920290697674,72.7745352941176,4.98141528443305,4.33350430513761,63.596925,45.7586,114.43215,85.8262,86,85
"ZNF208",0.937434563985861,39.4055279069767,37.9908094117647,14.1061343896062,11.1346031088168,3.545475,3.4682,22.69155,23.1129,86,85
"ZNF714",0.0254023896761518,392.318236046512,312.644434117647,26.1228745990675,23.7534100238682,224.2324,153.2282,511.590425,438.3874,86,85
"ZNF394",0.255116857740814,593.786469767442,515.748365882353,41.3556826052831,54.541861636797,407.79525,348.9117,657.554275,538.4833,86,85
"ZNF333",0.0672549615767928,156.519808139535,177.507987058824,6.41782718925804,9.4457614849478,115.037025,117.4461,204.9485,218.9758,86,85
"ZNF382",0.110659061518365,22.8415546511628,31.2929847058824,2.75213158244541,4.51092193815835,9.28845,7.7178,27.809075,33.8271,86,85
"ZNF577",0.822056239679292,94.5816220930233,91.4820047058823,10.2660515577508,9.14864430854707,30.9083,41.2371,139.13945,115.8194,86,85
"ZNF75A",1.00003646374969e-06,179.497109302326,278.845841176471,12.8151091394462,14.8044488354056,94.877025,175.0613,218.83455,340.8962,86,85
"ZNF496",0.0176286018351826,400.958630232558,482.302281176471,18.0369567876772,28.8502845913655,296.765025,294.0096,468.277875,612,86,85
"ZNF2",0.898790368857695,109.539755813953,108.826948235294,3.23214887566269,4.58136422453392,85.90195,80.0991,124.619825,125.953,86,85
"ZNF589",0.573007489494876,268.080877906977,281.781895294118,13.5034692990185,20.2210252152604,175.381375,171.8737,317.80315,333.5171,86,85
"PRDM9",0.409840750369992,1.35591046511628,2.37876470588235,0.811763873646899,0.935997554333912,0,0,0.299275,0.7754,86,85
"ZNF12",0.499346359534358,1034.20133023256,994.978214117647,40.5850101024145,41.3552438845356,754.230925,706.7805,1266.77235,1189.0507,86,85
"ZNF202",0.0621999591502151,285.316459302326,257.533035294118,10.1559095937223,10.7714376942732,224.75095,188.952,335.03895,294.2577,86,85
"ZNF3",0.01323624884955,864.509753488372,705.471857647059,50.7499685527405,38.0208486186566,608.4762,482.5667,954.4273,827.5011,86,85
"ZNF606",0.0147994372932536,153.195820930233,206.264311764706,15.9073014453317,14.5207925584328,29.65305,109.8266,198.73535,274.1861,86,85
"ZNF91",2.29793961636915e-12,656.901304651163,293.598057647059,39.2954690559301,27.3937533630435,433.585325,110.253,853.4299,411.9471,86,85
"ZNF226",4.32450435461362e-08,256.521226744186,169.521985882353,12.3275957603286,8.77381605363929,178.3467,109.2896,275.282425,199.1916,86,85
"ZNF229",0.592340557826338,64.2320976744186,76.6637494117647,18.1438500610149,14.3635861420342,6.0004,6.6042,32.581175,71.7376,86,85
"ZNF180",0.0411440676302378,204.504058139535,179.291856470588,8.88537990723326,8.42954612619013,151.995,134.3939,228.253775,204.8485,86,85
"ZNF641",0.00888705998518136,168.43378372093,198.954769411765,5.88572614344764,9.95240680222361,134.4224,142.3476,202.544875,249.253,86,85
"ZNF610",0.809065759767718,17.0556465116279,17.9281905882353,2.40557644581585,2.68853128939013,4.038025,4.7839,20.319525,20.5473,86,85
"ZNF528",0.150712239636937,106.57491627907,145.640205882353,19.8850829713938,18.3349244395426,20.8467,47.4035,100.657325,189.9777,86,85
"ZNF701",2.00956072782255e-07,138.426195348837,73.3438905882353,10.1365608873677,6.37138838615043,60.40015,24.3121,183.431125,112.2708,86,85
"ZNF283",0.000394047371129136,87.7697151162791,67.1170188235294,4.51357515061877,3.48450025501067,62.509175,43.3267,101.367375,86.4296,86,85
"ZNF558",2.03681516097731e-12,297.137184883721,491.748476470588,17.4376931658434,18.8149322177687,197.88705,372.625,376.06725,572.6418,86,85
"ZNF597",0.0451213090832639,68.1745290697674,55.9342564705882,4.89841039865005,3.55562147561278,30.294725,31.8408,97.624825,74.5857,86,85
"ZNF30",0.000863955045158793,100.616388372093,66.6662129411765,8.52657822627079,5.18912390209013,55.435625,38.776,118.089325,74.5131,86,85
"ZNF354A",0.139409963329099,254.739729069767,294.992364705882,19.9163395629368,18.3670002234688,156.9591,182.455,284.497275,359.2437,86,85
"ZNF764",0.000523976025940009,228.544701162791,172.414911764706,14.1825602293767,6.99968823698587,148.37785,129.6296,257.823675,207.2727,86,85
"ZNF747",0.0013666473248003,187.909104651163,229.338147058824,8.41557867260727,9.55695911451457,138.938775,166.6004,224.8674,289.896,86,85
"ZNF778",0.054402501998625,96.396588372093,109.422972941176,3.72157407111929,5.61937671718814,69.644575,77.203,113.213675,129.6963,86,85
"ZNF212",8.14514840760117e-05,236.88236627907,307.313250588235,9.82840437439521,14.4515265269151,182.94805,219.1508,278.6422,369.5025,86,85
"ZNF282",1.03327009715048e-06,824.754077906977,1098.53787529412,28.8131771963365,45.8226496586954,659.07365,835.9937,950.1682,1272.8355,86,85
"ZNF160",0.385042218711819,487.021784883721,443.594077647059,41.0778825841424,28.0782752818249,262.697775,276.5832,622.404225,527.2851,86,85
"ZNF415",0.780659157594842,47.4558093023256,51.5816211764706,13.3428546049727,6.25698346166746,8.362775,14.0831,37.361775,74.7179,86,85
"ZNF439",0.194429312814429,43.5692674418605,54.2574058823529,5.17203891602312,6.38115449827018,14.517625,14.8,51.055025,72.9189,86,85
"ZNF440",0.504070872300192,469.386653488372,447.783827058824,21.7198876312303,23.8831928310168,332.88465,289.6815,597.505025,554.4,86,85
"ZNF562",0.429749909222376,722.823102325581,688.326081176471,30.0019816224589,31.629563770604,524.2488,525.4328,874.533825,774.7692,86,85
"ZNF561",0.0134892935997272,532.607352325581,615.288107058824,19.9277022893352,26.5139039082646,459.931825,466.4992,586.5369,674.6376,86,85
"ZNF584",0.000220558452881936,168.350270930233,230.998829411765,5.58556770346869,15.7037819977435,129.451325,158.0287,195.248175,249.1776,86,85
"ZNF274",0.043924798407087,338.941952325581,404.807614117647,25.356167935894,20.1734922202032,203.1229,268.4693,390.6425,471.8739,86,85
"ZIK1",0.182216609310724,20.7202802325581,28.1788305882353,3.5811160677137,4.27119061860501,7.28205,8.2492,22.09405,25.8674,86,85
"ZNF540",0.943340555167701,23.253288372093,22.9637847058824,2.32756788949636,3.3455187168463,8.1638,7.2789,29.037975,26.8469,86,85
"ZNF570",2.46341351761714e-08,21.7377674418605,47.2845647058824,2.24548538267131,3.75801220749106,7.747475,18.4971,28.8792,69.9239,86,85
"ZNF57",0.0053772780573309,189.658206976744,153.940518823529,9.68355565418176,8.14377341182684,130.2235,96.3459,232.628275,191.4737,86,85
"ZNF556",0.0181097673786782,16.8439418604651,27.0096788235294,3.11977597960416,2.89711896717816,0.88535,7.6951,21.962675,36.3229,86,85
"ZNF554",0.0279172469197583,103.742430232558,87.2980670588235,5.45199799431642,5.02074991399749,69.549375,50.8044,124.360375,110.9715,86,85
"ZNF738",0.748750139058443,165.284434883721,156.096887058824,12.6712694284944,25.7970527475891,82.723075,39.0936,224.879675,178.5481,86,85
"ZNF596",0.163830404105054,59.1846151162791,49.7539858823529,5.50922279326312,3.86587448888584,29.75365,23.4885,79.14305,65.6009,86,85
"ZNF621",4.09623346475652e-06,749.572977906977,551.95622,33.373206102301,24.5359876648656,536.25615,401.9343,871.560275,674.5957,86,85
"ZNF680",0.176647963964519,308.013409302326,270.562937647059,21.8047549995171,16.8552728686538,165.1015,159.6848,395.333675,331.1258,86,85
"ZNF483",0.0352413926835811,28.5457860465116,46.2662576470588,3.08374315945066,7.79640772700829,7.769425,12.1988,38.5181,48.3278,86,85
"ZNF417",8.02584712022991e-08,303.816723255814,183.270667058824,18.4844351919841,10.8155867193899,192.41305,102.6498,354.522225,232.6763,86,85
"ZNF791",0.2764954804024,346.264587209302,369.364303529412,12.3711574768723,17.2129375366637,270.536575,255.6493,408.04045,468,86,85
"ZNF519",0.319567908873622,64.9986906976744,72.8360482352941,4.62404175663325,6.3619092898702,37.735125,34.4299,84.95405,97.1019,86,85
"ZNF25",0.0146105459062115,176.193904651163,213.720587058824,10.6626969176133,10.8476685362763,104.306025,135.8344,219.5,276.4,86,85
"ZNF77",0.0176248414721004,97.0297662790698,81.1305258823529,5.18935144416398,4.11699914992488,66.043275,57.393,118.828975,100.3152,86,85
"ZNF169",3.06606041555746e-07,132.06436627907,88.8985294117647,5.89016202844072,5.54755717828195,92.64045,53.58,156.623,117.2,86,85
"ZNF613",0.00451511908660307,94.3873104651163,69.5694035294118,7.54957714340182,4.10773041302675,48.28075,43.7811,125.06605,84.9413,86,85
"ZNF404",0.0237422360534423,43.3384430232558,31.1502717647059,4.0754495029326,3.44407143661154,17.904575,14.5709,56.54065,33.1984,86,85
"ZNF135",0.0189260893444116,23.24705,46.0156164705882,2.55400869162406,9.31262243481846,8.465825,9.1109,29.78365,37.873,86,85
"ZNF620",0,92.4386174418605,31.52616,5.02418100200482,3.06285880054595,60.075225,13.4075,109.08735,40.2114,86,85
"ZNF619",7.105427357601e-14,98.0880104651163,55.8927364705882,4.63092152418502,2.31859177061817,68.102775,39.625,121.678025,66.3373,86,85
"ZNF354C",1.70324659931609e-08,18.3663965116279,57.4160188235294,2.2594010185658,6.22260538749849,5.724675,18.4971,22.588,72.5571,86,85
"ZNF114",0.00319350924337491,33.8522255813953,75.6073188235294,11.3715286855238,8.04754612099032,2.04625,22.6372,15.1969,100.0244,86,85
"ZNF454",0.142051243021479,7.48013837209302,9.72235176470588,0.861759781609016,1.2560332986759,2.064625,2.5134,9.73925,12.0798,86,85
"ZNF543",0.28587095511376,192.201531395349,205.512868235294,6.58189773924223,10.5861327216216,147.79785,134.0452,233.230375,266.2898,86,85
"ZNF354B",0.765858030109931,124.284165116279,128.400652941176,11.8482017177365,6.99973065729609,74.334225,82.6025,140.6645,162.7703,86,85
"ZNF223",2.88280399436402e-05,76.9768534883721,51.5197223529412,4.82788209491109,3.40656625681467,46.425725,30.6141,97.0536,70.7194,86,85
"ZNF713",0.760430814434202,77.0669779069767,74.0203870588235,6.29435387410914,7.75405001451384,44.843875,33.2618,88.331725,89.3017,86,85
"ZNF552",6.66664501380865e-10,244.386223255814,141.887682352941,13.2551951482935,8.24238795453219,153.787,81.6019,309.4141,177.1913,86,85
"ZNF154",0.00167684410724533,75.4662558139535,52.9069882352941,4.53301354019651,5.42726382476247,44.8378,24.695,105.4823,62.7861,86,85
"ZNF571",0.996895746797618,61.9911534883721,62.0188870588235,5.12615596616475,4.93552487087177,25.568,33.9402,81.255775,75.155,86,85
"ZNF443",7.47910944287611e-08,74.0772558139535,44.3181882352941,3.84601256008123,3.62736694712365,50.312225,25.0594,90.48865,53.7473,86,85
"ZNF792",0,222.566293023256,97.4883423529412,10.7705074855431,7.60031702724636,156.9614,51.0092,276.2893,123.6572,86,85
"ZFP82",0.00487046062256846,28.3502406976744,60.7179188235294,3.8528575116537,10.7250489282562,8.146125,11.7688,32.946125,65.0821,86,85
"ZNF707",0.0135569806320412,192.138041860465,223.771489411765,8.70849089373334,9.22031262080573,139.589575,163.916,228.036625,257.7784,86,85
"ZNF746",0.00688259201183283,558.673327906977,678.394701176471,18.7511407712247,39.7159651615937,450.919975,437.9643,666.0748,768.1257,86,85
"ZNF678",0.0151375124970152,89.4126046511628,71.8485482352941,4.89129297262678,5.22823564138734,53.11525,39.2661,117.921175,88.2545,86,85
"HKR1",0.0167081478693636,515.119852325581,422.191724705882,30.0728260286889,23.8679734501499,351.90175,277.2843,615.164375,491.3108,86,85
"ZNF101",0.0288974126415321,169.406093023256,141.334617647059,7.70511587843272,10.1687480901334,127.61395,96.95,208.217575,161.0816,86,85
"ZNF716",0.0881935750935857,14.4146127906977,5.79278352941177,4.32966513112907,2.52647734275979,0,0,1.29995,0.4257,86,85
"ZNF708",2.15256421313148e-05,188.539754651163,120.357949411765,11.4341095198397,10.5983119451742,125.025775,50.8671,221.700175,164.3829,86,85
"ZNF721",0.000561167611748958,616.441922093023,454.658543529412,38.4364228445207,25.0780314529504,412.3608,313.4704,710.984825,568.8509,86,85
"ZNF662",0.975848317074326,54.1113697674419,54.4437741176471,8.35963591510404,7.07629298075815,9.499825,16.6617,63.96765,66.271,86,85
"ZNF320",9.76434266775073e-10,503.38713372093,253.543621176471,30.4428186884203,23.5877877874995,310.582525,92.0882,665.824725,319.1851,86,85
"ZNF530",0.294479325479636,70.152288372093,62.6833058823529,5.88786547518127,3.94322198713566,33.716925,36.5688,86.262225,81.9873,86,85
"ZFP1",6.02654469661346e-08,200.022784883721,274.322182352941,9.15278511541093,9.37629407153007,140.3715,222.931,234.3728,304.8485,86,85
"KRBA2",0.00281773337657576,60.0821372093023,81.6556094117647,3.58890277274036,6.16926135699798,38.760575,44.1014,77.681675,102.2141,86,85
"ZNF93",0.129901431900027,68.1868162790698,91.7934588235294,8.41743203423905,13.0730903691459,12.83905,27.0539,95.671825,119.7482,86,85
"ZFP90",3.67751162855257e-10,397.578852325581,614.444718823529,18.7018437497453,26.7332499377074,266.71465,413.5685,500.059925,761.3068,86,85
"ZNF479",0.274420697343547,1.81548023255814,0.730932941176471,0.909089859367286,0.379179321695009,0,0,0,0,86,85
"ZNF445",0.000207128032651993,684.419561627907,546.108988235294,26.9609399759857,24.5224201124075,488.313825,408.2085,840.8126,644.2745,86,85
"ZNF74",8.3148075206152e-06,298.06736744186,479.204743529412,18.1894922412625,35.0912381968441,205.438925,309.1123,343.82525,526.4609,86,85
"ZNF829",0.00797529706413058,10.6298337209302,19.7408141176471,1.76737372829832,2.90732418872539,1.6611,3.9241,11.098075,23.8866,86,85
"ZNF267",0.276752437158796,524.59171627907,566.57012,22.2274739282509,31.4915435309899,381.2674,344.1734,637.352075,687.2581,86,85
"ZNF566",0.224647604543774,193.940676744186,173.792171764706,10.2978355631876,12.9609766863754,119.44405,93.6624,239.471975,224.9854,86,85
"ZNF224",1.29344202015602e-08,233.00058372093,150.315096470588,10.3573722701156,9.1453414657229,163.513725,95.3242,293.41255,170.4201,86,85
"ZNF529",0.368111459436016,380.789347674419,347.618794117647,26.3747523376339,25.5903015700905,211.829425,202.5068,462.56845,410.4758,86,85
"ZNF284",0.0356063659349403,49.6741604651163,40.1247682352941,3.187494500921,3.18743806568894,30.8222,21.3266,62.545725,48.5674,86,85
"ZNF749",0.331428094021774,132.812076744186,124.265088235294,5.40383232021831,6.9290087666817,95.056725,86.7804,157.8004,139.904,86,85
"ZNF17",0.65337181924595,148.738981395349,145.17514,4.8316971792128,6.2924716625627,115.872925,103.7307,174.984375,176.4938,86,85
"ZNF555",0.129637263910976,76.1968441860465,69.0372011764706,3.69487884529974,2.89568950497844,54.877575,51.7703,88.1482,82.4533,86,85
"ZNF75D",1.54311139421992e-08,391.959063953488,271.792335294118,15.2704128737259,13.2170882892858,282.339425,181.2664,489.227775,351.3491,86,85
"ZNF197",8.88190256487231e-06,358.069288372093,289.060143529412,10.9157880935956,10.3656185719391,279.3846,233.5614,420.321075,338.5481,86,85
"ZNF732",0.000108793101577853,7.57798720930233,22.0816035294118,1.18712873366117,3.47935812784197,1.34985,1.6291,8.2587,32.3887,86,85
"ZNF546",0.00112481681172938,74.7850279069768,54.0567894117647,4.66589788418162,4.15850681808898,40.846825,29.0334,100.035625,69.1252,86,85
"ZNF286A",0.00404450523799704,284.995446511628,365.604495294118,12.4992121582182,24.7796005470047,182.571225,229.7501,358.08175,418.5322,86,85
"ZKSCAN4",0.47460093121913,83.1558639534884,86.8792811764706,3.41479936635794,3.92145209330848,60.0347,67.0017,105.600925,96.0659,86,85
"ZNF643",0.388249241642581,58.2632825581395,68.9828564705882,3.76097398789902,11.8701884464122,33.847975,29.2308,73.424275,73.1925,86,85
"ZNF642",0.00547601119757457,86.8423906976744,126.094083529412,4.16526444492154,13.3838469494267,63.7501,77.6892,105.0789,122.6038,86,85
"ZNF490",0.408365180509711,242.742939534884,231.125602352941,8.21917018719664,11.3851585844213,191.574325,160.8331,292.437625,265.3873,86,85
"ZNF626",0.1774871757823,63.5339093023256,101.727854117647,10.9446364868512,26.1203276844377,13.935775,13.9655,61.37955,70.0922,86,85
"ZNF793",9.38040450870758e-08,36.0307895348837,117.44242,6.17453200925712,13.2787993154192,8.576425,23.1574,38.824775,184.9574,86,85
"ZNF383",0.877383295213867,101.229374418605,100.117376470588,4.28493145849186,5.79685678604491,77.15195,65.8774,122.102575,116.7963,86,85
"ZNF669",0.413257529289876,134.992594186047,127.366723529412,6.58600543214362,6.56199679848644,94.4898,86.0282,160.2227,154.8624,86,85
"ZNF559",4.31044089310717e-12,100.838051162791,215.691035294118,9.78446286343209,11.9093572972802,29.846975,135.9689,146.388,275.3848,86,85
"ZNF177",0.00176684540289695,24.4399186046512,41.9762529411765,3.45888301581731,4.30942989864884,4.63435,15.2179,27.2058,49.871,86,85
"ZNF548",0.0242844832765772,257.346510465116,219.90164,10.9676669482108,12.3060724453163,191.388325,139.5208,289.1989,271.897,86,85
"ZNF563",0.279911465326952,36.8491593023256,33.4379423529412,2.19127683076719,2.25923423224851,23.3707,20.0904,46.1266,43.2321,86,85
"ZNF567",0.312138084192678,182.611984883721,198.968210588235,8.8752912257468,13.5180776658808,129.071375,113.2049,218.436525,264.552,86,85
"ZNF573",0.000224638463606763,61.2123639534884,41.2184811764706,4.28813487007182,3.10158187410826,33.51115,22.8802,80.992375,53.3028,86,85
"ZNF527",0.000202089717666332,99.7424674418605,73.8904635294118,4.83353313304707,4.78803505384557,69.61755,46.0719,121.11405,83.6,86,85
"ZNF33A",5.84887693833025e-12,1402.09708604651,893.857088235294,51.3556160502041,45.4341183895293,1014.9582,593.8993,1683.170675,1069.6226,86,85
"ZKSCAN3",0.699398908802583,68.4703639534884,70.8684858823529,3.21497239912792,5.32106642540917,45.87635,44.1064,86.518125,88.6772,86,85
"ZNF676",0.132750011770853,4.20617674418605,7.99190941176471,0.893954566260555,2.35297393995875,0.25475,0.3036,4.3888,4.2425,86,85
"ZNF699",5.96654050277756e-07,38.0618186046512,74.5865647058824,2.67944671431989,6.53888126165233,19.366125,36.5965,48.0221,91.6663,86,85
"ZNF250",0.0253884446032734,198.188180232558,251.137029411765,9.33617401788623,21.6427169634729,148.56985,166.361,227.910075,276.5946,86,85
"ZNF79",0.00726741040042178,103.181458139535,116.174367058824,3.07702234064219,3.66612153628548,78.92465,92.3699,119.06135,133.4034,86,85
"ZNF681",0.0209472096334529,71.1881546511628,111.8925,10.1989526173313,14.216410972553,11.727475,19.5199,92.206325,141.3001,86,85
"ZNF766",0.169653785334293,371.95728255814,345.713042352941,13.3226963147895,13.5885801167747,281.733275,247.4328,451.43185,423.8586,86,85
"ZNF471",0.0229258543215352,29.7341662790698,50.9746058823529,3.97365739835804,8.39388458619102,9.20335,9.7693,33.9814,61.742,86,85
"ZNF836",5.73590682289016e-05,126.847570930233,96.3749623529412,5.60674625727759,4.79082471310586,88.563,68.9741,157.0139,109.4537,86,85
"ZNF493",4.56800432380167e-06,205.733809302326,103.233294117647,17.3216377731075,12.9039958902029,124.28395,24.2915,246.10425,120.8013,86,85
"ZNF167",0.0353134408686644,23.7385209302326,33.6419541176471,3.40230980471044,3.19250304930245,6.65315,13.578,23.80425,46.3065,86,85
"ZNF565",2.73708349562973e-05,90.2866453488372,68.2252282352941,3.2414429900855,3.96518555689864,70.138075,46.4481,105.63435,79.1359,86,85
"ZNF34",0.00473852363086325,81.3986918604651,96.58968,3.12094227273266,4.30453216565247,60.42255,67.2948,97.5866,116.7963,86,85
"ZNF140",0.728677882150525,309.965546511628,317.500087058824,14.6049139630732,16.0438532951464,232.8649,228.4048,366.749075,367.5621,86,85
"ZNF658",3.10648087253895e-08,44.7503558139535,89.0734317647059,3.82841135916253,6.63162811660975,28.1048,52.7297,53.85285,102.7668,86,85
"ZNF765",8.5398355054167e-13,344.852309302326,219.213234117647,13.5456738418629,8.88579317985126,239.404675,172.4669,416.7832,262.4585,86,85
"ZNF124",7.21580084639406e-06,121.219936046512,75.6673564705882,6.68950018374384,7.21575509912319,80.936875,44.1721,141.4091,89.4022,86,85
"ZNF569",3.0626238201048e-07,34.3938290697674,76.7467658823529,3.77271741346402,7.01740853954454,12.68395,27.8144,43.449875,110.742,86,85
"ZNF777",1.02729104968224e-05,521.698587209302,687.588642352941,19.369388818898,31.0129968267916,394.72865,485.8748,620.77595,809.5413,86,85
"ZNF605",0.0183092338554866,337.975929069767,440.461714117647,31.6788667884631,29.0678270960967,144.704775,262.4732,448.59005,548.1292,86,85
"ZNF799",3.5981095880544e-10,88.283073255814,50.6677717647059,4.32995119870909,3.61101808822475,57.064175,32.3629,113.043075,54.5898,86,85
"ZNF782",0.0516933107063653,89.8917058139535,76.9998517647059,4.7898294845575,4.50628783057586,64.139775,50.4747,101.95505,95.4473,86,85
"ZNF846",0.000103296653079066,68.7852848837209,98.3710952941177,3.68292068155644,6.48916799852327,43.49675,48.0728,86.20335,121.1244,86,85
"ZNF136",0.451055160035865,189.502360465116,180.411998823529,8.30039278891349,8.71703855763003,139.0471,113.7653,235.653075,223.6275,86,85
"ZKSCAN5",0.786554707882591,440.675069767442,456.109241176471,30.547585128589,48.1804752603365,296.94075,295.3945,453.537275,453.0131,86,85
"ZNF33B",6.08956156478158e-06,828.457037209302,603.43342,34.4046187931097,33.711572117637,591.79415,398.0226,978.661275,678.625,86,85
"ZNF431",0.138073505780904,266.918760465116,317.674035294118,15.2359138039794,30.5996252719069,174.655875,165.6598,318.1707,356.2914,86,85
"ZNF418",0.431326612113237,32.8252209302326,39.6357164705882,6.10399553948451,6.10572027666508,6.572775,6.4801,32.862025,46.4418,86,85
"ZNF700",0.00426490821455194,354.242925581395,294.670352941176,12.6388978775334,16.2567766306843,277.2035,208.0238,433.276575,344.5424,86,85
"ZFP28",0.012279413779367,43.8296709302326,72.4011505882353,7.21493144819403,8.69622001625337,12.7139,13.5256,48.300475,99.8401,86,85
"ZNF585A",1.44165909178318e-05,122.077172093023,81.8801470588235,6.78426296554479,5.89741818026954,84.195925,42.1844,163.6832,103.2974,86,85
"ZNF138",0.100884654906225,246.458741860465,215.240361176471,13.1203860413573,13.6436606651102,152.63835,149.3603,313.337625,258.7859,86,85
"ZNF429",0.915369047892152,91.4152406976744,93.0215611764706,9.34340420371378,11.8793063535396,30.007,19.6274,131.570425,123.7408,86,85
"ZNF470",0.121134480770919,51.6822744186046,68.9311823529412,7.79504483298592,7.86338791584514,13.19855,16.6617,55.683725,97.403,86,85
"ZNF100",0.00410761374711022,244.776277906977,175.990618823529,16.3488254932685,17.0852258382555,140.940425,78.2665,308.98925,229.2845,86,85
"ZNF398",0.942243931090414,642.767198837209,640.060612941176,23.9171532728758,28.6757613690108,500.063625,423.6559,753.881425,806.2096,86,85
"ZNF498",0.933736174694699,442.709351162791,439.405615294118,33.2286677439958,21.5020402687503,294.9328,312.1387,454.174675,539.8769,86,85
"ZNF441",4.62414795733279e-05,145.701512790698,101.689968235294,8.05016490988299,6.7599952425868,89.583025,59.9766,189.641775,123.2209,86,85
"ZNF420",0.126806066133102,85.9625604651163,72.3094305882353,6.39648325625832,6.18261950905255,43.715475,24.9991,120.571625,97.4963,86,85
"ZNF763",8.88178419700125e-15,42.04785,17.58542,2.50923800274573,1.53070922900783,25.3036,7.6751,53.242725,23.913,86,85
"ZNF679",0.443383328592334,0.230454651162791,0.398835294117647,0.126506346095145,0.179485707417731,0,0,0,0,86,85
"ZNF682",0.687484303431675,36.9904848837209,40.4948764705882,6.70422466963705,5.52342461754272,5.6127,5.7271,32.66395,56.1093,86,85
"ZNF772",0.907115635668249,195.066205813954,197.608602352941,16.7426836364893,13.8560822009236,85.0669,102.3412,267.554275,285.4518,86,85
"ZNF257",0.624213034847855,22.6505197674419,19.1490741176471,5.74745724957674,4.20491838545189,2.643525,2.2148,10.982475,10.2269,86,85
"ZNF785",0.11194367808246,255.647056976744,228.793143529412,10.7344591358983,12.9545576030082,181.4015,162.7684,310.566075,264.1391,86,85
"ZNF98",0.366810181628854,3.4975488372093,5.18469647058824,1.32220063897214,1.3143659603649,0.3072,0.3691,1.756025,2.1713,86,85
"ZNF786",0.000786391002251086,194.237913953488,252.169552941176,9.34336558817766,14.1786360185907,134.31155,154.1538,229.1226,323.9083,86,85
"ZNF517",0.0170136703134435,195.524402325581,245.244445882353,13.9226909609743,15.235174235017,122.0909,157.2254,233.6698,293.4391,86,85
"ZNF675",0.0045528610681197,119.356973255814,169.822051764706,9.21899767963139,14.9876047559598,50.104525,73.1291,167.1118,256.2059,86,85
"ZNF860",1.96583520132299e-05,102.684841860465,60.6953647058824,8.24505556608432,4.77839038050185,56.95235,28.5381,127.4271,85.7294,86,85
"ZNF695",0.167421149018739,87.7608965116279,71.5506152941176,8.19399846834002,8.34082395684469,35.453275,28.2479,117.6457,75.4411,86,85
"ZNF665",0.0299857977743478,9.57957674418605,15.5385105882353,1.2401726647522,2.43416562162279,2.0237,2.9455,11.8571,20.3091,86,85
"ZNF624",1.01319981293813e-07,97.1571104651163,139.638107058824,5.10180403013043,5.68554520433554,64.471725,103.3113,115.523375,176.0082,86,85
"ZNF841",9.26753725494223e-06,494.6206,296.543565882353,32.2215453093738,28.9063874734194,282.440175,168.1192,605.91645,349.1498,86,85
"ZNF615",0.00116424887587085,243.191098837209,171.730255294118,18.175671714051,11.6257503655901,121.025875,89.3924,306.66625,228.5992,86,85
"ZNF433",0.585675934134323,55.9005325581395,60.1191176470588,5.36815675703671,5.55555886403919,26.8614,17.5411,69.426925,82.1192,86,85
"ZNF595",0.655420869081436,158.293955813953,145.766775294118,23.7754228147482,14.691367082448,51.820325,69.8577,176.53675,179.0841,86,85
"ZNF460",0.442042641227477,442.698877906977,473.134488235294,25.6660511274353,30.0686136672525,271.1053,324.6225,533.490525,589.7063,86,85
"ZNF81",0.0632824231450558,232.906527906977,201.935230588235,12.0577309944144,11.3511649345739,150.01245,124.8318,291.9807,234.5679,86,85
"ZNF780A",4.28095336957313e-11,345.523908139535,216.807638823529,15.1396394302919,10.1148531206273,261.428225,154.0323,405.83385,265.5339,86,85
"ZNF461",0.947208571141588,71.9943465116279,71.4680129411765,5.78577590273599,5.42907276357791,34.709575,36.7946,90.604675,91.5105,86,85
"ZNF181",0.0162460829371054,187.635973255814,157.374674117647,9.47236693345011,8.08444218523149,132.477075,107.6083,216.5299,184.761,86,85
"ZNF44",2.85083429618638e-06,252.95753255814,184.794249411765,10.4393876949578,9.41893753240984,178.193175,132.4747,296.58275,213.5728,86,85
"ZNF790",0.0086085843433259,43.7499895348837,64.3596458823529,5.3836854081776,5.58092637997935,11.676325,21.9124,57.455175,92.613,86,85
"ZNF677",0.121088022540277,9.15450930232558,12.6966435294118,1.23300620418602,1.91652963257234,2.64855,2.7732,11.64625,15.085,86,85
"ZNF823",2.21462848060128e-11,213.716463953488,134.62402,8.67746424150805,6.7813990475229,153.99835,94.882,261.6849,160.7399,86,85
"ZNF311",6.20493034427794e-05,17.258688372093,39.1567447058824,3.08619908563088,4.35871257902271,2.75965,10.1609,17.964725,52.7753,86,85
"ZNF347",0.119328886573157,63.8027348837209,85.0254282352941,9.15550952245081,10.0063465686148,13.3443,19.1847,74.837725,107.0389,86,85
"ZNF273",1.80148284367743e-06,147.88786744186,254.935831764706,7.87350772421988,20.2522576695316,92.854875,149.0542,181.143325,302.3371,86,85
"ZNF84",0.562838211739651,594.624509302326,563.134164705882,32.7522438199918,43.4367889304293,399.977175,330.4172,726.70755,695.5202,86,85
"ZNF667",0.0472900992535185,14.5528151162791,24.9294152941176,2.49236267146913,4.57429896472293,4.463025,3.8994,15.38965,20.1521,86,85
"ZNF649",0.62233412226774,134.337075581395,142.568562352941,12.3537910819973,11.1943785120118,46.5273,78.0089,200.6134,184.0942,86,85
"ZNF248",0.27501942372655,281.750856976744,261.825114117647,13.2588431295024,12.4495254306646,201.776275,176.9982,344.210525,322.7277,86,85
"ZNF544",0.0303816672167462,676.470636046512,577.477898823529,35.5937401051125,27.9780749646413,452.7377,397.1709,801.341875,712.801,86,85
"ZNF251",0.772522767042223,280.48488372093,287.674892941176,16.6420094647647,18.4499327616871,179.832275,171.5161,351.59685,364.2173,86,85
"ZNF607",0.242851935254897,174.825923255814,152.538196470588,13.4185352810067,13.4753146042452,97.073825,69.933,227.071925,179.323,86,85
"ZNF334",0.425274116376078,70.8558918604651,53.2472541176471,18.6728006272907,11.5831180276235,2.66995,6.0565,30.18045,59.8866,86,85
"ZNF485",1.91356497314388e-08,93.8705418604651,56.2411129411765,5.44912217258578,3.27558858992939,60.48715,36.7215,105.53375,65.0496,86,85
"ZNF192",0.626694856517035,585.046852325581,563.345975294118,28.5628058214106,34.2285882677059,382.688725,314.7237,722.467375,743.5852,86,85
"ZNF442",0.891843142451873,15.2192662790698,14.9634023529412,1.42874267977329,1.21743404880528,5.30265,6.6578,21.8848,20.9638,86,85
"ZNF813",0.866116888588338,72.4692430232558,74.7838952941176,11.3458331361029,7.6387542239888,9.640125,15.5297,96.507175,101.2129,86,85
"ZNF26",0.301973873215489,290.403418604651,268.332929411765,15.5310918143468,14.588045929384,192.61555,189.2,349.1904,315.135,86,85
"ZNF69",0,74.2365593023256,8.35731882352941,4.65970059991246,1.01211708757405,41.844175,2.7847,101.008975,9.9462,86,85
"ZNF583",0.201378711383249,27.9381244186047,22.4849058823529,3.58896982157636,2.2588979361598,8.28635,7.6232,32.4583,28.9174,86,85
"ZNF568",0.0339161419942381,34.2577941860465,50.8664258823529,5.89433980436066,5.04619793551829,6.922425,17.8374,40.68145,71.5242,86,85
"ZNF480",0.0175614772407109,523.120222093023,435.998176470588,26.6737829426251,24.6339118552303,363.210175,283.2258,643.132375,540.4914,86,85
"ZNF587",1.51212375953946e-13,1880.7671127907,973.122777647059,95.7021634514224,60.0300582708935,1290.262575,604.1471,2320.28405,1129.8819,86,85
"ZNF808",8.55622683815227e-10,376.610052325581,208.896845882353,20.9742542122242,14.9228212479593,233.634175,112.4053,487.04085,309.708,86,85
"ZNF43",0.181917772665468,130.493094186047,181.680370588235,18.245958551952,33.6863213478589,29.624525,37.6078,148.62225,191.531,86,85
"ZNF28",8.60889137754839e-12,578.087341860465,303.558504705882,32.9748620001838,17.3985270014323,357.40865,183.8782,738.30445,379.4758,86,85
"ZNF627",0.814477869476866,268.595403488372,272.438903529412,9.31435390801474,13.4830944637582,198.889975,216.0286,319.76485,304.9268,86,85
"ZNF789",0.020576280877272,167.914487209302,111.008247058824,16.6524577506476,17.7679237708671,86.626525,52.1224,172.91925,124.7475,86,85
"ZNF534",0.936426708688123,1.83388720930233,1.91480117647059,0.816188580739236,0.596789655650146,0,0.3004,0.964375,1.5249,86,85
"ZNF525",0.0093433018199981,235.740091860465,162.337114117647,24.6267708973898,12.9474430840294,51.28095,85.6336,300.470725,215.1622,86,85
"ZNF814",1.51795709335545e-09,493.09818255814,273.329630588235,28.3158208173106,19.3485208141306,310.177,151.9785,597.623675,323.7311,86,85
"ZNF551",0.00321040064606715,221.854594186047,177.035552941176,10.1068944602035,11.0826689844452,162.005525,112.2278,249.242125,218.7782,86,85
"ZNF805",0.975363493215495,499.418208139535,500.227783529412,16.3930947882109,20.4491901986239,395.401975,360.3891,568.072525,621.4115,86,85
"ZNF468",0,589.858609302326,254.622081176471,33.3303448109067,16.1977443240272,390.42185,147.8439,733.578,313.3289,86,85
"ZNF616",0.00179654839598453,157.297976744186,131.848784705882,6.25776770798449,5.00265826420894,119.994975,100.2972,180.4771,159.3939,86,85
"ZFP57",0.132309361984683,50.0453058139535,20.9871352941176,17.5665405559744,7.58993350637454,0.356875,0.9099,8.99095,9.3942,86,85
"ZNF155",0.590674409379974,109.285304651163,104.021170588235,6.28694838494567,7.48912271849646,74.185375,66.7916,136.10655,126.7983,86,85
"ZNF425",0.00563421258545882,40.0829453488372,57.6907305882353,3.51851590506082,5.21701915054696,17.499425,28,51.595025,76.6881,86,85
"ZNF611",1.1838694247146e-08,287.277196511628,171.250243529412,16.4969136658782,10.0052358411526,199.016725,112.3254,365.9758,223.3622,86,85
"ZNF254",0.193298874164526,238.162326744186,281.321012941176,22.5212188989673,24.1985529200645,72.8683,105.9922,347.379825,397.1156,86,85
"ZNF625",1.03596091096669e-05,9.99203837209302,20.2705988235294,1.05224279271008,2.00946853727435,2.9364,5.2801,13.44105,31.2716,86,85
"ZNF845",0.992603489633373,230.885822093023,230.749187058824,12.3747167526801,7.89817253965545,151.299425,179.6396,292.771925,276.3636,86,85
"ZNF90",0.867015738353803,346.986336046512,340.797023529412,26.493429493875,25.681756051895,202.469075,168.1818,407.602175,420.7511,86,85
"ZNF788",6.80767274451322e-05,34.8072697674419,69.4825364705882,3.82867564009421,7.61027069845657,12.800275,14.4192,40.49605,107.8071,86,85
"ZNF880",0.426038427624553,55.5268523255814,67.0511494117647,8.14444558914955,11.9648272812563,11.092075,12.7571,68.340325,68.7894,86,85
"ZNF630",0.000455401203797057,72.4112511627907,48.6248623529412,5.04777099691905,4.32263840683322,43.923925,25.7461,85.4192,61.9579,86,85
"ZNF844",0.767139276981079,93.6280034883721,89.6732223529412,8.9237304213516,9.91807828672713,20.5667,16.6833,145.6504,133.9396,86,85
"ZNF717",6.97657166370824e-05,70.430861627907,41.8247529411765,5.21934790267237,4.67896748690023,31.2246,6.1904,101.359475,66.4452,86,85
"ZNF492",0.110800560418742,3.65512674418605,6.62810941176471,1.21176811980747,1.40606357383897,0.30725,0.3077,2.08185,3.5516,86,85
"ZNF688",0.0544718864044765,170.015509302326,194.708262352941,8.1190246199919,9.85019282937573,122.950825,128.6718,196.083375,243.7973,86,85
"ZNF879",6.09377634925856e-05,30.9802720930233,63.2506329411765,4.20653589188734,6.64678713673729,5.386125,23.5208,39.989975,76.7454,86,85
"ZNF737",0.303494492112584,155.975045348837,122.835685882353,21.2021571709841,24.1435271922997,27.8596,21.9649,198.3755,137.5086,86,85
"ZNF709",0.752220909047377,68.1957406976744,65.7580176470588,4.56964114132328,6.22494672968763,37.3659,24.8118,93.824575,86.3198,86,85
"ZNF585B",1.41187320834568e-07,85.0127337209302,45.2643447058824,6.07691891449303,3.8887523690067,42.3574,14.5749,123.274125,59.5771,86,85
"ZNF324B",0.0313014967729458,138.042391860465,170.438681176471,6.40379503685893,13.537325530482,102.150125,120.0211,162.7497,193.9054,86,85
"ZNF564",5.14970288634231e-11,249.845090697674,168.689707058824,8.38067147458049,7.95758224821883,191.786125,127.8903,303.35285,188.5832,86,85
"ZNF674",0.054187789756915,74.8912325581395,63.9776847058824,4.38061516431464,3.52323588864047,54.316025,42.426,86.0601,76.8527,86,85
"ZNF432",2.39536474400115e-06,259.048903488372,150.078711764706,16.8356334831697,14.6118453051334,150.0796,80.2882,297.877825,175.0305,86,85
"ZNF10",0.92248870321731,186.332347674419,184.378956470588,13.9126646745587,14.4372122290131,110.824675,96.3077,212.46095,229.8371,86,85
"ZNF486",0.0389590760327682,90.6604325581395,49.5339505882353,15.6538133947096,12.0161029795733,11.056325,5.9672,120.682975,37.3828,86,85
"ZNF225",0.000103229076498956,75.9681011627907,56.5064294117647,3.65488575859478,3.24831946824437,54.199725,37.3861,88.943775,70.6595,86,85
"ZNF350",0.20430223323433,138.479220930233,114.523182352941,16.9692017683584,7.92352977885247,43.814575,60.4676,171.6868,150.0673,86,85
"ZNF253",3.55839548460413e-06,210.9973,122.112270588235,13.9905647451234,12.1397029729276,126.7419,54.0082,281.95075,156.6972,86,85
"ZNF878",0.777328238993771,8.12303023255814,7.70138235294118,1.14443882382725,0.949303259791577,2.507,2.0827,9.044425,10.5864,86,85
"ZNF727",0.798928744517019,6.23158720930233,6.83429294117647,1.79067839039485,1.53740687061693,0.5527,0.4188,4.800725,5.9041,86,85
"ZNF578",0.000902273058366765,41.0531220930233,14.0472247058824,7.59451669875852,2.36009597608866,5.277425,3.4621,36.285675,13.4521,86,85
"TRIM28",0.258453902253275,7663.3464372093,8423.67246,340.690275907307,579.771316657995,5698.961175,5681.9778,8803.27685,9037.8396,86,85
