"gene","Current reformed smoker for < or = 15 years-[Unknown]","Current reformed smoker for > 15 years-[Unknown]","Current reformed smoker for > 15 years-Current reformed smoker for < or = 15 years","Current Reformed Smoker, Duration Not Specified-[Unknown]","Current Reformed Smoker, Duration Not Specified-Current reformed smoker for < or = 15 years","Current Reformed Smoker, Duration Not Specified-Current reformed smoker for > 15 years","Current smoker-[Unknown]","Current smoker-Current reformed smoker for < or = 15 years","Current smoker-Current reformed smoker for > 15 years","Current smoker-Current Reformed Smoker, Duration Not Specified","Lifelong Non-smoker-[Unknown]","Lifelong Non-smoker-Current reformed smoker for < or = 15 years","Lifelong Non-smoker-Current reformed smoker for > 15 years","Lifelong Non-smoker-Current Reformed Smoker, Duration Not Specified","Lifelong Non-smoker-Current smoker"
"ZNF195",0.999999994968903,0.395653644193512,0.465927705058624,0.992881465957957,0.995631502752099,0.355088479192566,0.960298917398983,0.968368298531846,0.886594210544261,0.856750090063007,0.999648156396719,0.999705591110051,0.317685021795321,0.962633596773222,0.969986863242223
"ZNF263",0.999996153983537,0.99559981391729,0.999051258062363,0.953486442041215,0.94372532659031,0.850130402005636,0.999964856204007,0.9997419893773,0.988153208731341,0.984157417878912,0.999999358762971,0.999924812063326,0.984901532408995,0.938213487132134,0.999982819722852
"ZNF200",0.69453733945201,0.955760895540843,0.997860680913669,0.638403571910395,0.999030531123934,0.978910751897474,0.132512232447483,0.922108802210353,0.758045353006994,0.998042662003114,0.981982187301334,0.824275833109144,0.995678001937833,0.768768752105208,0.125583683413992
"ZNF582",0.979698630836593,0.999998762800387,0.995477866801497,0.994249156623451,0.90232215070431,0.993318501065635,0.999795767191175,0.945778030989978,0.999548151875825,0.999610413569406,0.967869758481466,0.639301171203871,0.98225850736562,0.999993493757719,0.999492432139192
"ZNF285",0.957458096551024,0.988516694498797,0.786107157062129,0.945550279097708,0.999932032912044,0.789795275077085,0.999999861716023,0.97933202654853,0.988008621946623,0.966403078841078,0.999999995672467,0.908866146331674,0.971938951076484,0.91738300913034,0.999999948073949
"ZNF275",0.9478402574656,0.295277348531899,0.0891010403841768,0.800052740744915,0.994495452462014,0.0764524964716731,0.999996585844805,0.980865226033428,0.324549817237047,0.875763873925926,0.997677515102504,0.977529775963226,0.0663234505990298,0.850295048952116,0.999917493942309
"ZNF37A",0.997199054342834,0.192418354519946,0.122681351319268,0.999724156059654,0.98944847973846,0.626928884414075,0.805510814319559,0.97788327799997,0.0232077718390568,0.830706127898718,0.999999386041537,0.995834055398397,0.0640446138231455,0.998987882484338,0.672182169573493
"ZNF510",0.998423087424256,0.999999215785182,0.998065925690512,0.998225904425306,0.999999086896324,0.997694413057399,0.63588188186174,0.903420893171861,0.733413580991137,0.97367816112855,0.995235765677344,0.999999600599393,0.996616368222866,0.999982437948316,0.675814315463305
"ZNF506",0.574870398010886,0.951528967674208,0.992019299243966,0.85837303067177,0.99999211806497,0.999250626094373,0.993002605405553,0.921082382185653,0.999437463606839,0.985171446852594,0.953184043876245,0.777126243793666,0.998524166776607,0.969973048993831,0.99999999899663
"ZNF324",0.99901882304338,0.998269727531576,0.999999689146663,0.96364230055885,0.99632100620351,0.998536885093745,0.912169564142019,0.803250808918876,0.813858374315228,0.651350849585861,0.999797623076641,0.999892894960496,0.999652237452823,0.97316490152674,0.679797456087814
"ZNF671",0.378310187410832,0.99728054413745,0.821076665777065,0.9999999617943,0.662510494017358,0.998618206735557,0.98676534052869,0.18057798459985,0.924502809750743,0.997875258477766,0.965856255684681,0.0341205821669188,0.866284011326475,0.998076612405412,0.999993855868268
"ZNF416",0.81895807463169,0.999999798812985,0.922531830517499,0.999755440493715,0.986057164756291,0.999955162579649,0.999925460850801,0.93857671312898,0.999995698983358,0.999998518152287,0.989287057862966,0.332198875613662,0.994741065442071,0.982638441422772,0.968696469822258
"ZNF586",0.967625970814039,0.878839933620219,0.999278668927579,0.997070201589165,0.905148400521052,0.799054572606455,0.952633504039842,0.655299958605689,0.503181081485995,0.999946281068612,0.989113120778075,0.666532675150803,0.499680938975886,0.999986377868147,0.993279637216828
"ZNF446",0.86104342778098,0.999759353139873,0.822992421407089,0.999993591927997,0.922873119745661,0.999998781972563,0.874542161701979,0.999999997014817,0.836017577803809,0.929986753036774,0.987135595437295,0.949782154453192,0.966442071171247,0.994330881424778,0.958459213437622
"ZNF8",0.139760509951293,0.992938532107142,0.104106740215444,0.991374039217076,0.778264939881765,0.92730247371964,0.20732515557109,0.999973583771954,0.148956517542788,0.851652944597866,0.946420619549693,0.189124457954577,0.772264138392091,0.999994753659019,0.294802459741013
"ZNF264",0.890075154699478,0.991747554267702,0.999091258636259,0.778346434503164,0.997919658993656,0.978794665763566,0.953562871762558,0.999962922291139,0.999964262963129,0.99124503521113,0.997927980126271,0.926623833245204,0.998972820928059,0.825616761224537,0.980328922694456
"ZNF213",0.0057416285148536,0.998011765578494,0.0819671453312832,0.996408887269899,0.206447932499613,0.999998301226415,0.910161617363198,0.151743716974642,0.997268339995216,0.999667058500574,0.993893795602597,0.00146647137227907,0.999997239961858,0.999919595200732,0.965527885719099
"ZNF343",0.999423561104134,0.991486179692276,0.999823069817503,0.999997860024354,0.999989837240942,0.999178029060787,0.99684893226412,0.976272509243558,0.932774598599129,0.997416289094138,0.999999998584073,0.997952694273285,0.979317553477098,0.999992982537945,0.992752950958725
"ZNF302",0.659424053121552,0.336313131391851,0.990149252142882,0.906609001961137,0.999986398150957,0.985989321037424,0.708918021938446,0.999999692563967,0.984115487968291,0.999998760304492,0.729398634131709,0.980333406505928,0.728909663055602,0.999504911704131,0.990021129356494
"ZNF268",0.903527143249681,0.601341568547459,0.990219409951629,0.994883355409382,0.999770833669243,0.971670862635286,0.849374031129447,0.999996138152505,0.996225236622579,0.998980943732731,0.966231521506385,0.989373429980189,0.775031035040196,0.999997162680351,0.969656189654258
"ZNF184",0.542543186294262,0.999841596264854,0.83863629965889,0.999987008746954,0.873158528802707,0.999999882395649,0.917079027898713,0.987941314796338,0.99024879640347,0.990826597557036,0.702297490153559,0.946151710764599,0.975257139748937,0.982282870431191,0.999999992247113
"ZNF500",0.999797211299914,0.999772436372694,0.999999997586571,0.998579488650202,0.999973766777417,0.999990286721028,0.999121128392213,0.992099273155069,0.993015794138464,0.986501320389461,0.963498545475238,0.999316695471575,0.99980691070677,0.999999991274854,0.866943853294452
"ZNF419",0.836367867619061,0.99908971332878,0.984296975893969,0.901575850339123,0.999999116290172,0.9866928927054,0.996698443639735,0.986047870733335,0.999999812945924,0.988718264076947,0.999035333949938,0.847456927309735,0.999982201177876,0.930012263479571,0.999732534938011
"ZNF175",0.0634101694941385,0.869580794252593,0.745626396686281,0.689719353166834,0.975121789525067,0.997891536574883,0.658980692953866,0.824173752022202,0.999893964332956,0.999854756577266,0.444656145215317,0.359794494168395,0.999999999966862,0.994144764684564,0.999431432955292
"ZNF14",0.952667694695711,0.999999987930106,0.981460127464868,0.527851733386993,0.925643465864754,0.663023653067786,0.949581680846941,0.999999999960302,0.980097336938838,0.928624736001241,0.999726994781421,0.959481580439081,0.999982986566222,0.494971076121401,0.956016872834964
"ZNF85",0.944608981512557,0.999888409026285,0.994201651743591,0.941019333000501,0.999962771900024,0.987971168914405,0.999961716771521,0.9166158088123,0.998868272375163,0.913992684890861,0.996145028328363,0.647215363505252,0.987045328603964,0.765739879444438,0.999976169833226
"ZKSCAN1",0.803722806736007,0.994640138426174,0.627805120314682,0.851797535532504,0.999986212743533,0.694619560100589,0.71778478782501,0.999992301723616,0.544737036734381,0.999999978502777,0.70648621426551,0.999052956895678,0.55300642231693,0.997448349620422,0.993275737936995
"ZNF862",0.999296099883591,0.999893864917721,0.999999646145294,0.994685365623257,0.973122273090049,0.985777269214231,0.487642533952829,0.780840403118612,0.792611704773747,0.457692712728873,0.999871044385026,0.99991514361015,0.999998417215365,0.974896743224417,0.356551805499082
"ZNF684",0.927451015470711,0.998045744208767,0.998310848991141,0.995879091870704,0.999874890435704,0.999996768578044,0.796365934606039,0.999730412527158,0.983374010995201,0.996771369180987,0.829013413094111,0.999969368877624,0.999004842491102,0.999984489041504,0.992533725131279
"ZNF430",0.949981843179883,0.948780172422858,0.626170608942254,0.999816649983074,0.998500840664238,0.939485669733053,0.999970580085299,0.987760034116457,0.924684035991834,0.999997271004456,0.999459172218911,0.748413451575365,0.964637952447027,0.99612353816336,0.995988652977285
"ZFP30",0.622440495662331,0.999581190404177,0.592496776995102,0.0908976902434839,0.741632624896031,0.10022360919792,0.455473587951073,0.999888895248806,0.45171672019562,0.844486376001846,0.779918525039868,0.955922838851212,0.771174153016782,0.225267737340442,0.846134225094732
"ZNF549",0.44190441223696,0.999406986651144,0.808295578091875,0.322290618939612,0.99306151442376,0.61314295651765,0.992877772988614,0.847429169684766,0.999980887891151,0.65260022532393,0.973805880740136,0.560812932227678,0.999988141796862,0.427651048757381,0.999999725784796
"ZNF211",0.678138264608466,0.999999991608922,0.792660176234549,0.999480473427821,0.967272347793413,0.999532450221675,0.985567462973659,0.974801088207258,0.991286729659801,0.999969194601437,0.99999963945489,0.492659955117973,0.999998727307045,0.999500991961457,0.973898790206335
"ZNF205",0.387238164612356,0.999881704143015,0.433148919846582,0.999999986994324,0.719971400636366,0.999922417030361,0.985315635080658,0.849782889681172,0.969265035307632,0.997369172695195,0.979380999534586,0.467218514012873,0.965047509488395,0.998833811347303,0.999916544828346
"ZNF45",0.49693544666394,0.638662591816433,0.0535304853154075,0.999999999999782,0.778554460390837,0.835540208436638,0.524405927869574,0.99999998605426,0.0585894590868875,0.795874019128611,0.984403845676792,0.586306541623797,0.202709533525354,0.998643170630151,0.620633054678756
"ZNF133",0.994769935194566,0.999926675439194,0.986516707725029,0.999999598321128,0.997095774793204,0.999998446696735,0.92396525900489,0.998486692181407,0.906890568953271,0.966493423551921,0.990611695575341,0.999986762055866,0.98152794603159,0.997619391720662,0.980289240725334
"ZNF436",0.998169413792925,0.770319391747757,0.611789567649046,0.999956837223795,0.999994481186067,0.834049685202445,0.603588364016265,0.890796439678328,0.119455668469856,0.914522111553392,0.946275414274866,0.999925000543014,0.242726217875937,0.999564218441309,0.819010907618944
"ZNF484",0.780464292626597,0.975567290422573,0.998328545200261,0.929803952325763,0.999999705011201,0.999758423491552,0.530219714489184,0.999053926546313,0.973379177928881,0.99899603387734,0.803639789027058,0.992847506539885,0.999999988275197,0.9995178874568,0.892329740136687
"ZNF780B",0.715942988219647,0.981866760669319,0.993434673264155,0.95529804029278,0.999859621041766,0.999911856792508,0.830218014048901,0.999963908573177,0.998921740976635,0.999998855794938,0.816867757316383,0.977935444191701,0.999999601785189,0.999918120280805,0.997052240859986
"ZNF557",0.99975798305623,0.764604447192772,0.916228923526712,0.999999999759456,0.999962175947676,0.909980257236236,0.986645968015587,0.957169261335828,0.483687237234157,0.995988066921051,0.999995163742043,0.997523704765627,0.552572820928,0.999998797320859,0.981498524953738
"ZNF337",0.971159805597176,0.999989979365802,0.968438362504042,0.999999868271949,0.988001533118551,0.999999897167361,0.931280178917595,0.99998306518625,0.934509259295771,0.972016553672646,0.991674977895422,0.997031153094217,0.990623612420219,0.998225894410164,0.982351230758117
"ZNF317",0.996475408157116,0.0414514528794308,0.0252299206673471,0.909589596466264,0.99073931489332,0.0223541402085098,0.995663423776274,0.999999999524823,0.0239869785025059,0.991843657659247,0.999998234557847,0.995343883076722,0.00687388162678815,0.883392654494196,0.994085921371437
"ZNF426",0.896314268017738,0.91638876868951,0.462412642538992,0.999120586419815,0.997705530304862,0.879627075041469,0.765413830893131,0.999852408938216,0.326492662005656,0.986468743581347,0.968599308196155,0.986283008755837,0.499346511019796,0.999999866121478,0.917640708800284
"ZNF331",0.915434537146558,0.999998507417143,0.973956401418274,0.999953598820772,0.99327453704831,0.999998428753843,0.866144196720509,0.384252897614541,0.899021189359758,0.905218120228761,0.999800479308786,0.910370584683419,0.999999602950059,0.999999833827437,0.585621053825774
"ZNF227",0.749310312372293,0.972789653014001,0.438928884669806,0.873159240900072,0.999999990287987,0.609820511015932,0.996800983903952,0.964963154812571,0.876123253475969,0.981675769040511,0.999999987686451,0.566866366274956,0.936600474343109,0.816587242724289,0.993288267712333
"ZNF141",0.999069296214368,0.999990819217555,0.999974072987348,0.996915406489989,0.999978364045599,0.999589159151202,0.999913274259709,0.999994702595686,0.99999990092383,0.9997687385485,0.99996831624164,0.999645990049779,0.999999990571308,0.998179148418106,0.999995168925137
"ZNF304",0.851534581157055,0.761670570816684,0.242106294439625,0.999999999999823,0.95157963607679,0.904582510782856,0.999999704759051,0.91701194994184,0.782892585228042,0.999999899828128,0.999412197968364,0.523604312163323,0.758214260751229,0.999957778038936,0.99906555678605
"ZNF132",0.900472671137143,0.828638942199463,0.999885567024117,0.126214200848447,0.585064090868678,0.760635052877434,0.446413498221979,0.977545193603925,0.997926719175677,0.905669448653367,0.278377353602579,0.996241559237503,0.999995696692814,0.605940924623349,0.996144359867015
"ZNF20",0.660464558258579,0.999999550550642,0.834273452667624,0.998867007421035,0.97268740541172,0.999746274391941,0.987822380275638,0.967035096264303,0.997172361748609,0.999997377216363,0.999994591077851,0.499195748641777,1,0.999213860825656,0.983598003154099
"ZNF670",0.312895618668059,0.838302454879916,0.986407375360111,0.998394034630518,0.853771196997508,0.993441002998879,0.759478358280941,0.984560986308221,0.999999995746888,0.989688712354803,0.74779126224072,0.704628210321135,0.998201682139394,0.999235521596661,0.994815345263356
"ZFP37",0.748944330234424,0.854932176882734,0.999999517478016,0.999999991993902,0.921815456134582,0.953300221467098,0.854959467137794,0.999966493458166,0.999998946156425,0.960842669046918,0.980415327698249,0.880090216134798,0.954743557224804,0.998847195355053,0.957754548198745
"ZNF189",0.950919946821691,0.999999998798568,0.972741707407457,0.999979849932457,0.964253760498203,0.999993988365353,0.853934786700178,0.999832075316822,0.91537556933034,0.908189986556109,0.999999966229666,0.869871366365418,0.999999999999248,0.999983243584767,0.681308180711167
"ZNF434",0.997006864699769,0.999746615202196,0.999993128303924,0.914479954477404,0.785079533980434,0.872291118712237,0.994216599894678,0.999999833698842,0.999958090531889,0.755735891587513,0.99969479117142,0.99938632506996,0.999996125493507,0.777279215725291,0.99813450306598
"ZNF287",0.928993742597357,0.999498887360816,0.995594709925179,0.729732913003096,0.338330487368445,0.66624645675199,0.998542272583484,0.995750535750263,0.999999981805831,0.591123536257646,0.999999999977698,0.845466737257871,0.9989601085339,0.612418703417006,0.996300201735355
"ZIM3",NA,NA,NA,NA,NA,NA,NA,NA,NA,NA,NA,NA,NA,NA,NA
"ZFP14",0.382726533042015,0.988772189944289,0.891072896350636,0.832241297719986,0.999551644962717,0.990991645043754,0.958698917418532,0.911499561760385,0.999994129243535,0.995559285321829,0.997852497041706,0.327276727818921,0.998213243098154,0.879493381639361,0.984019158433296
"ZNF473",0.925284076405626,0.835341668088805,0.393997655683033,0.941958580545465,0.61247678073043,0.99999721186745,0.999827963426912,0.986670975296473,0.766842188521494,0.897279838866845,0.999996501617901,0.878029080063546,0.659338678171925,0.878544957002583,0.999918821327805
"ZNF614",0.507492411102474,0.999874942797334,0.810326269308457,0.991997933666624,0.443598724582263,0.980279817144289,0.722200008289148,0.999602342262633,0.92750630225455,0.604406889826114,0.999943767474639,0.196516311766521,0.99778132658038,0.99469935788556,0.40275732685126
"POGK",0.581322097311905,0.775020202500288,0.999984313321165,0.999997488291036,0.874733682641841,0.93982094799027,0.291228176617095,0.997662439394839,0.992386254943901,0.680794112944589,0.496819581645447,0.993608018284889,0.999766556065296,0.936050496410475,0.854848073104102
"ZNF514",0.912457885421474,0.75574750302588,0.998682550268902,0.999999976707891,0.979700437060023,0.913775400481128,0.776817950332413,0.999773883074866,0.999991889841193,0.935064372463533,0.831491244629491,0.99986932223886,0.978363005290192,0.983891429601199,0.989107005830668
"ZNF300",0.999990974693782,0.975031410400616,0.992604229282788,0.994642317122583,0.990014102764655,0.89719109290623,0.995155603859063,0.999332023828091,0.999855324010354,0.94761129887432,0.99999834247664,0.999998979528859,0.964240844476351,0.98531043350301,0.993225239320744
"RBAK",0.702984928839061,0.75977966105234,0.99999999787894,0.299982375238807,0.942521789370698,0.958594771864782,0.0586061890033422,0.774827259525921,0.838990380850377,0.999981970964625,0.0271029727384814,0.953298710794708,0.978460642343521,0.997110726842404,0.93962887998063
"ZNF92",0.958307315617466,0.964197127906513,0.68845957726903,0.993558679156606,0.999998034956206,0.869515457177407,0.62687895101894,0.985909673515069,0.316378121637021,0.987272922762398,0.900264855779936,0.99997822552012,0.5209424249856,1,0.894241319317757
"ZNF157",0.991704315428708,0.857777733307154,0.627871332413505,0.00264337990703578,0.00134318246332232,0.100193377291626,0.968661305445974,0.999968301110653,0.517519064337544,0.000812640629313521,0.992619728271109,0.999861972815318,0.48574069979071,0.00014472771536489,0.995976993246231
"ZNF182",0.917736268807549,0.999999999268196,0.954164032469635,0.998840108325013,0.998941169060863,0.999147825409674,0.979583924950958,0.999839302525736,0.988873296450394,0.999980185866095,0.955719706762524,0.995133386368364,0.986719061150927,0.999999584997838,0.99997776320749
"ZNF673",0.999999830090853,0.999999997503978,0.999999496457563,0.988836541668656,0.994265596722475,0.992031290507013,0.989429011191424,0.995860821926613,0.993915205799651,0.999994798547732,0.980981907781642,0.995820541167702,0.994021468360103,0.999742246882659,0.999973600839158
"ZNF41",0.857372376609612,0.948951022154382,0.478879647789041,0.895078486370534,0.999991865664771,0.580813352803361,0.955587811649741,0.999790429942965,0.639973184264163,0.99914044730915,0.903580719517472,0.993010413235417,0.471248572634013,0.992292728604305,0.999958840955157
"ZNF7",0.999627800056409,0.999528551312131,0.999999987220851,0.999996227813796,0.999997197894979,0.999992047755725,0.942548378939616,0.993634463817991,0.996933690822347,0.99294552561039,0.987512085490643,0.999987070502221,0.999999315593444,0.999865955688027,0.991053364204036
"ZNF214",0.398810465040772,0.192151375184334,0.993845351648485,0.87067212367944,0.998967682864181,0.96357799480009,0.15214443550616,0.99624917647328,0.999999046492434,0.970083813353622,0.20606572813159,0.997384277165336,0.878683397468525,0.999996093665413,0.868890396588996
"ZNF215",0.996676264510531,0.999980897337784,0.999856185001764,0.999942456268611,0.993470088281542,0.999556633842216,0.992997921114923,0.930696276563779,0.988235240043193,0.999920128661557,0.774854300769171,0.5430641029343,0.854959690433527,0.99346036407152,0.998637188741628
"ZNF547",0.997719526682894,1,0.99898160184905,0.972491514871646,0.998783507424879,0.983152965056824,0.996499321560634,0.956897280027055,0.998431524312485,0.886565400541872,0.999973741822015,0.981479655584571,0.999994600710423,0.925468235049521,0.997482288514897
"ZNF773",0.78825454965563,0.867907759158412,0.999999962838846,0.495483093689643,0.981048328809308,0.980564993710415,0.908491589763,0.999871178035793,0.999972599493084,0.944432617178999,0.997677184311675,0.821044787121245,0.911572260319865,0.519404052061108,0.946138233546796
"ZNF776",0.343891740779183,0.988537178367519,0.868526893356571,0.9999992594206,0.712889266438253,0.998474842171745,0.875923979034564,0.960380769950755,0.999208062113066,0.975421765562417,0.983924700370412,0.390047173120135,0.999854727260712,0.999610491992332,0.964626610361886
"ZNF256",0.988681828005588,0.963798801209365,0.793323948624165,0.999880579342232,0.981892330307574,0.998360558162083,0.999351160813124,0.94911747172039,0.997157224430169,0.999999997997189,0.993032987055317,0.813814733805862,0.993397024674271,0.999999832932386,0.999999971861645
"ZNF599",0.992273884979498,0.952540589318158,0.999546877817976,0.999010766479921,0.969778177403763,0.914067296363061,0.994531275913288,0.911809130501116,0.807510267871012,0.999999967595336,0.999646267544649,0.927414551429373,0.810105642547451,0.999884993869311,0.998437569616415
"ZNF18",0.998760133801986,0.999993508727363,0.999946424552056,0.999999997675159,0.999811896319977,0.999999524582331,0.994755971188916,0.99999522150015,0.999508885931976,0.999064286867376,0.989847255278968,0.999999998657525,0.999731986096383,0.999403913256781,0.999989912203159
"ZKSCAN2",0.967284916694163,0.999899164198755,0.997419485333958,0.613693688015133,0.309829905758984,0.604576681447187,0.997112340215244,0.999656592197161,0.999974126715948,0.449583430574549,0.994182796703393,0.705658976953324,0.98437638518332,0.688947405532265,0.90655651279274
"ZNF689",0.985103824930541,0.995788989426517,0.906122173436658,0.998379020411969,0.999998034327829,0.972932850806633,0.994911579858951,0.999995196547804,0.941867459326772,1,0.975974733246811,0.999945341892271,0.863127023639376,0.999999999196776,0.999999992360321
"ZNF19",0.999691518510021,0.92307496754092,0.856531288363358,0.62328232291352,0.539973757126137,0.987122669016693,0.992608056945925,0.968465847009287,0.998168096855563,0.897939443426186,0.999999717191959,0.999635454158493,0.82878966234163,0.464898626340407,0.972208309085818
"ZNF230",0.735766135995529,0.945297990761779,0.353319445407755,0.989383994885699,0.592989963980074,0.999990718121173,0.999691715539748,0.917325053087131,0.887329884934564,0.966365644480897,0.999973896465602,0.623240564228575,0.836943736248569,0.96566769433211,0.999933009038898
"ZNF222",0.318340043078128,0.999991307421606,0.592040028609581,0.998825873397617,0.409281661972819,0.99740173195685,0.676795257279695,0.994525999049007,0.870928267545227,0.684925078169995,0.897795956915342,0.547911461662634,0.990818062096815,0.891507088119632,0.928944240833345
"ZNF221",0.979222931754028,0.0228475144714931,0.00800626212151812,0.999931278384747,0.999454766406331,0.0893934081794976,0.960259416236113,0.99999802657454,0.00595345251389834,0.998319146145797,0.957832595231076,0.608392693357021,0.0234614249488236,0.974304462281857,0.515806133591968
"ZNF233",0.999995027482785,0.68410080806752,0.684911955010865,0.876988723068881,0.863560914760325,0.999988942316286,0.46201456369381,0.488394294430636,0.999975463882529,0.999579066203034,0.552692429657102,0.631668434474479,0.995005885399555,0.99987823886387,0.955209309194976
"ZNF235",0.370141503060501,0.975150205208792,0.923637312898219,0.999999991962911,0.663440327839877,0.989948396779483,0.745907977054347,0.993610018368364,0.997152328933059,0.897842486577746,0.760523906900133,0.770011567002522,0.999999012482578,0.957387670074334,0.992245370355313
"ZNF208",0.999999999999705,0.997838993916101,0.99857757913916,0.999497340635368,0.999644390934897,0.99999995470513,0.971488514740551,0.981407178595466,0.99987421145798,0.999802245527218,0.258452448774452,0.463348980974347,0.88983467430236,0.931914099340773,0.952393020386522
"ZNF714",0.927128859587522,0.276112181991414,0.0702589970827321,0.999849323253254,0.929066539340643,0.703058357624543,0.634905639635783,0.994600060241131,0.0194515138156798,0.73078682476839,0.999981357030981,0.896407218744513,0.0959885657966469,0.998821485700227,0.486912547664741
"ZNF394",0.999596819848398,0.999998615652905,0.999978763511544,0.997863592495628,0.987095459517867,0.997065468848998,0.938048593916068,0.993026775877448,0.982188140053279,0.878045850456872,0.980478876571339,0.999948533863146,0.99865664001185,0.94002807210291,0.993223631721561
"ZNF333",0.958176635227049,0.983235333397606,0.999999508272058,0.97110809447923,0.999998494499169,0.999983504511373,0.99999306910142,0.987022952643406,0.9953205540819,0.988583079359579,0.99837385257437,0.981361385940069,0.995650671760113,0.988747266346611,0.999975629352021
"ZNF382",0.988457829892711,0.959757138903917,0.781793747748229,0.99996274565799,0.986669137357381,0.996831439183354,0.82455223758094,0.544590027016993,0.999831190952623,0.977371530026404,0.552917804509129,0.265722596142902,0.999906972059523,0.968021937825301,0.999996702340928
"ZNF577",0.95747460625433,0.998457739994424,0.882063119376435,0.999112484729151,0.99972569912054,0.987175566100251,0.972181647144192,0.999999689501569,0.907410588397184,0.999913110885841,0.889825048528655,0.99998756014008,0.801244469775458,0.999900973937508,0.999999930971866
"ZNF75A",0.79555902026472,0.999999534081261,0.856536563693562,0.979397925243796,0.584581899567978,0.992115714889726,0.999997441894176,0.800577005320042,0.999999999409732,0.991275754692204,0.999975577604226,0.704860568500073,0.999921942192389,0.941498609656745,0.999735960207994
"ZNF496",0.915922260686847,0.999982047969051,0.916619894295192,0.95017014561936,0.999999430163572,0.941482375539529,0.994536781382804,0.998126637672584,0.99033813636254,0.998031660970403,0.999142131078104,0.935071908574713,0.997304975400868,0.970600625387888,0.999169025441749
"ZNF2",0.490997731987904,0.9534456690065,0.981492212305759,0.999996417662588,0.706606090192786,0.970481601730739,0.647631020423814,0.999920675887684,0.996296690441021,0.809353828395873,0.588249974795695,0.957640621772391,0.999986796405374,0.875710773484949,0.994103377850648
"ZNF589",0.747579285134502,0.992056748649449,0.544186720410187,0.919757460281095,0.383455607471861,0.99790645755804,0.98616197699323,0.447179245082613,0.999999999809304,0.997694687092103,0.998985030027777,0.740048552436882,0.92855893407717,0.759988762440699,0.870360797676158
"PRDM9",0.999999999900525,0.000479733192986442,0.00152234714850163,0.999999999688071,0.999999999998417,0.0125570469509672,0.999999987416858,0.999999999267476,0.00162616230986301,0.999999999971721,0.999999997621779,0.999999999999712,2.63027235621882e-05,1,0.999999998630998
"ZNF12",0.0575617832741574,0.524276113946344,0.956796695689887,0.104577078617276,0.999436482643612,0.907536242984014,0.174435043858636,0.997561215968829,0.997987640090733,0.981278371331015,0.0210380712841625,0.956003031887163,0.999347776710676,0.911591038228386,0.999880157022129
"ZNF202",0.912075844175803,0.949578228040962,0.555868899483561,0.994471974505677,0.805541288844831,0.999949093104232,0.999976621257159,0.972284267600558,0.927734227833744,0.987920451640101,0.999999998452423,0.819287466407499,0.893519603104385,0.989092868271733,0.999959495491029
"ZNF3",0.971872628809249,0.999999990949857,0.989486157364945,0.983860086667412,0.830188979512806,0.988036663067513,0.999689438550617,0.997984999952047,0.999933300475795,0.955049953815314,0.999997070469338,0.900188229430805,0.999995259748703,0.981701017184992,0.997309429433231
"ZNF606",0.979038022917579,0.999802502682515,0.955561851283613,0.956840519194312,0.999812243375173,0.926548987990203,0.991109391947089,0.999997204176815,0.974639426626536,0.999187930167573,0.999996498467706,0.968210212362276,0.998534148682593,0.947920076480993,0.987817899289963
"ZNF91",0.986166284794973,0.99953788122941,0.99983826261366,0.99999997528802,0.997669812543476,0.999944036003898,0.890896566378154,0.998906731818814,0.989911444914946,0.973577100802007,0.947364433910548,0.999999779773651,0.999794679687085,0.996516402121629,0.991682803785946
"ZNF226",0.996195436555465,0.992613915161993,0.932824490754457,0.978235831297209,0.999571501498822,0.883898483591326,0.994212393694711,0.932978773519734,0.999999738814587,0.885242043719764,0.99375183287008,0.891301297872787,0.999772618909019,0.858829341642333,0.99993812610587
"ZNF229",0.758662579594071,0.704279888521619,0.150586306663105,0.998445293044246,0.989402508118025,0.67817980461286,0.999952098139264,0.900777128518919,0.665042894284578,0.99989389790733,0.998922391796566,0.364836874028747,0.709258224860785,0.982260551729129,0.992890651708463
"ZNF180",0.835184264266144,0.999655050857283,0.976589973107121,0.99711343416283,0.997441796996209,0.999968820780147,0.877475764455329,0.999999270731664,0.98599246192285,0.998863973117659,0.991023712331629,0.919131060360075,0.999999606673082,0.999979281468031,0.951477868533866
"ZNF641",0.613026401050818,0.999749223030246,0.888553765501196,0.995503974067082,0.981627989121905,0.999884930851297,0.228533466498961,0.989516868667585,0.571863014566161,0.835668295587348,0.59440914342706,0.989296078330844,0.958703664846189,0.998782461680337,0.695336456584345
"ZNF610",0.739597165639885,0.966920710812382,0.410659258441588,0.990321922692577,0.997362548997156,0.854601853920572,0.999935513908407,0.694641646177042,0.993329347163688,0.977544263638987,0.999994496214153,0.464201221050077,0.956340508862175,0.972858405330876,0.999986363208348
"ZNF528",0.837525731926449,0.984189036519363,0.580202837386469,0.99996402876377,0.979809348022291,0.982215302605547,0.998228116722879,0.681153627673536,0.999803292716122,0.99625366523137,0.89564508219124,0.187034640374876,0.999999997271597,0.95645164485185,0.999166215277567
"ZNF701",0.746413034565362,0.9997521840665,0.946200230974012,0.999999993696373,0.898660926487473,0.999866780753582,0.992433927899219,0.978134496334368,0.999918035761725,0.997334314612697,0.999816376416174,0.405159568855392,0.994932082634022,0.999996197939811,0.937331850232902
"ZNF283",0.883871371122585,0.921178926820372,0.454023194002072,0.999996589533893,0.981208790870492,0.952592582601801,0.811955507218141,0.999990874257691,0.374499198070438,0.963108259010285,0.99999212897851,0.687518112424035,0.892738287091801,0.999929269737886,0.562948236999144
"ZNF558",0.986963873200007,0.997418620203693,0.926474331544218,0.99903645874125,0.960585412308003,0.999999999383339,0.989631015051588,0.85855459233432,0.999998737453418,0.999997864849748,0.998358615121747,0.997456644112475,0.958210324881699,0.984741482622479,0.877496426157828
"ZNF597",0.788026063650434,0.919398628414218,0.999975467335587,0.906351222587545,0.999999999997955,0.999987499320389,0.199943181492779,0.933132018807084,0.898725446182293,0.972401222823661,0.84791530240769,0.98882613283153,0.999527238442754,0.997344411246751,0.40960812558195
"ZNF30",0.707382133507956,0.567909802069566,0.999534425446116,0.999999942185653,0.90994819053398,0.818736948710866,0.984911050962015,0.98133994328682,0.926623059922475,0.997624554915445,0.731674422593496,0.989537477111081,0.932336369182223,0.970306548038618,0.99942480119333
"ZNF354A",0.990648140967138,0.962424573011476,0.999850073409876,0.94100727605929,0.778236154088974,0.693525755942406,0.936694530760867,0.999640833514165,0.999999997894993,0.629106490862714,0.999999959946311,0.96933138940863,0.91279103238523,0.914222313548694,0.837973478866205
"ZNF764",0.996653292077143,0.715871133961916,0.943339041860668,0.9999971284201,0.997114989838214,0.834720368168365,0.991167624352672,0.999998396735996,0.964125026821626,0.993774035651235,0.995897847049717,0.999974251893067,0.774431743845088,0.998017309064821,0.999562541280931
"ZNF747",0.653789358257294,0.999999984175547,0.812194673510294,0.998946969721451,0.970561746733448,0.999617807587339,0.996756223128319,0.931489035761962,0.999089101366692,1,0.977549570923826,0.797987709403466,0.996584990937484,0.999999999976014,0.999999999881137
"ZNF778",0.627965257863633,0.999996213334537,0.709066255369143,0.982095621522575,0.995626838752021,0.979638811541938,0.609872871400108,0.999999998318068,0.69452698495312,0.994715150207173,0.749327942554671,0.966925225389539,0.864722271171991,0.999999991845672,0.960316067564115
"ZNF212",0.994290250605329,0.999990751827235,0.99137628851739,0.988524405845911,0.999964212544594,0.984247328554144,0.958981838842283,0.806327996575602,0.992301385941213,0.827075647910809,0.999999997450997,0.9870545049979,0.99996220495022,0.982122510010865,0.894407207315144
"ZNF282",0.998149293512671,0.999986607386003,0.999933463936716,0.949055937711049,0.858432856885901,0.942287948353468,0.787090773055802,0.96756654868279,0.931632421376981,0.475345916351823,0.999859309603029,0.99954605990389,1,0.858693916948997,0.730384149886247
"ZNF160",0.999839026710714,0.932703126378618,0.882242942021297,0.896353101363468,0.840938361862044,0.999937474858561,0.965979733832357,0.926434588203297,0.999956203884173,0.998646499922891,0.974618747594243,0.933607562586815,0.992222146741321,0.975495706474432,0.999056645949236
"ZNF415",0.882297594901854,0.993193810462582,0.701535300673363,0.914998568922287,0.498537486983357,0.997188246938547,0.990685055472399,0.997549745820548,0.907711142944887,0.731151991890205,0.99852687334002,0.910770482537197,0.928747887282152,0.740020216511453,0.998530376111572
"ZNF439",0.996006295159028,0.874511451790965,0.695634954893467,0.99859580298477,0.999999999999084,0.825352468709697,0.998710386709683,0.999998773204835,0.748805977986953,0.999999363478696,1,0.989120971474424,0.773865013144439,0.997446585443765,0.996371502804525
"ZNF440",0.990863297509855,0.999525778163133,0.999943976644263,0.737303045742504,0.506499059692725,0.675208125651011,0.634945292787221,0.378274169008053,0.598341572664023,0.999989159678488,0.803168583303196,0.479118339393293,0.783336259976994,0.965851371990785,0.953281659710982
"ZNF562",0.99021738733179,0.997920650749594,0.941147325887774,0.967032227354776,0.833906379004467,0.998980940973869,0.999642125322502,0.999768886949484,0.985692755499022,0.923592539889271,0.998728192804636,0.998186686790532,0.96591843871363,0.864124162777032,0.999999963753005
"ZNF561",0.999691643442034,0.998590336782561,0.989150995680504,0.999945012457402,0.998367944192782,0.999995332359887,0.912296267914763,0.986017025274003,0.822171062675438,0.931821027848699,0.999990386286376,0.999879930840136,0.991839401274875,0.999520496958522,0.866350424224746
"ZNF584",0.834564517772541,0.997169283294672,0.699644626592572,0.999997015092178,0.968729660382391,0.99721933287175,0.997622733251634,0.662367279363245,0.999999945504834,0.99775850620207,0.909579655941358,0.987578824976117,0.787243633395519,0.996606954573338,0.724916288377919
"ZNF274",0.999999998800387,0.231453123988134,0.300001550026576,0.988301007116941,0.989755066781211,0.845051875722372,0.99990955156722,0.999966754985581,0.220297420270263,0.972368266949498,0.999999946099729,0.99999969898843,0.105601844133304,0.983367517360721,0.99948409633083
"ZIK1",0.852488783881228,0.999986785221307,0.868473141422001,0.99558941774634,0.998837266215992,0.99220846490844,0.999998393917846,0.926005603280145,0.999907958180626,0.998523972125008,0.976023062931678,0.324354693862226,0.999221971972287,0.908927405447615,0.975734666353179
"ZNF540",0.910458459447213,0.999703072458418,0.867284070725019,0.999999998765011,0.969739422774217,0.999948675456313,0.999960541055901,0.877430309168564,0.999998001801045,0.999996110437573,0.991731204638401,0.508138322976672,0.99999952119782,0.999503523821951,0.999868618613645
"ZNF570",0.455554138995896,0.996656524935458,0.879227330112516,0.999889042273822,0.863232810102867,0.999984921980982,0.64143998126697,0.999811496700225,0.955580017309145,0.939368833347213,0.858325861535737,0.77970807759153,0.999807565211893,0.998220154185526,0.932257579740794
"ZNF57",0.991368741327115,0.997685380554141,0.942353297191768,0.999999998559871,0.997213375800823,0.999511500937578,0.999988726262377,0.984006052530761,0.999732578761874,0.999999194745788,0.999911898937845,0.939985794688177,0.999137608876296,0.999997772063508,1
"ZNF556",0.9851452497121,0.999573886227255,0.956208122157735,0.248789446277435,0.11880162864813,0.515608392474253,0.977251705786754,0.797852399193409,0.999472678866135,0.641151016551585,0.998039530280412,0.844289138895963,0.999999894098166,0.235624048381406,0.993870671616207
"ZNF554",0.941095381105758,0.999782844229705,0.995156432888677,0.995287416903027,0.999959658177945,0.999856744118736,0.973974481110215,0.999989873016323,0.998856937133418,0.999999665857068,0.991038573616474,0.987582447369357,0.999997762870998,0.99991148967119,0.997837717654295
"ZNF738",0.240447325898972,0.815887357429898,0.0402059777638023,0.936841535564894,0.969293560174447,0.478380612145855,0.923022867381005,0.861931491598251,0.369358106504472,0.999989347016771,0.998684751526759,0.162669990856228,0.499890837289202,0.963696706303242,0.949364273665145
"ZNF596",0.91109860716125,0.996031548908254,0.773037688961115,0.977984006778165,0.99999970632162,0.903975777318091,0.0766378701686901,0.600007851168593,0.0708756544889683,0.738042273699079,0.974424359195872,0.988176073942348,0.863010124629263,0.999059604708913,0.0705208508166363
"ZNF621",0.999938980008736,0.998187872580174,0.999936380081445,0.983264498574989,0.996499586363501,0.999744151328504,0.999990395789009,0.999487599165571,0.99540819991419,0.9743327043067,0.999921235311569,0.99764493968653,0.985180556628354,0.943769491325677,0.999999999999635
"ZNF680",0.947601801580196,0.916293197325001,0.552132980265024,0.989006895342508,0.999999599019772,0.767265466558369,0.939278441497432,0.999999996485878,0.534345170515824,0.999998419047026,0.897183145915124,0.999919419376977,0.380777105899268,0.999999767695342,0.999817014957843
"ZNF483",0.999980497966179,0.873435429071566,0.847459484747936,0.999425682156366,0.997824439403723,0.992894183849839,0.999998757470979,0.999999826611951,0.873888032701812,0.998827699036092,0.974788842217983,0.960498225743797,0.970311053872147,0.999999693117734,0.975618485282148
"ZNF417",0.487028201784589,0.999591710094718,0.82758358695569,0.97770565283218,0.987475613637425,0.998435277742249,0.672900384228127,0.999812939483275,0.925568332048322,0.998183825396701,0.852065379057649,0.818571069166592,0.996731641741013,0.999995763491059,0.95123207259604
"ZNF791",0.940475985493284,0.969706987767451,0.666540821262812,0.999998190795886,0.991616132141966,0.981463696881009,0.894308821928644,0.999994130216294,0.588576938313277,0.982006377409578,0.992039242755844,0.986161562188182,0.756745421227087,0.999906315361892,0.960179573359447
"ZNF519",0.881538858335792,0.91337966555494,0.437324747551266,0.185949163090122,0.0387791573066195,0.765422704393606,0.999998820773062,0.884798018604926,0.955999710622863,0.273174468365241,0.999998830559481,0.705778268552863,0.868196598955499,0.109713381382429,0.999999986769683
"ZNF25",0.994966485419267,0.999822910138509,0.999952548709106,0.999978748993877,0.999906804133611,0.999999951839544,0.969233929506112,0.999893493751163,0.998253538539717,0.99818228885571,0.999993314238715,0.994388191441565,0.999937106598774,0.99999742853259,0.954879718561197
"ZNF77",0.997022844337446,0.999394050549143,0.999999356759686,0.953026785560135,0.997099917139375,0.995447171347789,0.884157113840071,0.992907013870851,0.990082712801318,0.99999999999929,0.887648074470863,0.999547507799152,0.998829246847779,0.999449344142641,0.997594672609358
"ZNF169",0.813573044736554,0.985865464324029,0.563588771470217,0.651390939467489,0.186515264925231,0.955961434489255,0.965126252566135,0.998638899831795,0.789081706683698,0.334474871318109,0.985399153336776,0.919711845061727,0.80427248936748,0.292103536151916,0.997605289796274
"ZNF613",0.999936677049271,0.999688618588422,0.999999000043536,0.205787693577426,0.195537834093358,0.212273823574638,0.999645184493177,0.997003022967963,0.994837509705901,0.38048691358932,0.958156481888023,0.927062698736339,0.927765449459689,0.297993221024744,0.999473431288431
"ZNF404",0.999997175609674,0.999986950479807,0.999886561775856,0.99999999875649,0.999999863866391,0.999991629127704,0.974663935691828,0.99197472373779,0.970417839257153,0.994455238231004,0.99195941623978,0.999346467584427,0.990164969762214,0.99951950581861,0.997698122284224
"ZNF135",0.578891329249828,0.999946333771378,0.839047941052099,0.999614443051784,0.660099082725025,0.997944084606754,0.94546314657703,0.205373977414208,0.931634779181998,0.998921084052057,0.985692471445835,0.120107449360539,0.978203227541546,0.9999999598972,0.992984818643143
"ZNF620",0.999997047450593,0.901171256479081,0.893907978664089,0.999658187130788,0.999956767137681,0.888825133040337,0.969939433910362,0.990141660725259,0.585820758842588,0.999665678350967,0.999950326335004,0.999999998042152,0.735285858870811,0.999930155705733,0.967017259451723
"ZNF619",0.999999763816184,0.918231117196692,0.923039677092813,0.99905831090259,0.998619148452978,0.997826301502976,0.937424944928235,0.969062978356306,0.534162149962248,0.902220646147611,0.991901038067992,0.998640426983734,0.600273636280694,0.972030824506222,0.984952802030999
"ZNF354C",0.534013696206817,0.971956233846268,0.977298384641168,0.999948846709919,0.688587333594129,0.970438712341593,0.761492727655071,0.999428928662962,0.998196486822572,0.839301394304585,0.727246431796201,0.932599184748348,0.999997726368658,0.890749406982996,0.996191656264037
"ZNF114",0.998727712445146,0.982522308906617,0.999623908544411,0.913033704438801,0.985696234309013,0.999058665499797,0.988973221056894,0.938110953202396,0.852189862896603,0.717820749944772,0.999999492802771,0.998260157255009,0.973271722937751,0.882482714600816,0.959252423102109
"ZNF454",0.835252764025923,0.922812165233326,0.999997873669064,0.865865248067975,0.376238835058792,0.491791004231474,0.84648171470067,0.999999999271689,0.999999245066692,0.386476702481391,0.961333578987689,0.966946646847762,0.993220909623417,0.488134864076832,0.971904991948876
"ZNF543",0.846105176260661,1,0.918165662601553,0.970403248526266,0.999990671757594,0.981921818039116,0.999999949653508,0.870943229502321,0.999999976268933,0.971467476404439,0.999998358707322,0.639007078636704,0.999999639484559,0.934532542825686,0.999999999216362
"ZNF354B",0.961640928080335,0.999576325367181,0.998482913781794,0.999999997751833,0.987359397587671,0.9998061756807,0.929137597234224,0.999996135388217,0.995186156056475,0.97604258736255,0.999992845033539,0.94300482782967,0.999788600882046,0.999997244149727,0.890395799595384
"ZNF223",0.952410574814921,0.986641959656008,0.76446472031655,0.999963089701123,0.961201991529875,0.999438690102761,0.987404611282869,0.999942655062317,0.861757895030095,0.985837233071343,0.999999999896305,0.893652089788852,0.969764313228812,0.999917393457696,0.969748873563154
"ZNF713",0.998404632873944,0.947777763609528,0.848796840871034,0.992501922918209,0.999902915684165,0.83523465129056,0.722552073033807,0.942794968738338,0.348063719702288,0.99560299307078,0.926830214335328,0.999687789174463,0.500102635974443,0.999999815974165,0.934853227509683
"ZNF552",0.993743090041413,0.999483171657491,0.999983318347984,0.0597364680347298,0.0318585902845552,0.0675957249500273,0.999771605903159,0.973986709977592,0.994470927311318,0.139627344401097,0.996007110642276,0.880743198057759,0.974428952041045,0.0496059804435089,0.999999670247593
"ZNF154",0.86703210612769,0.97923751687433,0.999700744980295,0.999999968753536,0.966678223277372,0.995455465298977,0.942565382887422,0.435589776368312,0.707794889458101,0.978552138806135,0.820863357229469,0.165384859449792,0.508362640399212,0.968035062262503,0.999998298388532
"ZNF571",0.988129645520094,0.999885208940347,0.973609953045097,0.998147981976012,0.999999740387594,0.992844459019714,0.999993729286754,0.997430409181558,0.999410793166386,0.999651304595232,0.999947700837678,0.930592505503795,0.99999321052182,0.990399162052517,0.999404386330252
"ZNF443",0.75838727886853,0.999958263788887,0.773689238608175,0.998939155242287,0.750347887539602,0.999966730591206,0.99999998858146,0.837942857273213,0.999936375800425,0.998848259207942,0.999450624404286,0.731972034653122,0.996918201290009,0.988617630829153,0.999910342594384
"ZNF792",0.937066611575237,0.999999969013579,0.975523474687374,0.999787390635004,0.997885537425794,0.999943920595536,0.999620914280611,0.867465149608841,0.999648710699696,0.996532255895745,0.999188983105362,0.696675060595823,0.999561513997583,0.99505852038217,0.999999479605082
"ZFP82",0.32789688924991,0.999999631836978,0.47240825880402,0.789943792352013,0.999581698039024,0.82965269298092,0.999999999931814,0.422535941617814,0.999999897329461,0.82283926562096,0.99584124358044,0.048548720180823,0.999767048109589,0.499215599811664,0.998567304377583
"ZNF707",0.999448983290292,0.999999999999327,0.99973551100293,0.999999954887617,0.999953971832963,0.999999959192845,0.997513299724502,0.999997533180965,0.998816791336986,0.99970945879463,0.999999997750594,0.998822647948112,0.999999998091704,0.999999985157602,0.994398982523195
"ZNF746",0.972918430157379,0.949098991252667,0.999976337798475,0.989030504718556,0.999999999680783,0.999994836167211,0.975428150863207,0.742127757549333,0.698740894963268,0.862436725863903,0.999111377233088,0.987565957692295,0.969486377238681,0.996592049347893,0.822784630826962
"ZNF678",0.122553927857282,0.941142863687414,0.77269835095474,0.964952640908516,0.858319558672338,0.999999999921593,0.107100645419757,0.999999919995776,0.743359388673562,0.837391076654889,0.33402904190721,0.678867337365972,0.998636283433,0.999589462877829,0.631119704353951
"HKR1",0.999999941862801,0.990951980962802,0.99095112214619,0.99921720472302,0.999678460677099,0.970009166443841,0.969613858567019,0.972891104906216,0.999997710035949,0.940474938875251,0.910886334906529,0.942326591085614,0.999999994071891,0.912117314951862,0.999996001905997
"ZNF101",0.843444490393099,0.430490051057413,0.977147486965227,0.935707225532095,1,0.989750632501689,0.975972295407654,0.998554265340179,0.877181287348029,0.99945490976015,0.817146832088329,0.997938062472231,0.773813959160137,0.999570815549731,0.999997299432037
"ZNF716",0.985557787458777,0.982824673197359,0.999999588346517,0.98322300192758,0.999988265879626,0.999999543092303,0.997324133337196,0.999969504158499,0.999866911318222,0.999648732816332,0.879326741377994,0.999998610863291,0.999999999948731,0.999997573021583,0.999294441688218
"ZNF708",0.882261032985314,0.997830770262755,0.995299414764294,0.789412845068017,0.998591624200502,0.963948819866684,0.649914978610764,0.998706623708144,0.949335178243318,0.999999531895194,0.966845605671485,0.982474062371086,0.999999885970955,0.922944478205744,0.823349537460409
"ZNF721",0.999994054406699,0.999298220467136,0.999940779573437,0.573564061988851,0.695868532373218,0.834564613085163,0.900388308185748,0.959964711357951,0.993077341328107,0.971420613716556,0.976040675809837,0.997500294923731,0.999995188822738,0.718786593955815,0.983660580802624
"ZNF662",0.999994316733548,0.999999900434976,0.999982286341711,0.997853503809258,0.999561123554147,0.997880379705505,0.999959866504747,0.999674759501406,0.999997603175186,0.993310513382929,0.999989034436604,0.999999988622647,0.999973895484048,0.998519140319146,0.999111009033175
"ZNF320",0.773777371367179,0.835759005775583,1,0.999967905063929,0.965006269224591,0.972684167207444,0.647415732744729,0.999961868116028,0.999970549064266,0.927229021383263,0.883589972175251,0.978060199020468,0.988419640794419,0.997688384800317,0.920694285907751
"ZNF530",0.610170796524368,0.555365028875308,0.0575306430526936,0.999998765892745,0.88264083056657,0.737857617983352,0.999833017252013,0.546792978100153,0.767851183419754,0.999737788308405,0.999999998300856,0.362165511636168,0.374289011975119,0.999995588441028,0.999660790311829
"ZFP1",0.997754241289527,0.335083231520424,0.658686369419042,0.569199503862065,0.82219020824481,0.999998467412815,0.704598703265922,0.9429677510989,0.984522972181841,0.99652153674431,0.803410027471398,0.995829754073285,0.6683127761667,0.876723926994496,0.977751119121293
"KRBA2",0.459360432397511,0.491670698182619,0.999998565937356,0.999987926474738,0.664090811658557,0.660296900629004,0.853741856563417,0.990259479359028,0.985600905116193,0.913386948274698,0.489323756456263,0.970000357432138,0.964765504240322,0.815897331981378,0.99999998110051
"ZNF93",0.892636688345061,0.945472719553288,0.51632737899834,0.695485294208327,0.270220983881968,0.990422886987209,0.921201124533576,0.999999646657962,0.561022835514619,0.300282103629341,0.981040382530084,0.976550584156107,0.616792363315295,0.320730481533057,0.987923927884853
"ZFP90",0.558461667912673,0.693878539017801,0.99999985935135,0.959698243087098,0.997423479650424,0.99892067693783,0.688856426831112,0.999966911285412,0.999997569919143,0.999640523502281,0.65519653693602,0.966109192835042,0.989019002472636,0.999999994471864,0.99381656871844
"ZNF479",1,0.00388486835794954,0.00925919326436209,1,1,0.0461400828648437,1,1,0.00925919326436209,1,0.999959936252365,0.999983851980679,0.000591006492861923,0.999996814823466,0.999983851980679
"ZNF445",0.9715723265776,0.778845669834491,0.993093883547151,0.988582670723992,0.851709343715494,0.618173748177444,0.999997343014087,0.96547831798891,0.779990923367604,0.995715164329436,0.999999617376897,0.947589169169704,0.66686025873884,0.973950813250383,0.999950240970974
"ZNF74",0.964003231412553,0.999999938915658,0.987590694502275,0.98135955785645,0.802516252698111,0.984967125537186,0.999972185681504,0.992134793462166,0.999998244882058,0.967595694643553,0.997349290684392,0.988685290527856,0.999791651040254,0.893042047328812,0.9999854665582
"ZNF829",0.706087090731777,0.998764552807166,0.618579211582089,0.999524175756475,0.972009402672652,0.991372426924159,0.742070907959888,0.99999992408669,0.651156516180168,0.978510974691165,0.944127401991382,0.907981825085886,0.870528895596384,0.999972181057193,0.931715519306017
"ZNF267",0.884082296353897,0.900421797406094,0.999999962077062,0.976818655258073,0.999996487839194,0.999987694710918,0.731974850992275,0.999769830796315,0.999943445828387,0.999324689236237,0.999893969956454,0.857729839572346,0.891838433444634,0.982607181730994,0.649097359808367
"ZNF566",0.096317696769482,0.999999785004235,0.255232883846889,0.662256553392899,0.992437702524652,0.787222901322849,0.297852968459253,0.995344043144806,0.525708451795696,0.99998830801533,0.676008787077912,0.314751039109297,0.916140042832133,0.964544482567846,0.742035640634989
"ZNF224",0.910710396654399,0.999855456552327,0.882754207321604,0.97726742159609,0.999999781488052,0.956851495665483,0.989857104666576,0.999045184203474,0.974730176542565,0.999898553954896,0.999639103087279,0.914164828556393,0.995205185416359,0.987060027877933,0.995846130877296
"ZNF529",0.547091825047947,0.999999867269966,0.746318492151208,0.982079135056146,0.990448837963729,0.992495376844317,0.991971086936032,0.913372781881485,0.997965193047464,0.999924358093855,0.998510967112253,0.164725441524745,0.999061416892667,0.906964414392791,0.896315073668731
"ZNF284",0.980775716306125,0.99869425094644,0.928425974932696,0.999999537186713,0.997565952592093,0.998959890289762,0.99997530212346,0.965842624175868,0.99993032393986,0.999946297637479,0.988613901618958,0.999272798366724,0.938489210882218,0.999724680964919,0.97610474095634
"ZNF749",0.852497875547087,0.999355938096073,0.984908401740873,0.97003291404595,0.601135287688273,0.928238973882232,0.949692239683141,0.999837987123698,0.998076536274541,0.732258645491169,0.981178425788701,0.955180276180757,0.999998097391758,0.783034076989343,0.995706763841232
"ZNF17",0.735818981150373,0.999652897043027,0.946974237747886,0.999999691374258,0.927603432709617,0.999980617356376,0.637303007711715,0.999990254664839,0.906947766463325,0.886413410052724,0.98303478249579,0.860398301878046,0.999991619541433,0.999464541375115,0.759969808695132
"ZNF555",0.889109624773493,0.99969059677146,0.844097925145794,0.999995319575553,0.983184938002889,0.999366536169836,0.998442324571864,0.752570075314815,0.999999661530611,0.998161728298441,0.999999940022863,0.79030623034989,0.998818942710199,0.999997533243675,0.993667082481701
"ZNF75D",0.907291219700782,0.999988850998977,0.977631986856761,0.257947810608192,0.783922158918591,0.447220359015913,0.998943925538288,0.991223992690434,0.999971884898291,0.484405172734935,0.811265407349584,0.999904320162697,0.977251850728318,0.520941248136477,0.992538994101266
"ZNF197",0.995818956451133,0.844405697873347,0.984923966820552,0.999997968070896,0.996805995423052,0.912943090923415,0.999981442688628,0.999605033028007,0.930839242904004,0.999917934532245,0.99161417084001,0.999992935570524,0.924387495048491,0.996929680248944,0.999746571239557
"ZNF732",0.829278846089265,0.393965443329076,0.0694081958323627,0.928043426572526,1,0.188780615405957,0.996652040105261,0.984850411418061,0.255787721036787,0.993829499003282,0.726810635531853,0.999411676073413,0.0188575335800184,0.999870750322473,0.992609213412047
"ZNF546",0.322151111144037,0.986610460941577,0.862522060822801,0.98026824487954,0.952606619559846,0.999994438415918,0.525272249297684,0.999586678786194,0.956241131252416,0.989629169164016,0.901014618441973,0.548971463436792,0.999999999985374,0.999977304443527,0.805572338093472
"ZNF286A",0.941930133026981,0.99629793707065,0.999559860095985,0.999960487588185,0.953927860509197,0.993530426721616,0.9310728256756,0.999999990870319,0.999281612244673,0.947049086524125,0.99346584814616,0.984852568390492,0.999973135353477,0.993615337738717,0.97924046309737
"ZKSCAN4",0.965273233934192,0.999077685349543,0.908805311594094,0.695546616376214,0.371755611342801,0.911519936536424,0.99923968687579,0.998372531802821,0.987541828937052,0.581152355878955,0.999999872158144,0.932262461053272,0.996664343190871,0.551549524605961,0.998826006239454
"ZNF643",0.877655789077823,0.999760602172775,0.984012085661303,0.873922785245083,0.428730258533182,0.829406366116842,0.919465845773135,0.999998136257,0.992095678352497,0.481611199037841,0.999968763146423,0.828403262621696,0.999957479498996,0.744779555681534,0.890566924262617
"ZNF642",0.698599759493431,0.0942361672204095,0.804912748828804,0.934889330337821,0.999960047366482,0.816138779214963,0.449268308930514,0.999185892257322,0.937478842674327,0.996475815924398,0.766369806873332,0.98320448910729,0.247562709807607,0.999829297446182,0.849771405401488
"ZNF490",0.999771373459802,0.928361164719467,0.98594918860116,0.931181148704531,0.982289740656954,0.999997969855795,0.999834574679006,0.999999999840661,0.984461015890576,0.980747309745676,0.960191884993445,0.99925908721508,0.994558404713494,0.992313372335728,0.999008376601447
"ZNF626",0.64450344811116,0.951043605174395,0.996491281166535,0.703985852105109,0.999936677384715,0.990015644251009,0.636335727957039,0.9999999999672,0.996106507678198,0.99994956002333,0.949925932975049,0.850860740578129,0.998656157825573,0.880688986311465,0.843533731516316
"ZNF793",0.104639094484444,0.999999998845491,0.250749345422426,0.471967235181056,0.999812892070015,0.605758663329638,0.0783438205646156,0.999997073960626,0.205788068167848,0.999180602084186,0.0942707623650888,0.905623843403451,0.397430935837324,0.998122268854435,0.84157539502319
"ZNF383",0.61997222769797,0.999998463562022,0.817830641445137,0.988581610853654,0.497387741508101,0.987567259154416,0.662879206253479,0.999999868302587,0.845423756903867,0.529509293453723,0.796983046799038,0.948840352985831,0.964659330438273,0.681280473335781,0.966284686611192
"ZNF669",0.997372747333276,0.98910066280621,0.928384672156612,0.999529651037235,0.987217989092003,0.999959705730119,0.531604024760981,0.861444993560198,0.34449595068181,0.617641911545208,0.999839851664204,0.999249929487737,0.938967800048608,0.995343423844143,0.411125833462559
"ZNF559",0.963307568188014,0.57701912142502,0.961395465955358,0.999877330188932,0.959061527455975,0.673883234467069,0.0802222907548329,0.0219237070689977,0.00389881170129336,0.460296384597066,0.99999903451827,0.884320006525057,0.348566923559272,0.999925568593199,0.0178718356945721
"ZNF177",0.999859155607393,0.999662612145957,0.999999823503781,0.980940670045148,0.99682735209718,0.998667871106521,0.998264102893465,0.989820427311943,0.988215582683627,0.924154357841614,0.999984565541678,0.997734106088259,0.996961441801286,0.947395725424468,0.998835998948241
"ZNF548",0.891746358879744,0.999999999276167,0.938930415752863,0.997202967438444,0.818741759639216,0.998654564552087,0.99999449020235,0.955119921657276,0.999994495401926,0.994549590313338,0.999224679181582,0.589790776037796,0.999901927807085,0.999593892962842,0.997391995873656
"ZNF563",0.996710951271431,0.832773815112754,0.979974425127552,0.810094830228133,0.962386720765412,0.999968292898694,0.81477991461651,0.981769416253502,0.999999807044875,0.999849248175723,0.999349288589232,0.999605157248128,0.84429412924019,0.831329160416445,0.809208642180201
"ZNF567",0.372357496760545,0.999914775545127,0.428595770708426,0.590420998012007,0.999999903897672,0.58765279225075,0.306068415417256,0.999997424946377,0.367897902313588,0.999999993804437,0.943066058942952,0.548866144585402,0.937319678953868,0.792882883672829,0.452752467357135
"ZNF573",0.365266484779374,0.999668162766385,0.382904277953934,0.689514962761307,0.999998614463476,0.64150680701991,0.441027402376039,0.999996716502576,0.447786339030798,1,0.538993101751463,0.902413264737859,0.608269112996739,0.988120462688755,0.949662873584756
"ZNF527",0.937884506229711,0.999615749287196,0.996010586709884,0.995817749409967,0.999932593420478,0.999935924968392,0.718512243649914,0.997706614312484,0.942249651440725,0.99209487126405,0.985673553265666,0.990674436424528,0.99999694328915,0.99997651356805,0.834048684951871
"ZNF33A",0.999596419824369,0.98539741108543,0.951066058645454,0.998796085095887,0.990823789662173,0.9999819881065,0.624477550647323,0.860259596231731,0.391686306872215,0.645048133296007,0.998496546344302,0.999999971553096,0.886767967358596,0.983117540056112,0.602544873388384
"ZKSCAN3",0.793104096190929,0.982400371236254,0.522558793588465,0.24823582616811,0.039155686487638,0.700690593243097,0.997502389731058,0.973359748989878,0.909035547525894,0.16550409493679,0.999999999085248,0.621433427542368,0.959647409872661,0.136849305020304,0.99418907067592
"ZNF676",0.999999877481286,0.999957956679407,0.999994503346518,0.981423362417052,0.989659268709604,0.996916325029451,0.326522324745524,0.462627114496113,0.632168594970774,0.951952321736067,0.684107262977754,0.858569014297095,0.958990921309732,0.999998905241056,0.774818017008096
"ZNF699",0.473922280608213,0.999896420643306,0.782083536955212,0.99421754201476,0.960389076077309,0.999649118890091,0.447122965753067,0.999999985899619,0.761826544370024,0.953561807385989,0.442401288923863,0.982664087863103,0.891678779453723,0.995954018342301,0.975878823816378
"ZNF250",0.9636769222713,0.999999309971528,0.971805883708546,0.979736124693258,0.795229415394926,0.992572161183399,0.790849737187715,0.401305693056317,0.913366084817715,0.999720046431673,0.983242629612938,0.616511690918482,0.998690782345476,0.998694499115369,0.907503913532506
"ZNF79",0.998942195999983,0.98417784705126,0.933426174753351,0.99895681424133,0.999999678306514,0.95460967545417,0.998942486125395,1,0.933431318547086,0.999999677957197,0.999949955195908,0.987682138226445,0.986378150399521,0.993829110856114,0.987684466322231
"ZNF681",0.973819112005386,0.99978938332996,0.947548350025194,0.648616447835994,0.950601236274295,0.61722212967703,0.999996532726862,0.966845228156886,0.999988385423145,0.647934008017019,0.999348835594419,0.825430944498676,0.999999690802241,0.39374902386234,0.999992622937111
"ZNF766",0.85121402172662,0.999421384342813,0.78699528527395,0.99436757115415,0.999144498789117,0.976102929291994,0.998496332045576,0.705604648210557,0.999999992551456,0.964578603663942,0.999999999989693,0.705499822366659,0.998562351113662,0.99049086319158,0.995536217373852
"ZNF471",0.565285336696407,0.998714650170853,0.903970772856904,0.97097968158648,0.995766197679937,0.99882319369335,0.999999477320879,0.703873834625866,0.99967904919591,0.984714327675189,0.999999811356492,0.356821100653324,0.998266572748864,0.959858820240712,0.999999971308117
"ZNF836",0.961604460732763,0.999994093880367,0.992269861643487,0.837551926085804,0.995547140316414,0.926650929492369,0.980540622289479,0.999997684074075,0.996873677866894,0.990601599264884,0.927527405149831,0.999925528782646,0.993980675729177,0.971238251395183,0.999999721217816
"ZNF493",0.833030438346839,0.999935806818056,0.96264057005665,0.997679291112202,0.774202962559027,0.992976091785053,0.944689668454636,0.999769094598537,0.992956983094105,0.882790544997588,0.998683787196027,0.852907815079717,0.99999999220453,0.975842990357233,0.968785804591085
"ZNF167",0.999998240561781,0.811822871549477,0.814378510012141,0.985030625571315,0.993723438628875,0.626841654660936,0.95790323397021,0.953352270468474,0.997778380164374,0.807050447952218,0.99997749339399,0.99978776277039,0.753736315144303,0.955294928686385,0.944734691631713
"ZNF565",0.333976855225749,0.999993298422159,0.603748169521453,0.846520542333561,0.998430188588508,0.932444894626627,0.980658365308017,0.826850923433501,0.996995352982228,0.991782353207898,0.980720046098658,0.390531476623505,0.999248733618707,0.943506044817537,0.999727213388798
"ZNF34",0.939193959458121,0.985858842208579,0.73403261837312,0.999996874716646,0.966944211352748,0.998527290683935,0.99225982777372,0.745897681475737,0.999996048149925,0.999532838426415,0.999064068543715,0.69716286177856,0.995551301371647,0.9999991116459,0.998513215238724
"ZNF140",0.951631960166239,0.336942404153893,0.8606525579705,0.973824618091374,0.999999867328508,0.945240934799892,0.6410825001769,0.990025457943826,0.991913922827522,0.997925784151519,0.869914490718044,0.999990523928231,0.605815145488854,0.999973369038852,0.925472604177649
"ZNF658",0.997018303970146,0.999284530758376,0.999999673082514,0.999986721624726,0.996121158845052,0.998454566931192,0.49641146196233,0.333467041453812,0.465071685600079,0.849941017940604,0.90352214974231,0.699872606987277,0.849544688000256,0.997628250848809,0.772348873851883
"ZNF765",0.991095941412169,0.996796301857614,0.999999882150154,0.999986767142059,0.999678719268126,0.999906244778408,0.999986770034122,0.99861211443164,0.999596228341292,0.999999995969254,0.990471094899712,0.817181863577989,0.91464714442044,0.99437410967692,0.981966317593361
"ZNF124",0.998914855510438,0.926280410906114,0.992324674831162,0.997047072879892,0.978066237638432,0.849764081876091,0.449869406934372,0.766693831600669,0.985795711667703,0.466195355836002,0.996890529885299,0.999999616003165,0.965817371846189,0.963766545331774,0.423295981999741
"ZNF569",0.575087236521096,0.999999835080212,0.698543090177832,0.998945470882677,0.95281275478196,0.998803780988253,0.732333286142969,0.999909349217796,0.817890027578136,0.983473264929634,0.902367051392803,0.850746455494282,0.959909554989161,0.999955947107744,0.955265748254764
"ZNF777",0.730266654422776,0.899129802024514,0.277014140131589,0.974417972764795,0.506976167521645,0.999991871966541,0.281584380661128,0.983412380937804,0.0750213803723752,0.209204451759436,0.99902681261046,0.716719604493214,0.655828940899843,0.890342891473628,0.194687118765612
"ZNF605",0.999958916571689,0.254522930642025,0.25369249741535,0.990864588340298,0.980258226343043,0.849949972757682,0.999996303844132,0.999999778153524,0.283599634288564,0.986320261328141,0.999923846610876,0.998135907154777,0.157351905004419,0.994153763745678,0.999431469424404
"ZNF799",0.943517939583565,0.999187399868929,0.880606578521002,0.957343376689664,0.682348749654433,0.996700550538731,0.999874327225147,0.990373974348704,0.994335453013772,0.922418072191778,0.988445839166955,0.990748357964754,0.949220674815203,0.764830995904649,0.999924753546871
"ZNF782",0.99076678384949,0.919402713857839,0.998423302147322,0.999766276582847,0.980335436883943,0.911163964902306,0.592307225386251,0.937676880704641,0.997606488631496,0.687340601520238,0.906442466384885,0.999996935720161,0.998137401848904,0.936680027374165,0.861229426411075
"ZNF846",0.999847312781936,0.498859726303841,0.446025407445996,0.906117028035377,0.853624092373273,0.99774934518663,0.676167418030567,0.61077032344964,0.998970327778381,0.999993426608491,0.999734662062008,0.99362533476007,0.423652554866599,0.918505611343011,0.602172734694831
"ZNF136",0.960264722627328,0.998248697096704,0.999567156043343,0.999982304782749,0.997147069283282,0.999973813170244,0.736216338929752,0.995843480968867,0.969699260226911,0.95066214366318,0.950745649907163,0.999651033316647,0.999992110265233,0.999363998524886,0.921129895070367
"ZKSCAN5",0.998560733335782,0.935014779821728,0.830853604563177,0.999994401745298,0.998174923975133,0.989939116268125,0.999979223800442,0.999936686110272,0.912203308465133,0.999860403649998,0.994907419969846,0.999999873110695,0.668173179539605,0.99718927238726,0.999911855331057
"ZNF33B",0.991482491904827,0.402545429660329,0.795833715428988,0.869377846605141,0.666845062511348,0.143723150989394,0.567018020420637,0.924593787569273,0.998962776266995,0.2134514402023,0.989288077118515,0.999936028398175,0.458550271692496,0.574627774434209,0.644455136019841
"ZNF431",0.999999983853264,0.867551738058725,0.887784433794084,0.625716375632412,0.663331044077418,0.995013541396384,0.999997391078114,0.999992302640884,0.931483086405584,0.732790419852362,0.999962413787067,0.999941290483374,0.835287821611566,0.568584132292041,0.999999999422636
"ZNF418",0.60833542283714,0.992154300962349,0.964737381084224,0.999999994156723,0.856446647344432,0.998292948149394,0.969049135263253,0.268241522752707,0.836113173259485,0.989430796331371,0.987839486958508,0.141401362098034,0.859058833190971,0.998263787250481,0.997744188091081
"ZNF700",0.999999693073364,0.931400225493963,0.963024907794692,0.924956889279808,0.953944965032002,0.999993802067811,0.998314986180131,0.999573429898413,0.994827272756187,0.990203457551069,0.998945461015012,0.998527802279332,0.725008820877572,0.769571920219321,0.960620120795552
"ZFP28",0.883510778926997,0.999999999416963,0.93426098844206,0.795474252926215,0.998727406484433,0.853926072932505,0.999999321848081,0.940665033674523,0.99999904679967,0.861922542321366,0.999996658155889,0.809511661294406,0.999997566949901,0.741964208307389,0.999999999995589
"ZNF585A",0.919732938625341,0.675951996024234,0.249212200826105,0.99996099504776,0.993462141744112,0.771923424255927,0.96495563642981,0.999982040794706,0.32417526576404,0.998241757248391,0.961299891642163,0.994456532508998,0.186330998536486,0.999760153249666,0.999585658489238
"ZNF138",0.999999955569789,0.999978307275041,0.999952738402703,0.973886152457452,0.984086771016712,0.964992997021816,0.974718919778907,0.987568337089253,0.96785982075889,0.999987611341227,0.941894220755051,0.98145222046535,0.952646464080677,0.999628543836036,0.999980374845672
"ZNF429",0.609929024058175,0.991473053701429,0.42084067289237,0.878851354490071,0.999990643674058,0.702436750505808,0.765343609350423,0.999903393733065,0.555803436019442,0.999999973977522,0.838730664567775,0.924731568632635,0.623538477655928,0.994796961564596,0.985732468486909
"ZNF470",0.976020082163761,0.873274227168152,0.564584471936961,0.999999111226904,0.997109222750005,0.933125084734716,0.993059510267146,0.999983490680767,0.660920364896092,0.999420924185556,0.999972518877417,0.972036377408259,0.694154661394332,0.999999999998882,0.993917457793489
"ZNF100",0.869955138171754,0.987523195152015,0.639890048837048,0.933515258389912,0.99999994262767,0.762528786640154,0.999723861217448,0.790862752355938,0.999281833617869,0.878211124519014,0.998135270279659,0.508659744669108,0.997603966289203,0.771954792501164,1
"ZNF398",0.859564161481573,0.998511898893006,0.991095531070677,0.371865154003228,0.915440934334424,0.698381972044401,0.998721836737333,0.982627616761442,0.999999977030231,0.625131700789227,0.771409390976121,0.999537888894223,0.996633206739292,0.707912052917294,0.989574394576733
"ZNF498",0.999975150902299,0.996394700510303,0.990534337969533,0.93352208093269,0.909268301257247,0.997157784112322,0.996658284558408,0.999762916346508,0.954626004693507,0.811532857394835,0.99673262135111,0.989379094571155,0.999904451393009,0.970155884248091,0.91800310369234
"ZNF441",0.943073487978313,0.999916395777311,0.993267592890024,0.999999996108778,0.986738131716629,0.99998984697024,0.596671173321752,0.987491016777411,0.857933802780594,0.849244421485457,0.614354323618278,0.999961711631385,0.948860798666262,0.941044377321935,0.984029567823458
"ZNF420",0.423580456284141,0.83711308820407,0.0910441269073933,0.995987484743036,0.936890794153111,0.742444472092108,0.542129887864163,0.999977696071807,0.129938983052706,0.968154648771719,0.906277993233296,0.682557912636906,0.267911342242684,0.999999936861566,0.815905690170656
"ZNF763",0.952343061162941,0.997183712142986,0.999627403219495,0.999991203377108,0.969419624757549,0.996447790468824,0.900974720970481,0.999984872167202,0.997491997470437,0.941696725501737,0.999932581875785,0.945769512201068,0.998718449921476,0.999703695168022,0.874023893328764
"ZNF679",0.859051817227664,0.899473783708275,1,0.943056925218742,1,1,0.859051817227664,1,1,1,0.740343797316414,0.999776237433175,0.99988412512503,0.99995523250814,0.999776237433175
"ZNF682",0.966423945794945,0.999980631872288,0.960478879025088,0.588490982240727,0.289361466897999,0.772995359550486,0.999996004001254,0.958352395281015,0.999999943310679,0.704567354715095,0.999999978644121,0.930092814682734,0.99990701302272,0.437938471713409,0.999966868181159
"ZNF772",0.880164526021345,0.8987793695088,0.999999975726398,0.956703704522301,0.999999999743529,0.999999934848947,0.999990751479245,0.865040094116883,0.881807217824322,0.942823737627701,0.999993464552331,0.683071535312496,0.759386040601565,0.901965403619955,0.999999803983213
"ZNF257",0.9002423088984,0.936718981431106,0.507585870699216,0.863504986896526,0.999693194364175,0.512093499734716,0.999916359307497,0.853568867396235,0.984342561713547,0.815054764657833,0.970288651032539,0.387397641266748,0.99429353132175,0.503071544757759,0.999065884726728
"ZNF785",0.818600649883003,0.95887978604898,0.999810682872125,0.981546395566854,0.999823408354491,0.999999998151466,0.96556765603186,0.998748390888937,0.999998742173975,0.999999904867939,0.969323175910042,0.950930193706476,0.998142145435962,0.999546872775212,0.999329529490732
"ZNF98",0.949218771481196,0.990553184701628,0.782454603173053,0.999849406174683,0.94571932006361,0.999888227824094,0.999908507521491,0.911091754988869,0.999134341487738,0.999999779696244,0.986188952345125,0.577824765854596,0.999891604249326,0.999998018287982,0.999829014172233
"ZNF786",0.961557895044056,0.90108188924855,0.999801736569411,0.902331132626984,0.999107064332367,0.99999601602522,0.999556881102688,0.997145316278507,0.981350192310524,0.975307220315432,0.971917270295291,0.998866992711444,0.983568137996509,0.979434919875796,0.999866580419919
"ZNF517",0.741518316597617,0.913303542052712,0.303632148999043,0.989334495550339,0.597333640916083,0.999909116581042,0.994601480052659,0.971662586700677,0.736365380334042,0.92278887602618,0.997654128324802,0.314645159763281,0.951812176941604,0.998047348574492,0.905460550064318
"ZNF675",0.940573988752042,0.923675855571084,0.550845623709344,0.999999795698686,0.989108392761351,0.963388766964964,0.891817659972103,0.999992583314624,0.469353839940921,0.97699829550971,0.999999685685894,0.836658834804232,0.877360281770649,0.999996315103639,0.736195862649186
"ZNF860",0.964096158811254,0.999910894308282,0.996830833365519,0.999637097240584,0.999532965364943,0.999998866759276,0.999530761028806,0.904592334291992,0.996641836803416,0.99497670915819,0.999999999854316,0.909622857314298,0.999746089961694,0.999246991461161,0.9988759874212
"ZNF695",0.639404990441146,0.988311139168789,0.978805053331366,0.942826752246798,0.999697748702111,0.999495526743069,0.67481567630654,0.999999947505696,0.984345401315377,0.99985843214347,0.362985013269704,0.9998435394713,0.981399749709208,0.999981525928492,0.999967371070021
"ZNF665",0.634363894373241,0.574167405885193,0.0664456477413831,0.896225363717778,0.999985365219122,0.24531358435148,0.944931424873922,0.991160631326274,0.217889210265791,0.999489785139946,0.99999273360623,0.471224284724333,0.327650454187028,0.874527904137957,0.916066570598458
"ZNF624",0.936765674066475,0.626323119173999,0.985677905172708,0.999999938726811,0.975454126610365,0.806625566494467,0.384641414221545,0.937839302469319,0.999953786975487,0.664835798439771,0.999360094614901,0.952302061600328,0.598544338986689,0.999814738718648,0.287796333438178
"ZNF841",0.94476648511061,1,0.972431264373546,0.934614988858965,0.629537300431933,0.959171856830602,0.999999896301467,0.950788072117421,0.999999966339629,0.958350704543025,0.999999999856956,0.878435032496807,0.999999999887933,0.89087341554799,0.999999310755016
"ZNF615",0.610642867723105,0.918178340273779,0.99823260222214,0.993227481538824,0.986049479795402,0.999797476838205,0.715381169728088,0.999987849204844,0.999757574933719,0.994704852039808,0.628960719011617,0.984848979355601,0.999999974321605,0.999634712626062,0.997288520331767
"ZNF433",0.942985262497263,0.976878048929512,0.698625430976508,0.998260065172364,0.999749649776071,0.933353207960723,0.999963757384557,0.986035563423411,0.958654243308332,0.999849467725956,0.80159054490399,0.263008539170755,0.999999944229314,0.817761300577185,0.78912423294839
"ZNF595",0.999998156547496,0.965810262523901,0.986014574693077,0.992405312653928,0.997220104375484,0.999997675907173,0.939081214775283,0.975017566918768,0.99999999078292,0.999989809983758,0.999959481607559,0.999702898780683,0.881473349467641,0.972302733942449,0.781340364917841
"ZNF460",0.448001776440149,0.989404342184151,0.920801830279681,0.961344399673278,0.991139598801746,0.99982330867457,0.730561148421601,0.998464603451022,0.990115802425504,0.999832430208743,0.586285907656341,0.937754347413682,0.997524869076296,0.99999998216937,0.999003788430834
"ZNF81",0.233898114753897,0.999999999360599,0.402902646891044,0.953570418988299,0.954836500268486,0.968341690696,0.368245548280843,0.999874198135122,0.544007877359438,0.985729410335719,0.407176710864803,0.840292095049065,0.71753086239003,0.999978819343489,0.95499934341515
"ZNF780A",0.268128079719996,0.999859797436544,0.60124421066325,0.560944392690336,0.999999962820041,0.787070129779902,0.462283482414024,0.999534132117814,0.781011599865237,0.999936472785895,0.274129836847264,0.947472246725353,0.798082392793823,0.991671140675646,0.997386820907315
"ZNF461",0.530282752619067,0.729455894930696,0.0827922311081389,0.992934732109134,0.975584820915832,0.610931817431296,0.3945590532884,0.99995323129904,0.0528448234225039,0.943330075942189,0.952872575413288,0.7287681112516,0.215531483645915,0.999996747307702,0.5577254822042
"ZNF181",0.346631833066976,0.699786726795786,0.999108760085178,0.999998332247366,0.603002259912597,0.829888580355142,0.655024211865924,0.997445728097081,0.999999919727386,0.821857951308499,0.443337575998251,0.930007822319073,0.999075331867429,0.822002505590542,0.99938002851839
"ZNF44",0.999709715359349,0.999333245940403,0.99299749973594,0.975424280715978,0.996506282747777,0.936599961883014,0.999009037105109,0.999999625927829,0.987998055839086,0.998175188903387,0.999801512965127,0.991831413727333,0.999937141120863,0.915296871693876,0.982909989992366
"ZNF790",0.98500021160999,0.752851519581893,0.462706279228307,0.935781666869224,0.998843004403001,0.42070372735873,0.996488316363286,0.999982607344699,0.559401776791841,0.995213252800653,0.999999999996112,0.960579062901835,0.599963453300507,0.894509332607633,0.990034239167653
"ZNF677",0.999989235250825,0.863075373174545,0.937529099866591,0.157917594681276,0.256042500469373,0.78134060767851,0.999935680698266,0.999446932964234,0.817982006605725,0.151732965613642,0.975891907931575,0.99798202488889,0.964257660049308,0.203192619251374,0.949529799590353
"ZNF823",0.981987192134817,0.999129295868164,0.939170314221214,0.999987140555707,0.985327621725638,0.999991097499203,0.999999999971205,0.987122686918684,0.99948017659054,0.999992889921975,0.995033302586059,0.786823248926005,0.999999954030935,0.999992083619762,0.998215807277736
"ZNF311",0.998021960866133,0.559128151223041,0.845255610030365,0.999999976231205,0.999140349998566,0.767464468795197,0.999999999938323,0.998521858674062,0.631510124525454,0.999999995516131,0.999999837109577,0.996694048349701,0.394487640854589,0.999999215750832,0.999999750982021
"ZNF347",0.597298693519138,0.983488473155435,0.361492917744754,0.941816696749169,0.99938994204043,0.760001233736789,0.793390235801777,0.999676349488315,0.528672521381429,0.999998821681265,0.938478999031755,0.825520259231184,0.677532433788673,0.996834351708987,0.96315198793269
"ZNF273",0.999998936562253,0.344080484155447,0.47967488092826,0.999636286386455,0.999210341464931,0.451452486053408,0.999999977510586,0.999999969507736,0.453140612643807,0.999540648069641,0.999977485740909,0.999999997451035,0.22261779785791,0.99763969934267,0.99999910967948
"ZNF84",0.761005806254587,0.0551193668798909,0.629182365517035,0.642947908376551,0.997605494078922,0.950390388928138,0.115924291844416,0.862600058700583,0.995911201061405,0.996610822911614,0.208730837482134,0.999836082349853,0.492298889417669,0.999259513394592,0.790201713384652
"ZNF667",0.156120202401257,0.998325098581106,0.546432067586539,0.702493170459118,0.997052696826039,0.926768641934284,0.885093156706204,0.812479398173545,0.994608986517168,0.993801700957674,0.480360107463858,0.63748753844603,0.96463751099793,0.993573856970587,0.999990458735905
"ZNF649",0.910465265741729,0.822222491937573,0.999772194862823,0.999872439934337,0.919607997693266,0.849484067842852,0.999800642172947,0.98316239972847,0.942851179928772,0.998007423699062,0.999999972546908,0.785659271259918,0.673082505809407,0.999859271459156,0.999047732285996
"ZNF248",0.989731097548709,0.999973310471391,0.983180249425885,0.990605165060826,0.999997642396974,0.983981309866238,0.906000125993079,0.998901071387887,0.903861652444091,0.999951763535084,0.999674243424253,0.995556579407164,0.998073771857348,0.995973463114199,0.906629072442682
"ZNF544",0.998284335783474,0.999729083437268,0.989279271187495,0.983889661618868,0.931690953888032,0.998867329562377,0.973176858806808,0.889385318511552,0.998957038934771,0.999999717131626,0.946478240969801,0.803991329679671,0.99958473118344,0.99991218982874,0.999958049322465
"ZNF251",0.996158624541014,0.981142200758978,0.999906934348631,0.985182565768288,0.999840410009164,0.999999948610289,0.999995849295936,0.992931529670218,0.974178339014047,0.979054881009655,0.999997007751983,0.995281632220687,0.974919815797516,0.983365808096568,0.999864907141512
"ZNF607",0.983850163385925,0.999191805157165,0.944192027748486,0.811452019367157,0.98436384688066,0.730956028902922,0.999995313432546,0.995881092293958,0.997866062087731,0.886434161758183,0.99450484657152,0.998729391060125,0.963837573982406,0.883813795875534,0.999713255113727
"ZNF334",0.993871657416649,0.735011491556156,0.962544555109435,0.984802172279651,0.999922891319091,0.99680128564548,0.976586564714408,0.999977843643981,0.985440037512014,0.999999485970657,0.999574038249241,0.998312587094765,0.716986984324354,0.992827192893059,0.986503842412533
"ZNF485",0.999553153861871,0.999839933572034,0.999999996468915,0.999999196327176,0.999533766825024,0.999763490541575,0.997250308355863,0.99999402681077,0.999987949209126,0.998093409065853,0.999999999236759,0.99899936745901,0.999715385482505,0.999997250624057,0.993558706666665
"ZNF192",0.558217837811441,0.999999773136983,0.758393672895875,0.980036916042988,0.405191418039386,0.982612026479719,0.475744287077817,0.999996636072512,0.693638992873663,0.350074208774664,0.957806996837137,0.749138693875952,0.99456356674494,0.778553219844678,0.651833869808184
"ZNF442",0.999987531665651,0.999998074336413,0.999999994972445,0.993252292433138,0.998391183067744,0.998283055254579,0.992711659941577,0.985693744497627,0.992125792265259,0.931391636546822,0.973536710901028,0.997802183510547,0.998117814212835,0.999974705844833,0.765088768038047
"ZNF813",0.621038080492627,0.999999822702126,0.734226365492662,0.999963954845485,0.918956105699295,0.999924542618708,0.927482812518901,0.993542788603447,0.951012511131442,0.994284535668687,0.988978977397093,0.71097130267827,0.994702772792028,0.999985101349785,0.983978399907355
"ZNF26",0.998965335875722,0.337970715804504,0.25422460053979,0.983587500005661,0.939570560444016,0.927002632157768,0.999999567266829,0.999786668965082,0.385395066743832,0.981394000005511,0.999965168198512,0.98886847383419,0.221888486478204,0.986109182344118,0.999848933770543
"ZNF69",0.960161114065309,0.999999743218728,0.971658959671613,0.37226148090224,0.147751065739173,0.533149972675685,0.999996407294437,0.952328925037587,0.999999991265172,0.494344283249494,0.995165004319226,0.687758984632783,0.999681707983135,0.404743736351479,0.999731814363147
"ZNF583",0.745991042554915,0.99882447158474,0.966805158178159,0.999998967077217,0.876614053827969,0.99888078885781,0.888433035791657,0.999814078856502,0.993592562757956,0.9472828270997,0.981806885243174,0.873508813693049,0.999999963361754,0.995050655889053,0.973798211920417
"ZNF568",0.290398242847516,0.999999997139217,0.461165806768664,0.999782148593197,0.770685902019491,0.999807140675847,0.653922113384072,0.993680602790206,0.778446755043159,0.951239720754025,0.997211386515414,0.234559016183715,0.999033053670788,0.999999995796829,0.668817509135
"ZNF480",0.999999999151924,0.987577657563521,0.992478652970365,0.999999998490751,0.999999999997501,0.996943183195884,0.783846521150959,0.850881819826406,0.995691886438075,0.932884347610894,0.997883190213131,0.999403514785806,0.997826209489201,0.999898665322174,0.812343298179252
"ZNF587",0.12008488249798,0.997415650438447,0.503040604892147,0.992132278051169,0.742281547647082,0.999982698389198,0.537938899168118,0.966654568110371,0.911411767822391,0.978523705999492,0.563950131745909,0.469885461330094,0.984810529400251,0.999334373138553,0.978386693952446
"ZNF808",0.997466231462262,0.997227289549724,0.999999973615609,0.996836353440826,0.968784109622787,0.96929429283819,0.999860269871241,0.987237989609358,0.987505650619803,0.999823378405942,0.99999990707937,0.989929762256359,0.991296004119586,0.995875915968654,0.999824932386785
"ZNF43",0.624419394485192,0.960068309241737,0.304567944658898,0.99988460572481,0.934421937889565,0.954323299677889,0.874338582858259,0.998382429941754,0.529845960806323,0.990455424683626,0.997405562231337,0.628777056849403,0.772343930845527,1,0.916839559738668
"ZNF28",0.631947204800997,0.99985200895754,0.636071707300209,0.989622294192993,0.992050597395542,0.975353719050339,0.927620672757515,0.994323865451992,0.899433019687012,0.999992250499245,0.949774952725672,0.839785514026462,0.934024445592654,0.999982233949478,0.997300896782479
"ZNF627",0.976028066962707,0.999999854659571,0.992770192809691,0.999595548585638,0.999833149595584,0.999909336865347,0.997681085010401,0.99979920007164,0.999542315643453,0.999999985845128,0.994018824901575,0.997213286019326,0.999514468134681,0.999999998929184,0.999998656950706
"ZNF789",0.99992973378713,0.999975565056847,0.999999999375696,0.997029096742025,0.999753900593407,0.999739473771637,0.997922033267671,0.999954725332717,0.999947095349779,0.999996626783618,0.999938472524718,0.999998971019076,0.9999999300012,0.998559260345007,0.999135146425904
"ZNF534",0.921536899144355,0.992734818468087,0.999627168650094,0.999997721355407,0.988307713390592,0.999346926818305,0.999613988618365,0.845483206569847,0.968950186247976,0.999438592262014,0.998668963261019,0.94815255909504,0.998847614550543,0.999997014073006,0.979914117986967
"ZNF525",0.95079358889537,0.97255055575287,0.698459143914738,0.998432391079212,0.999809777382058,0.929087275276618,0.999353700402504,0.996429023683013,0.917598829049591,0.999994032221659,0.999994138309289,0.837775986674493,0.964610118817329,0.99409412837468,0.994598938026121
"ZNF814",0.951381060018021,0.99929127311402,0.998329015365088,0.999959554039781,0.997072825261857,0.999998804793486,0.999992500683867,0.984468469174024,0.999947029331767,0.999999511321416,0.999999749108476,0.908305455174718,0.999142553333072,0.999974131617258,0.999997260492982
"ZNF551",0.32202290446712,0.999996348968447,0.58223008633708,0.995208149901454,0.900162819657143,0.999027686697553,0.974800611153513,0.836266174690281,0.995104886747703,0.999999778864313,0.999999776737145,0.111309553811529,0.999961908175298,0.988463857495973,0.921306400971868
"ZNF805",0.99997559137369,0.850084557273076,0.936318981645172,0.594148404453993,0.733437085532327,0.994393714156952,0.995964686849317,0.999675002117048,0.98573938851711,0.859692547164006,0.993490421901025,0.999874841192099,0.921858715431349,0.672584323360375,0.999985480898388
"ZNF468",0.994622752119081,0.949420734186484,0.99909003973644,0.993394919450443,0.939514565527391,0.84427749047483,0.999999716466831,0.99824127821548,0.973726665683559,0.992115956690898,0.999999918246459,0.980549478893196,0.884570502572085,0.990978552282375,0.999993262423222
"ZNF616",0.503323391864134,0.985425023420446,0.304559596843044,0.99534541423863,0.962665787443352,0.924381558833385,0.855039702607118,0.994041949154802,0.608084238903747,0.998972756775191,0.811015614967452,0.866421737557657,0.540881802029784,0.999980998665391,0.99872452047291
"ZFP57",0.999728294968035,0.969482413501522,0.996607549482587,0.999999996876552,0.999883793088407,0.988133519421044,0.999959888789792,0.999999381002851,0.993173650777829,0.999977887243783,0.999696674629394,0.990793811012158,0.861956362134589,0.999991237351757,0.996560613871547
"ZNF155",0.999999998278333,0.99698006166928,0.997357766211546,0.992389631376367,0.993185097750175,0.999989438009558,0.996281506334711,0.996921090350293,0.999999999514849,0.999976620181826,0.976599520181522,0.98700958444863,0.999999999117434,0.99994593924566,1
"ZNF425",0.99999954509256,0.999999436807489,0.999999999988119,0.960191891011636,0.977926389165211,0.983403735362858,0.999972360437341,0.999999007342523,0.999999626340897,0.986450857593102,0.978885296285043,0.995955166785435,0.998126322204218,0.995628387463003,0.998975480338477
"ZNF611",0.503002271533111,0.842968420163483,0.998825924437464,0.984293783012673,0.388183498617293,0.654112264479614,0.416128517479502,0.999994931688287,0.995798555799457,0.329833772240953,0.474088952219375,0.984232963898887,0.999998934963863,0.447856746058485,0.957270250196263
"ZNF254",0.991760418206951,0.998605488568304,0.999995939797042,0.853188679376799,0.985588825081313,0.9776331624257,0.994978393618843,0.999999932267813,0.999999702293745,0.980772757514246,0.999999999775143,0.980229683792358,0.997218993313979,0.782638513378154,0.987866464518145
"ZNF625",0.999998597954644,0.963537402228269,0.984410162052814,0.97813943930131,0.973549276092722,0.794702320761477,0.940203493145761,0.937451610394371,0.645769399000496,1,0.332035015436387,0.45969237182153,0.154685957235463,0.998479509056229,0.993047370224546
"ZNF845",0.983989359598411,0.999995309907387,0.982671366529565,0.999434494166815,0.999963783057836,0.998696823259529,0.790358032620603,0.993237567201627,0.832606967309521,0.986840515054072,0.999645519191769,0.991669482506381,0.999053789390883,0.999959768940626,0.759755862232285
"ZNF90",0.99775326043257,0.984975202692356,0.999878995496576,0.991987899140784,0.950644119607765,0.9042961916325,0.837035778408009,0.668352335077262,0.584198655262174,0.999325927531431,0.978205762792925,0.85785703831933,0.774131252739257,0.999924542944302,0.950313666738725
"ZNF788",0.999358383135323,0.304202348419212,0.568877470018103,0.463024017647463,0.691187303340063,1,0.613898994643024,0.866006327697465,0.990428016707717,0.994513709182586,0.999999984763798,0.997413873988847,0.136399815776108,0.312801192542264,0.359558735133058
"ZNF880",0.978426202407724,0.999984872312978,0.997212363302991,0.998175568743343,0.999992319631313,0.999844568092695,0.992091344808408,0.841061404997046,0.987752702738797,0.960639138734035,0.90457494893523,0.501834011452727,0.933712571728719,0.87941578275454,0.999990681507461
"ZNF630",0.786486829518903,0.994375644653485,0.606912812194683,0.998564134431663,0.991635137173759,0.970425307100216,0.999984964869513,0.768588865736975,0.999133058561579,0.996041037567022,0.999866705088416,0.728219535425012,0.963079837084529,0.999617572863005,0.998558110342786
"ZNF844",0.862559211879189,0.840300720619929,0.999992801398252,0.992060442892949,0.999634062893673,0.998557620424473,0.928164729829157,0.999983094723525,0.999717639666807,0.999978688035062,0.955055836079095,0.98146139054315,0.968737395973858,0.999992272172558,0.996791290051976
"ZNF717",0.966186935400259,0.063146523964402,0.018572250806564,0.819122395925893,0.992909191871273,0.0188825302675049,0.997956551851964,0.8680458663256,0.221416865524836,0.674778485231931,0.997970569486188,0.988174238294896,0.00606794947474631,0.865604714300308,0.945571066969251
"ZNF492",0.839527483203636,1,0.913022294097831,0.716591457348745,0.242734505730119,0.802492459144931,0.995377873349891,0.629219296091987,0.997983372933453,0.930926138070543,0.978266654889497,0.313331698061393,0.995032788047198,0.850498773090469,0.999999991567474
"ZNF688",0.329590244677303,0.953192504869988,0.131898862770043,0.999999992443575,0.670424781560592,0.981055508982064,0.996521121062534,0.711865017856339,0.829667691928041,0.999463358637677,0.990477861886945,0.337071314533389,0.686982441049519,0.999510853727847,0.99999857527866
"ZNF879",0.999915596273499,0.950649596793956,0.915394036418913,0.999917997916132,0.999999977343194,0.949946249945324,0.999987763074858,0.999317987932217,0.98324183151291,0.999490421974045,0.999999999984782,0.999791755121279,0.899662132088396,0.999866714777735,0.999956187092671
"ZNF737",0.965328185488812,0.99995725410469,0.996019424732305,0.999998834032895,0.982326617252916,0.999891087403697,0.986865608960757,0.999990343101654,0.999117306301308,0.992507797012081,0.999946779179034,0.849578639870599,0.998875686369684,0.999999999856271,0.925137576781779
"ZNF709",0.999999995667775,0.928978171845211,0.941442116560742,0.999999999995814,0.999999999850907,0.974644601694704,0.998933373724045,0.998994715964674,0.992759831889913,0.999710999309344,0.789152142038592,0.874164731764818,0.999955911844312,0.969181178221595,0.990259105808771
"ZNF585B",0.524200231375867,0.974806110220159,0.278250752089678,0.977517612320719,0.991006193825887,0.819413587224606,0.895535937638563,0.990345175653287,0.609766389800447,0.999998399409916,0.966836248696074,0.686690406499749,0.684834565931338,0.999321837299866,0.986826687190984
"ZNF324B",0.699940546368822,0.999910895576902,0.707582705806009,0.781442623519642,0.99998765751263,0.759753219570302,0.973294499316642,0.988613870067927,0.956106927998972,0.985128849774707,0.759667450698417,0.98454739717758,0.810640881512092,0.98485456373291,0.999972828653159
"ZNF564",0.999992612052744,0.994086405588032,0.998828811047207,0.999992817511803,0.999999998044541,0.999668143470171,0.991287369661204,0.998379729938534,1,0.999591971937694,0.999996046303657,0.999786464510068,0.97696243893404,0.999910338863393,0.960157080003233
"ZNF674",0.999997209515229,0.965052286390355,0.986378495435707,0.999988154509321,0.99991149561238,0.972880482789977,0.997167950069074,0.994835368856014,0.862536730734012,0.999949800038088,0.986727209160511,0.998632427529667,0.996481611544438,0.993136136392528,0.873421568139421
"ZNF432",0.999125756360617,0.999999999965348,0.99967721482663,0.992766093893154,0.999817108465204,0.996053363432909,0.791253493124334,0.661776757049545,0.88020968076207,0.669610486945647,0.984353091919314,0.912885622272508,0.995851244101026,0.900531812949971,0.904798618414151
"ZNF10",0.9421369969595,0.966350473151544,0.99999999687764,0.989438583533011,0.999998637204717,0.999999768819067,0.999591275730013,0.993842435428541,0.996749834691708,0.999282356243504,0.997926311174118,0.972127167618295,0.988065332723643,0.997928442663311,0.999999999082938
"ZNF486",0.866834555667977,0.99047777761838,0.99865280312324,0.039209700125776,0.00588749902826224,0.0266519928473298,0.60280449173123,0.998092276221221,0.96757855852199,0.00196262618615883,0.925205436360228,0.991283218870452,0.999999999997251,0.00221493872186973,0.848875757812148
"ZNF225",0.483868472661866,0.999706383364746,0.816136120727723,1,0.769085246296077,0.999921128334207,0.572460093625552,0.99999527174466,0.870465900212106,0.823530669981608,0.735936743326163,0.896575614330502,0.985199951098949,0.960972477295361,0.948736770554859
"ZNF350",0.999997875504212,0.999992545090502,0.999999989403704,0.992357029997974,0.98901350049269,0.989075354534306,0.999573138804324,0.998853463886245,0.998723378349653,0.999613298326316,0.952043939217011,0.954856890897504,0.966724149151017,0.999995341628499,0.999400333349391
"ZNF253",0.973979505887078,0.993208510796049,0.855789751540917,0.883130115964521,0.997111731711397,0.721406604046893,0.670488696303914,0.984159050947481,0.486711917053431,0.99999938640525,0.944234229535981,0.999970989574595,0.771835274005086,0.982349371655996,0.881093155454897
"ZNF878",0.520043580036464,0.998284471831542,0.890350015138421,0.999994985500221,0.850669531165343,0.9999412270922,0.999998708312687,0.559715776948983,0.997024130592591,0.99996104865716,0.917224840975728,0.0472046064026471,0.824322309850996,0.975561452944781,0.98009541164123
"ZNF727",0.999999604020472,0.991547013253543,0.990041819048682,0.997138605273528,0.996133602425808,0.999999987895293,0.99999999630072,0.999999979176383,0.992681722164194,0.997258023067565,0.94723771059166,0.959332658505937,0.999999964440744,0.99999999999031,0.970015059389979
"ZNF578",0.992251981547761,0.999123269992311,0.962021211469126,0.784027422230337,0.566625541794572,0.949680666922424,0.996855198787181,0.92885223654226,0.999999833531076,0.951840686614248,0.999964612750665,0.952031041374531,0.999690204516723,0.752877035964934,0.998029287290377
"TRIM28",0.956762726921608,0.999919370218132,0.995565236036858,0.999983604310962,0.996685856509131,0.999999997359725,0.998167275898348,0.99879994431632,0.999988317063488,0.999983026629113,0.949046751945601,0.999558089301628,0.998940830254211,0.999296215412538,0.999939904664896
