"gene","p-adj-Recurred/Progressed-DiseaseFree","mean-DiseaseFree","mean-Recurred/Progressed","SEM-DiseaseFree","SEM-Recurred/Progressed","Q1-DiseaseFree","Q1-Recurred/Progressed","Q3-DiseaseFree","Q3-Recurred/Progressed","count-DiseaseFree","count-Recurred/Progressed"
"ZNF195",0.652241143817463,379.381341764706,387.553710294118,4.56906500490345,29.2164578060961,296.116775,281.050175,447.046925,422.92655,850,68
"ZNF263",0.0590840022914141,955.271000705882,878.725435294118,11.124189113449,34.1288554261255,725.556225,683.728975,1114.097825,1057.475475,850,68
"ZNF200",0.715665661527723,266.076799176471,262.243102941176,2.8542590468248,10.5325199557687,212.750175,205.5719,304.959375,310.946225,850,68
"ZNF582",0.0886526543324512,53.7510710588235,46.9069338235294,1.09933429748148,3.56443366754181,29.596275,25.64475,74.56945,64.692725,850,68
"ZNF285",0.0902046424773326,90.4215894117647,103.709239705882,2.13892309025485,7.23027385497091,46.748325,63.43985,121.33795,138.902075,850,68
"ZNF275",0.380653878653001,601.240583647059,573.201195588235,8.68176125322954,31.58900223736,423.674425,387.395275,740.82605,714.355575,850,68
"ZNF37A",0.251972087133648,698.875011411765,745.563357352941,10.698616328116,53.5727545838324,487.4635,485.5832,848.49645,884.8221,850,68
"ZNF510",0.234277308015011,329.555621058824,310.796204411765,4.32741533962775,13.3655201298677,236.949575,228.761225,410.420475,381.4116,850,68
"ZNF506",0.995414185334925,427.120506117647,427.2471,5.94315884249091,23.308808838548,317.033925,312.49515,531.990775,507.89685,850,68
"ZNF324",0.265121156129989,216.312076,200.844460294118,3.83585906554266,10.2600922514422,166.0205,146.199625,248.864075,234.71855,850,68
"ZNF671",0.0606364360045543,148.18379,118.773891176471,4.33869005824561,11.0150868999073,60.986875,45.38275,204.8996,183.623775,850,68
"ZNF416",0.44400376360721,142.981069176471,136.396964705882,2.32711843515954,8.83219135628487,107.118475,97.46785,165.51225,156.570075,850,68
"ZNF586",0.108654058402871,246.446882941176,220.075364705882,4.46229433482333,16.1250304723328,171.5768,148.684475,291.809125,249.5464,850,68
"ZNF446",0.141847164310017,317.499482470588,281.931570588235,6.68607205203687,18.1117335810358,206.1996,182.87985,381.3097,371.990475,850,68
"ZNF8",0.842903731426051,113.880090352941,112.459245588235,1.9755018853382,5.67060546007864,81.316125,75.53935,135.3155,137.63085,850,68
"ZNF264",0.131691411964426,896.572302588235,814.180191176471,15.1918059843092,34.5259444339287,658.72455,616.731125,1044.355525,1003.230625,850,68
"ZNF213",0.182457779236979,767.418947764706,823.681161764706,11.3227901000752,46.9280782605593,542.8618,582.85815,915.731,994.0161,850,68
"ZNF343",0.306770262723853,318.915475647059,332.053058823529,3.45469841066667,14.1053726892168,252.1986,257.512425,366.851325,400.4029,850,68
"ZNF302",0.996570450231581,735.703841176471,735.540366176471,10.283198257524,39.3854822307072,536.4845,548.71885,887.39345,899.0432,850,68
"ZNF268",0.332609213700523,431.788516117647,406.522813235294,7.0762795593152,25.8443610440986,279.779825,248.204175,551.1134,539.7419,850,68
"ZNF184",0.626659059424469,318.67859,310.152138235294,4.75887712764022,17.3096587034346,236.8903,224.512825,371.638475,364.357025,850,68
"ZNF500",0.230689646675367,299.588150117647,281.013994117647,4.20249716416535,15.4456496889332,213.03475,186.589225,368.3419,335.826725,850,68
"ZNF419",0.632683731428588,197.489345411765,191.265116176471,3.55198077810456,12.1237007258513,141.998925,135.3905,236.426225,214.2824,850,68
"ZNF175",0.107566251984187,162.139813411765,141.6043,3.50173667724034,10.7302872394491,102.95505,85.64715,202.127825,192.61205,850,68
"ZNF14",0.639873717691433,262.039438588235,256.175817647059,3.39557272150592,12.6739292403677,197.576925,177.4102,314.78055,313.9245,850,68
"ZNF85",0.047915983480868,171.013129529412,190.131948529412,2.3757074421937,16.893544267809,128.1915,113.026025,202.1534,232.118675,850,68
"ZKSCAN1",0.15036479276446,1651.36847223529,1447.96284558824,38.5278955766142,132.854842519428,856.6482,726.8936,2199.00405,1996.6661,850,68
"ZNF862",0.548200216821451,558.470425176471,582.480625,10.9653225801738,34.3550746845231,327.35205,388.63395,695.3142,746.25435,850,68
"ZNF684",0.569733690851456,54.8251835294118,53.2530352941176,0.755406143442874,2.52453591740094,40.70715,41.420475,65.04805,60.1259,850,68
"ZNF430",0.159618922720725,153.648141882353,141.197301470588,2.40996624027294,8.40530324799538,105.505575,95.28285,197.649925,175.647775,850,68
"ZFP30",0.644440989009463,321.605014470588,312.071141176471,5.64139451336883,18.9192299812824,220.653625,206.61605,384.21545,379.8687,850,68
"ZNF549",0.299198705751762,231.223321764706,211.069329411765,5.3888688507868,12.8706463345607,140.592825,133.327825,297.37595,266.9793,850,68
"ZNF211",0.0980367877220152,240.937203411765,211.772217647059,4.91827661949445,9.71098585664428,163.04845,158.877725,284.12415,275.328425,850,68
"ZNF205",0.855825934647944,348.614825176471,353.451338235294,7.33346883200518,21.1330801945628,214.34765,226.055175,423.507725,454.7094,850,68
"ZNF45",0.0316999071110547,316.364917529412,279.236777941176,4.75400932602811,13.7871888289237,234.8029,191.4577,382.246975,350.342925,850,68
"ZNF133",0.0155072628478866,321.351293764706,379.486575,6.44025944831004,26.5797212658563,217.351575,231.44165,377.5074,482.64945,850,68
"ZNF436",0.984649092025866,977.17606,978.279502941176,15.6796372057763,51.674316984382,681.527075,660.92255,1180.171525,1160.47695,850,68
"ZNF484",0.0987588704741772,94.0558787058823,84.6994794117647,1.54312224232642,5.34816173128566,61.34345,58.696975,121.34955,116.5526,850,68
"ZNF780B",0.114980204539933,309.745838,274.209108823529,6.23353734805111,16.362282721939,200.154075,195.483975,383.0423,320.93605,850,68
"ZNF557",0.125289724176083,213.547666941176,197.048170588235,2.96272614676975,8.57185784373547,158.19285,150.705275,256.763775,222.4971,850,68
"ZNF337",0.825635304523343,514.372692823529,520.535769117647,7.65258605023387,25.0116099877006,364.59915,374.084125,620.7192,621.46975,850,68
"ZNF317",0.900217976668225,779.591914352941,775.491535294118,8.85442953709601,33.3452159501327,648.9203,635.97565,873.014125,851.069825,850,68
"ZNF426",0.367887696859874,145.657581176471,135.831386764706,2.9413172486859,11.6485206561989,80.2199,74.61705,199.100375,173.202375,850,68
"ZNF331",0.977095656400381,476.125371764706,475.253733823529,8.25889982421602,29.283135920936,340.52855,317.68295,554.969175,550.282725,850,68
"ZNF227",0.142385804286262,326.541063176471,302.042723529412,4.59549866321733,13.3900963084674,253.415125,222.289275,377.576,357.832925,850,68
"ZNF141",0.0475875235569586,88.0858145882353,77.83675,1.42336618226233,4.124923312169,57.0398,53.196775,112.6374,102.72795,850,68
"ZNF304",0.146636834141063,464.705636470588,413.979397058824,9.69044953389768,23.6655881251052,332.388625,308.0725,551.813375,484.097275,850,68
"ZNF132",0.461952378137108,81.5458481176471,76.5362926470588,1.86648067179686,5.89393183464458,45.5619,41.28555,102.44385,96.498875,850,68
"ZNF20",0.139658601516634,191.111652117647,177.989633823529,2.39250327427608,9.52245854303623,143.434725,114.185475,231.6378,221.442675,850,68
"ZNF670",0.95236141727061,113.498942235294,113.965510294118,2.04474175905739,10.4608377767976,74.9564,64.0031,139.08355,139.0396,850,68
"ZFP37",0.971832965277266,63.0114574117647,62.8293455882353,1.40929670031548,4.6862302326637,31.6561,32.790725,85.93155,89.093225,850,68
"ZNF189",0.420951190630568,527.232232705882,508.942397058824,6.21079107993504,20.5565462517397,402.636375,382.152125,624.27015,629.520625,850,68
"ZNF434",0.0216107097803858,440.662342588235,398.003383823529,5.05892051142447,17.2299564108523,340.1963,281.695875,518.25855,497.469,850,68
"ZNF287",0.0220148105907174,155.320414,133.170339705882,2.66328072130634,7.5286942819897,106.665125,90.664575,196.576825,167.796375,850,68
"ZIM3",0.688042031783732,0.0259703529411765,0.0472044117647059,0.0144676295546375,0.0472044117647059,0,0,0,0,850,68
"ZFP14",0.319242282967202,280.997390588235,266.110382352941,4.05355262330511,14.9090729145963,195.00805,170.9385,350.605625,343.340375,850,68
"ZNF473",0.680003971176911,326.799492941176,318.957676470588,5.16834185848074,18.4905758791382,232.90665,225.8772,378.36115,352.11215,850,68
"ZNF614",0.11595853482301,281.576786,245.769535294118,6.34000910173762,13.7490691194793,191.135075,178.5027,330.6422,285.899475,850,68
"POGK",0.393183565834768,2383.30275764706,2490.74781764706,34.1768673893082,123.458864756774,1720.978525,1755.289,2802.554,2867.558575,850,68
"ZNF514",0.707824668848632,276.445925058824,270.628072058824,4.23989359187443,14.183639214584,186.7857,177.996675,342.53475,349.060225,850,68
"ZNF300",0.0925989108645998,89.5397809411765,109.531858823529,3.21862829845076,12.0028527991424,27.994475,32.7483,121.812975,171.048925,850,68
"RBAK",0.932757611393441,629.473816823529,631.870576470588,7.56280392205617,33.898658604709,481.004025,466.129475,742.9108,704.566225,850,68
"ZNF92",0.141832898936383,841.916258705882,677.473936764706,30.7495078611861,92.6657238626509,352.40495,295.21325,961.92725,808.543425,850,68
"ZNF157",0.291367293095117,1.88439411764706,1.55509411764706,0.085940909252806,0.248428178330825,0.306025,0,2.6349,2.192575,850,68
"ZNF182",0.0360437266784615,226.097582,203.631764705882,2.9318017909289,9.37837510429406,169.060925,151.505025,274.146875,255.47595,850,68
"ZNF673",0.594644039673047,215.093290235294,209.8625,2.70842009166215,7.77665912799789,169.67185,165.640025,250.04685,245.63505,850,68
"ZNF41",0.0267053996965481,302.759784352941,271.281625,3.88464749642816,12.5017014593309,223.829425,188.14895,373.7527,340.46865,850,68
"ZNF7",0.516945308697195,605.892341411765,628.993591176471,9.48779718011155,42.5979146896517,422.6145,426.50615,708.499875,810.05365,850,68
"ZNF214",0.142113242362994,55.5435844705882,46.8006117647059,1.62538348749998,5.45930388705501,13.9118,14.2253,87.569525,70.5441,850,68
"ZNF215",0.833260555148643,21.9183115294118,21.2434514705882,0.852284208362378,3.86720580600498,7.289225,7.231875,26.5445,23.436475,850,68
"ZNF547",0.453456006351511,65.9492923529412,62.6789220588235,1.19538487392349,3.79031088972148,44.998125,43.834825,78.30245,77.5673,850,68
"ZNF773",0.110563903800592,157.161196235294,138.770969117647,3.19415832457915,7.88417829660414,109.238,90.1507,194.12955,173.11155,850,68
"ZNF776",0.0317755156322003,605.841780588235,486.134185294118,15.5661525879298,29.0556838870041,402.510675,318.356375,710.838325,618.661975,850,68
"ZNF256",0.366517905017275,141.104305411765,132.346804411765,2.68553687481799,6.85993946094362,99.9082,88.53475,161.82125,161.5341,850,68
"ZNF599",0.668331583164301,109.492597529412,111.865908823529,1.47253312566702,6.68846904592457,80.305125,75.33765,133.403275,130.911425,850,68
"ZNF18",0.746385640258703,214.429076705882,210.709270588235,3.12067564279531,11.4509707346023,154.474925,147.038525,251.80135,234.856475,850,68
"ZKSCAN2",0.0398151828975141,273.867515647059,240.650813235294,4.43668136556598,13.3404781345418,183.60065,163.41055,343.079275,285.765975,850,68
"ZNF689",0.820977665634589,330.176899176471,308.638151470588,26.1702087369189,78.3566781013953,142.070575,95.3454,307.451075,286.140575,850,68
"ZNF19",0.396777866733573,78.7792090588235,74.7815338235294,1.24317219184994,6.05617041758005,54.1604,42.916625,97.48055,89.6651,850,68
"ZNF230",0.0494122229399148,128.092953294118,112.282339705882,2.23031236643375,5.42631135786979,94.1313,77.660875,151.072925,131.847975,850,68
"ZNF222",0.0455066169250739,74.48965,61.47725,1.81542110670068,3.52106359977041,50.0409,43.676475,86.55545,71.96245,850,68
"ZNF221",0.0678173836583426,24.3269094117647,19.8582161764706,0.676291367097983,1.78114857818754,10.7071,10.226425,31.826475,22.867525,850,68
"ZNF233",0.43207235312003,59.8186374117647,55.2839882352941,1.58816802970378,4.67244573946989,28.7684,30.8477,76.700525,66.328825,850,68
"ZNF235",0.0755625864905135,92.9993998823529,84.1673926470588,1.36857380693958,3.91332178536852,68.7071,61.3659,108.2629,102.675775,850,68
"ZNF208",0.436219186506298,88.6630729411765,106.068239705882,5.56488985923345,37.620462996993,14.52155,11.350775,77.769675,75.36645,850,68
"ZNF714",0.34451961962358,213.709830941176,231.705444117647,5.14915780326201,19.5833712876342,119.7775,124.65505,266.729625,283.613775,850,68
"ZNF394",0.321369480952488,403.647705058824,420.123261764706,4.55587248409468,14.2436856580208,322.3417,347.342775,463.01775,472.3881,850,68
"ZNF333",0.236389992857871,212.380354235294,198.598769117647,3.17657902724539,10.694783944898,153.0826,134.18965,256.23665,235.301925,850,68
"ZNF382",0.264296922388731,59.7474927058824,64.5852220588235,1.13416856012355,5.80605345938597,37.363,35.400375,76.857075,77.913075,850,68
"ZNF577",0.645742067523889,187.628698,179.690991176471,4.77632422547946,12.5912124903435,98.337425,113.81995,236.268875,246.62885,850,68
"ZNF75A",0.736153231136312,482.722138,472.497277941176,8.22711231832898,30.4724202718369,321.42215,313.456925,592.069375,560.2308,850,68
"ZNF496",0.392644495815665,351.373734117647,333.762319117647,5.59140371924258,20.3954555282778,235.500725,218.091775,436.6681,383.184525,850,68
"ZNF2",0.784845512538585,146.991119882353,148.319786764706,1.30495232223758,5.46993638429787,121.3594,116.858525,169.376075,173.80125,850,68
"ZNF589",0.00129046075016026,298.554749647059,255.008616176471,3.68419804867962,12.3947003425656,219.557925,174.689575,363.940625,319.107075,850,68
"PRDM9",0.774265145068716,0.131789058823529,0.0680367647058824,0.0627249976174678,0.0440187759197114,0,0,0,0,850,68
"ZNF12",0.874075519320455,838.303394117647,832.731738235294,9.36771574053613,41.6785489647977,640.72545,598.3621,1003.674,949.446725,850,68
"ZNF202",0.351281736455619,240.201679294118,251.343348529412,3.23227162370838,12.3290995439646,178.141375,189.7714,284.314825,287.82945,850,68
"ZNF3",0.863721866892192,882.960484941176,888.704189705882,9.04744121460526,34.6748303231256,706.644,727.336175,1015.218625,1011.595575,850,68
"ZNF606",0.308111655105694,423.630816,390.596580882353,8.97939814337531,22.6419595502894,286.32055,289.24065,498.438575,494.554775,850,68
"ZNF91",0.0216064340111018,823.886901647059,676.962827941176,17.6039581714626,50.1806534837666,454.942225,391.5718,1093.755175,878.4634,850,68
"ZNF226",0.113049979896761,325.867252588235,298.799377941176,4.69100761641845,14.1750193034973,244.472525,220.64765,392.8957,368.748275,850,68
"ZNF229",0.751233549718113,159.114125058824,165.300607352941,5.34636116652639,17.0443802114461,41.745125,68.514475,231.1578,237.642825,850,68
"ZNF180",0.0102097341199702,229.442530117647,199.247167647059,3.22898475873358,9.51782107891063,174.370975,145.8234,270.500625,240.121825,850,68
"ZNF641",0.0385137460411659,166.340595411765,145.426170588235,2.75837475108117,9.1746634997119,108.386825,86.877625,215.49405,183.84685,850,68
"ZNF610",0.68493190355332,121.576252117647,125.526994117647,2.57504781877927,12.2121501142264,71.264825,59.637825,157.520975,159.115225,850,68
"ZNF528",0.104094434050682,314.228920823529,272.737114705882,7.03580223305209,19.8101611408529,171.755275,157.506775,421.70925,384.047175,850,68
"ZNF701",0.0050351673175828,200.475576117647,165.008927941176,3.47478678303399,10.0930195554147,142.278875,96.360675,243.212225,209.316625,850,68
"ZNF283",0.964595538249783,77.0817347058824,77.3009352941177,1.31926921615226,5.73275276598108,53.911225,48.7826,93.895175,88.896825,850,68
"ZNF558",0.27764483826111,406.823024470588,430.964389705882,5.64429218785933,34.7302742771639,299.1385,293.05015,480.43945,454.8184,850,68
"ZNF597",0.585073119968373,67.2557488235294,64.7647647058824,1.22339969754918,5.12204477416579,46.32015,39.3888,85.251075,87.816875,850,68
"ZNF30",0.409222899591567,152.706084470588,145.394898529412,2.4278148897598,7.68169167545522,107.980475,97.95745,183.1322,175.86135,850,68
"ZNF354A",0.793073991281144,339.594111529412,334.790820588235,5.03734749141175,14.9192492132752,251.6859,257.85625,389.1222,381.53625,850,68
"ZNF764",0.847647160687077,246.733553176471,244.296588235294,3.45861906435636,11.8698650112235,181.712,176.8061,289.521275,293.601025,850,68
"ZNF747",0.699136859377088,312.256268352941,305.857413235294,4.53144600677447,14.6753948616292,230.52805,221.984075,371.3196,383.775875,850,68
"ZNF778",0.116619622508622,84.8562391764706,75.0613205882353,1.73437422210367,3.98456622916179,53.10735,52.7066,100.166875,90.813025,850,68
"ZNF212",0.467272438033055,352.061152941176,363.790805882353,4.38306486379551,15.8204890565565,272.934775,279.34225,408.3225,456.221225,850,68
"ZNF282",0.467615498722747,768.388009058824,795.673108823529,10.1864378358289,37.5739652290637,578.11535,612.826575,899.53845,940.318225,850,68
"ZNF160",0.167339138068458,666.330536117647,623.335532352941,8.49866407954384,28.5229859403104,523.02705,461.194675,768.190725,720.52555,850,68
"ZNF415",0.904764392240549,234.116615176471,235.898833823529,3.95840914323806,18.0389729431727,161.16155,131.2886,303.88695,294.199875,850,68
"ZNF439",0.328835991535207,159.044154470588,172.039982352941,3.42925295549013,19.4221477673868,88.645425,81.15615,211.1931,212.663425,850,68
"ZNF440",0.877699930338185,335.122563647059,331.766595588235,5.83038622594267,25.155295212631,226.13585,203.25205,402.599625,392.085375,850,68
"ZNF562",0.814086815973846,636.805521764706,645.203801470588,9.411856741099,45.8847924655229,451.005075,439.988125,763.409125,730.115,850,68
"ZNF561",0.749832190159703,831.345588470588,820.020594117647,9.39799703107959,44.3766899935262,636.842375,621.81935,973.178625,919.6003,850,68
"ZNF584",0.156976033327002,189.47215,173.489410294118,3.12596568946319,7.99371187147017,146.088775,132.434,213.7571,215.43345,850,68
"ZNF274",0.228761497740756,465.300740823529,425.156823529412,9.27958635463565,20.613732593115,311.5885,294.7342,561.07935,541.091375,850,68
"ZIK1",0.142620530566808,86.7277875294118,62.5303191176471,4.60576280216067,9.07464908349512,21.076675,17.464275,105.111525,88.3252,850,68
"ZNF540",0.259209438533068,74.6985327058824,82.7420426470588,1.90501314958868,8.23128836845158,40.096,36.4729,95.046625,98.48455,850,68
"ZNF570",0.168172274237553,77.4742962352941,86.1160161764706,1.5867872674469,9.9079395662152,50.8461,47.5445,94.360825,99.10535,850,68
"ZNF57",0.95956973570555,112.271222117647,112.568263235294,1.6095608727928,4.90351701989169,85.90305,92.5967,130.3471,124.871275,850,68
"ZNF556",0.353465950225902,5.71229105882353,7.35285588235294,0.471255736876858,2.08698032294296,0.304975,0.213375,3.080575,5.146675,850,68
"ZNF554",0.183591084497542,145.902160235294,137.401954411765,1.74500409759034,5.84326309793489,110.315975,101.488375,172.4407,170.20435,850,68
"ZNF738",0.280016485896119,244.905483176471,264.554261764706,4.81425758420958,22.6224601237602,159.2466,149.26815,306.138475,303.933475,850,68
"ZNF596",0.520435732130642,72.7662415294118,76.4865852941176,1.53167410993975,7.2307517942591,39.841775,48.071775,94.32185,88.46295,850,68
"ZNF621",0.145721882710488,717.070020588235,665.319382352941,9.73022440896793,31.5370296799086,517.4413,463.4495,876.484775,826.6004,850,68
"ZNF680",0.105063879979888,442.083506352941,389.257738235294,8.93823682131569,27.6809379965473,265.76805,223.844175,552.773625,480.323325,850,68
"ZNF483",0.0454971855977536,22.3737881176471,16.9328676470588,0.753567748343903,1.86605216732855,7.8494,6.44025,28.3871,24.389975,850,68
"ZNF417",0.0204536028176036,219.456952352941,184.224041176471,4.19357846785112,11.3612921357767,139.54435,120.975325,273.236475,222.78965,850,68
"ZNF791",0.465344567937155,294.806306117647,282.117597058824,4.62624098745742,20.751431507516,199.9405,167.370475,380.428925,350.44465,850,68
"ZNF519",0.443547751683636,54.9549796470588,51.7896676470588,1.12458194176405,3.94070848469921,33.8673,30.879075,67.62865,64.67165,850,68
"ZNF25",0.83057315686742,315.130492235294,311.726927941176,4.32588179747274,15.4011678486864,231.2437,220.1665,393.279825,380.316875,850,68
"ZNF77",0.657765664800897,100.086803294118,97.0388705882353,1.90283209205731,5.03328834633122,71.93495,63.6897,111.1625,130.6725,850,68
"ZNF169",0.626412306329259,72.5693789411765,70.6320617647059,1.08979729846155,3.50017526495015,49.585425,46.81145,89.89615,86.424825,850,68
"ZNF613",0.0419790692075265,188.141984588235,149.772355882353,5.28155866244924,8.65490568059205,120.175275,102.9513,209.2241,179.6464,850,68
"ZNF404",0.931652580681799,59.8473374117647,60.4077176470588,1.80978219048099,4.6186090617782,31.050475,33.25015,73.7187,78.755725,850,68
"ZNF135",0.911482399076696,227.873908117647,230.280538235294,5.93656583063638,18.6298247947055,103.914575,125.303375,312.095725,310.38065,850,68
"ZNF620",0.00584015405681104,60.5380602352941,48.1972779411765,1.23003018199294,3.5869828956012,37.34005,29.256125,75.5708,63.705225,850,68
"ZNF619",0.00959544615837082,98.5160561176471,80.1688102941176,1.9329801367075,6.37993539751687,54.580275,45.123525,130.5125,111.936575,850,68
"ZNF354C",0.0463423003757533,52.943266,41.5363455882353,1.59101475688107,3.59404311419371,18.29695,17.24115,75.906575,61.774525,850,68
"ZNF114",0.151076011444319,12.3558510588235,16.1233485294118,0.684874947288671,3.56722376359588,2.729,2.23215,12.775825,15.533325,850,68
"ZNF454",0.335288817119124,18.2093049411765,20.6896941176471,0.706179263007926,2.19392278419122,6.553925,6.573,20.53825,36.181575,850,68
"ZNF543",0.0867646238302047,160.79563,141.121504411765,3.18005822738696,8.06120613173982,114.621275,106.321625,188.313025,170.678875,850,68
"ZNF354B",0.0485596306090993,111.417039411765,98.6593132352941,1.79405796817185,4.28424731365762,76.5794,71.3894,139.029675,127.11935,850,68
"ZNF223",0.190032061709265,103.537067882353,95.0985705882353,1.76795643979164,5.38644814559874,70.5108,61.7097,129.610925,123.1391,850,68
"ZNF713",0.520879150292467,96.2036211764706,86.0700058823529,4.42768668080267,6.80921514575637,52.090125,52.698025,111.041375,108.849875,850,68
"ZNF552",0.011852537170668,1451.67045447059,1082.28599705882,40.0120611928796,134.424787392305,573.3465,243.66125,1996.386275,1548.339625,850,68
"ZNF154",0.277883144147684,46.5040765882353,38.7277764705882,1.99320083019194,4.48289483713609,16.64125,12.642875,56.84135,51.990325,850,68
"ZNF571",0.61737661232814,109.925061294118,113.114748529412,1.74613817550924,5.72336450694339,82.529525,83.975925,127.661075,131.887375,850,68
"ZNF443",0.962107950872675,164.511948235294,164.064094117647,2.53095465590163,10.4728329309398,114.1105,116.3963,194.966375,190.8931,850,68
"ZNF792",0.181869809863656,167.890721764706,156.607776470588,2.26413225557768,9.53147302176672,122.262275,98.77585,201.15275,205.90955,850,68
"ZFP82",0.54550707191462,131.920451294118,137.851189705882,2.62897554249149,11.0816805001586,91.252325,81.926075,156.810175,155.1451,850,68
"ZNF707",0.168948578930838,310.303446470588,344.002414705882,6.40899458976598,32.8489668596861,186.15945,171.827125,380.582225,408.6871,850,68
"ZNF746",0.0938929855410986,467.143336941176,495.752811764706,4.50746870637387,21.5941323143043,383.708375,408.273475,535.269975,525.73745,850,68
"ZNF678",0.103770494776461,105.115304,90.0000838235294,2.53102240215119,8.71305446264836,52.381525,36.6765,140.503575,111.7396,850,68
"HKR1",0.693067648076418,859.276524117647,875.770616176471,11.2557060750377,45.0084943489174,642.060225,626.9091,1026.390325,1122.413475,850,68
"ZNF101",0.0890064772606507,163.452835411765,137.610829411765,4.23644091584765,8.59630446337657,105.000725,98.866225,183.13135,159.4521,850,68
"ZNF716",0.430814145177887,2.55966082352941,1.44491911764706,0.397712479547944,0.519251140009804,0,0,0,0.316675,850,68
"ZNF708",0.86729751998628,202.033134,200.052723529412,3.19565490080504,12.6369881356189,136.1707,130.332225,248.499425,230.50985,850,68
"ZNF721",0.0745398052384246,534.438052470588,488.493310294118,7.03644430390652,23.2654690001206,390.465075,330.109225,656.0914,655.98775,850,68
"ZNF662",0.173699307284772,155.182128117647,131.744255882353,4.71523321700211,15.1630609760553,48.6656,40.064175,218.028225,189.5927,850,68
"ZNF320",0.201699635630339,560.1364,523.173235294118,7.74812801356764,32.9600296017132,426.683125,352.25795,660.87575,588.1819,850,68
"ZNF530",0.466488087689876,80.2227829411765,76.1467779411765,1.49224929357874,6.59985705883297,54.970775,48.461,94.244125,85.81045,850,68
"ZFP1",0.953184703696072,242.29331,243.014989705882,3.39623875662989,9.21121395812816,176.25745,182.527325,285.9966,294.02665,850,68
"KRBA2",0.221500884713004,68.9247638823529,62.1227838235294,1.52352700160156,4.86562949193932,39.30065,30.18895,87.960775,79.493125,850,68
"ZNF93",0.374487098438833,157.045397529412,168.734563235294,3.45974302401575,17.1727215769667,95.19485,91.20965,195.622725,196.03585,850,68
"ZFP90",0.502500675279751,614.366104588235,595.764785294118,7.64690697738898,21.7071947655987,474.9734,455.139,709.898,689.2821,850,68
"ZNF479",0.526426859659767,0.0934743529411765,0.0269588235294118,0.029637491375978,0.0182032619479485,0,0,0,0,850,68
"ZNF445",0.00567303354646664,642.256798705882,561.686310294118,8.02601276156786,22.0496614290487,469.631275,439.846325,790.683675,682.8086,850,68
"ZNF74",0.312323812715197,361.333592941176,382.600341176471,5.66615581542142,22.7376209949434,252.716925,257.36795,422.47485,438.0391,850,68
"ZNF829",0.854193217547703,30.9046997647059,31.4381632352941,0.78517957586398,2.99341064253349,15.437425,14.5807,41.716525,40.658975,850,68
"ZNF267",0.664911802430796,410.872762352941,401.857997058824,5.61848618868275,21.9011424715273,304.0247,282.612975,487.394125,477.7988,850,68
"ZNF566",0.568233838777025,209.811446117647,216.551013235294,3.07947053192383,16.196467243053,159.5609,154.96625,240.3846,222.164125,850,68
"ZNF224",0.0166758472412084,225.503918117647,194.210689705882,3.59523581774353,10.3947168190407,156.892,138.503525,283.41325,264.3238,850,68
"ZNF529",0.0107113244679393,326.877656,372.415252941176,4.48882367288522,28.6813339361457,242.307325,253.41715,388.00705,399.741075,850,68
"ZNF284",0.168927916877677,48.1604663529412,43.62515,0.902308912840677,2.90084883941157,30.83875,29.421025,62.188725,56.872975,850,68
"ZNF749",0.200818458409012,95.0850442352941,85.4101338235294,2.04774149160684,7.67244292786788,62.482375,52.879675,115.929525,100.407875,850,68
"ZNF17",0.125616727286858,159.598777529412,143.379544117647,2.91187984764075,8.59856522614538,121.69085,104.3313,182.55455,162.59005,850,68
"ZNF555",0.104935735484507,91.1581948235294,84.4010220588235,1.13325642670027,4.00089235110397,67.839525,62.721025,111.06165,102.288925,850,68
"ZNF75D",0.0146792035812149,359.510380117647,317.440395588235,4.73099052561801,14.2516246905927,270.420675,244.35875,433.892675,394.7267,850,68
"ZNF197",0.0530151268568024,478.814195294118,440.824432352941,5.40253139461427,15.6418323567827,362.843325,343.626775,586.2061,533.8725,850,68
"ZNF732",0.438346858564905,10.8475623529412,11.9391647058824,0.382810948665275,1.37159832792244,3.47455,3.9792,13.942775,16.0487,850,68
"ZNF546",0.216676081254255,77.9051289411765,71.9626647058823,1.3074520380448,4.66046145929528,51.306825,42.739275,97.880975,93.8667,850,68
"ZNF286A",0.0923704294790963,354.896744705882,406.908480882353,8.33115105644773,32.7198396893843,234.3229,235.6188,399.17945,473.25885,850,68
"ZKSCAN4",0.0339449689447676,135.870367411765,124.174913235294,1.50387669039223,5.06089820548371,108.321975,102.559825,158.511125,142.8652,850,68
"ZNF643",0.762838258527145,57.8245404705882,59.9372088235294,1.9466054976607,4.46499446997365,33.2331,34.099775,67.560725,70.604575,850,68
"ZNF642",0.0360938457507249,120.308631058824,103.864616176471,2.17832177960258,5.03700680509448,92.416225,74.218675,140.37435,124.11855,850,68
"ZNF490",0.540457795123966,306.514927294118,298.467198529412,3.47388176164047,16.5823606927477,234.507575,213.769825,363.868,340.077825,850,68
"ZNF626",0.515804302489533,379.645228823529,357.394529411765,9.48228288889238,24.2580251261444,195.255725,219.831475,508.13135,442.887175,850,68
"ZNF793",0.0564283105540699,155.768116588235,177.889404411765,3.11957689267016,12.5040299106905,101.78965,114.72735,188.58675,208.09425,850,68
"ZNF383",0.553917871745961,97.6665017647059,100.503747058824,1.28285185930214,5.47539080526371,75.06485,74.5862,112.32015,119.216925,850,68
"ZNF669",0.455961457301057,139.38432,133.085258823529,2.28970110104881,8.516782896498,94.5412,90.8569,171.570375,164.2945,850,68
"ZNF559",0.818983710896535,240.929562823529,237.516422058824,4.03236111203144,15.4478474025615,164.75595,160.401975,301.104775,282.021275,850,68
"ZNF177",0.455577756307671,75.2783595294118,70.0879205882353,1.89623541545879,6.51950063647023,36.572675,34.6634,101.33735,93.230675,850,68
"ZNF548",0.0996017664957788,349.587469294118,314.170442647059,5.91953869023356,17.1193790531836,264.4118,226.079075,404.551425,361.65425,850,68
"ZNF563",0.397893147858478,82.3661038823529,77.1500588235294,1.69940195436329,4.90075891510515,53.531425,50.41245,99.294125,95.847775,850,68
"ZNF567",0.104782056624212,164.144466588235,180.478395588235,2.62762461020952,13.6897876183142,122.49115,120.0333,189.09965,199.20125,850,68
"ZNF573",0.405032650968732,29.2335229411765,27.0393676470588,0.716113574645854,2.56722434060725,14.1345,12.173075,39.355625,32.09325,850,68
"ZNF527",0.913183119700198,124.895869529412,125.624917647059,1.82482254966863,6.18812949895225,95.697825,89.298225,142.9195,148.751,850,68
"ZNF33A",0.577403238807905,1428.58233047059,1467.40209117647,18.8647317063807,70.9556800234405,1028.033975,1055.058,1733.01055,1756.0572,850,68
"ZKSCAN3",0.722258929863686,88.1432077647059,86.4958867647059,1.24919679265776,4.95609886028683,63.650075,59.4676,107.713225,103.199125,850,68
"ZNF676",0.671616816638065,21.2963884705882,23.9004676470588,1.63630056099457,7.29722498074185,1.886925,1.673475,13.865775,15.9945,850,68
"ZNF699",0.308153829056004,30.5908025882353,28.051825,0.671176813663607,2.67071091432826,15.589025,10.383825,43.103525,40.070925,850,68
"ZNF250",0.17146242708572,349.147916941176,379.955169117647,6.03685128443734,25.3354400360226,238.402325,258.90395,405.947375,464.251225,850,68
"ZNF79",0.512090665475673,120.674835882353,115.610766176471,2.15654858436649,4.2533628289786,92.1248,91.711275,140.666975,138.623925,850,68
"ZNF681",0.471499817128763,245.385445058824,223.027111764706,8.68209649918007,15.9964463153805,147.6878,131.601775,300.210275,273.0757,850,68
"ZNF766",0.261038925401277,628.751033176471,591.754975,8.93164017616514,32.604050779716,490.54975,442.7137,721.442175,700.509575,850,68
"ZNF471",0.782771315357187,116.362534117647,119.777427941176,3.40345942543388,10.299295560376,39.5469,44.2049,168.908525,176.5161,850,68
"ZNF836",0.380064658928809,191.750304117647,177.971748529412,4.2782842286542,14.7277283709897,125.95855,104.9086,228.9647,220.3277,850,68
"ZNF493",0.450653085287041,243.649564470588,230.632932352941,4.72412570084915,15.206188120648,138.765075,147.27165,327.4291,298.348825,850,68
"ZNF167",0.964324241517604,61.1159869411765,60.9000308823529,1.33086652564484,3.79333095613198,32.726675,39.3855,80.604825,76.606725,850,68
"ZNF565",0.0166660530871149,80.6276575294118,90.365725,1.04593474412231,5.95042516337431,62.0141,64.5584,92.614025,101.922225,850,68
"ZNF34",0.314795906375377,140.305220823529,149.178138235294,2.32059126438545,11.5000945296775,93.53465,93.812575,166.68925,206.127,850,68
"ZNF140",0.471650601480551,512.161920823529,529.74365,6.40754309781089,32.2992608907685,393.775975,375.54065,624.686475,618.188575,850,68
"ZNF658",0.26386326551382,51.3898828235294,55.1189441176471,0.916875432827306,2.77138208037886,33.024925,38.91905,65.8235,73.2984,850,68
"ZNF765",0.140652092382962,301.522890352941,273.312014705882,5.19081292880817,19.1060189160963,212.947625,171.965175,359.14885,320.7241,850,68
"ZNF124",0.891716927085975,100.876058117647,102.020532352941,2.2690122855898,8.87351564488306,57.4178,57.45385,121.813225,112.161325,850,68
"ZNF569",0.665284645963792,181.882932352941,187.789263235294,3.74728750017525,11.5610782757305,124.70875,124.180775,213.69625,222.80695,850,68
"ZNF777",0.101759418608391,474.212863529412,507.745038235294,5.52789840827485,21.5572206584744,366.093,379.9234,551.099625,624.9591,850,68
"ZNF605",0.583085059613843,498.432590352941,483.926410294118,7.16276773472381,26.6275299185342,353.242225,363.32175,616.920525,573.3661,850,68
"ZNF799",0.460481538034266,232.154160352941,221.917976470588,3.75902289025795,13.9558342176697,154.40775,150.57145,285.786275,281.9407,850,68
"ZNF782",0.754087506508859,87.0666656470588,88.5302441176471,1.27359084068171,4.38702297167162,60.2178,63.425025,109.5576,114.8772,850,68
"ZNF846",0.222658902362933,75.3635365882353,69.8752558823529,1.21385366602862,4.76060757367742,51.117475,49.1137,93.74185,84.361375,850,68
"ZNF136",0.15669203705413,272.406559411765,253.097447058824,3.65296901354521,15.3451091934349,204.551475,145.9653,332.542975,326.55105,850,68
"ZKSCAN5",0.13144599007198,421.151278352941,399.141770588235,3.98890967220028,13.0369648801505,345.077225,335.417975,478.860825,474.5197,850,68
"ZNF33B",0.987760437679923,765.251196352941,765.985182352941,13.0182062879551,46.0383699696743,517.649975,514.455425,926.163475,1030.9655,850,68
"ZNF431",0.888993770662456,177.978422117647,176.502114705882,2.81428242540226,12.6835705109775,118.8291,105.074825,223.166425,205.441225,850,68
"ZNF418",0.0699361453114972,144.887303176471,121.770985294118,3.56334174109047,6.59376914756629,89.8911,85.3373,180.8157,160.072325,850,68
"ZNF700",0.812446643642646,365.108841294118,360.319870588235,5.45624892367201,20.9387838830272,266.5774,239.96505,426.4111,431.32545,850,68
"ZFP28",0.396609355940099,178.299938470588,168.335210294118,3.23767886389662,9.33895358320389,111.617675,106.582525,229.774425,219.041175,850,68
"ZNF585A",0.858866678394627,161.708491647059,163.297861764706,2.40039786559428,9.90541554925596,115.001775,104.9774,195.03605,206.675625,850,68
"ZNF138",0.639253589012898,327.629063058824,319.027466176471,4.94166183398545,19.7952985153818,225.543125,202.49685,400.381075,418.3739,850,68
"ZNF429",0.921635003204346,202.509098588235,201.338470588235,3.24876613866535,10.9442559670847,133.09675,131.513625,259.752375,275.04875,850,68
"ZNF470",0.521698917391645,169.089213411765,162.166947058824,2.94386948492206,10.1837445019249,106.719325,114.0788,216.586675,197.76265,850,68
"ZNF100",0.681281926248777,271.113440235294,263.206244117647,5.21815014309593,19.392891168934,170.65375,155.9925,331.115875,310.207875,850,68
"ZNF398",0.645639124018392,561.442878588235,551.336766176471,5.92908963740551,23.288896436767,442.274075,427.9982,647.151525,601.8937,850,68
"ZNF498",0.361060944096174,363.724524705882,352.129511764706,3.49543133576411,10.1419488653737,296.9285,294.19335,419.137625,407.41585,850,68
"ZNF441",0.0342131419881874,211.220614941176,183.225986764706,3.63802173056277,10.4624211263618,136.118875,116.724625,272.19475,237.683625,850,68
"ZNF420",0.489730383597735,203.032928705882,194.382775,3.4064084864605,12.0707185370862,143.18195,127.095775,246.628775,245.6015,850,68
"ZNF763",0.494049961541092,88.7548354117647,84.4202602941176,1.71189307682379,6.62916832035124,54.653275,43.89075,111.61525,110.928175,850,68
"ZNF679",0.676463088752083,0.454361882352941,0.695488235294118,0.153811168329173,0.690425781869495,0,0,0,0,850,68
"ZNF682",0.809048268176076,122.709512,124.955873529412,2.47450617224458,11.1067580048814,78.986475,71.477825,151.8369,146.366875,850,68
"ZNF772",0.0626927783180642,244.23834,201.500647058824,6.38712014350734,13.9819517302507,130.1094,119.0788,318.664925,292.6134,850,68
"ZNF257",0.847973967916445,67.1371238823529,65.7375514705882,1.97625538480157,7.46409960968671,25.8671,21.554775,93.52465,88.81,850,68
"ZNF785",0.124433108552803,277.252685764706,252.516860294118,4.42242316989574,13.3135220651919,183.9246,164.63355,354.647175,332.3767,850,68
"ZNF98",0.0902548730730101,27.2132917647059,35.1322867647059,1.20962942847834,6.65358723731464,2.255325,2.634875,41.088325,50.701175,850,68
"ZNF786",0.651552659998552,229.849014470588,234.536133823529,2.8299286161327,9.70569949851784,173.798,185.591075,268.5811,276.617625,850,68
"ZNF517",0.0518906704964565,308.149117764706,353.338191176471,5.94113981780307,35.0887248449696,195.790675,185.260925,381.435725,425.164575,850,68
"ZNF675",0.527532562341078,282.722313176471,246.129160294118,16.3174649290552,16.1841029449419,188.17815,151.27905,318.11315,296.780675,850,68
"ZNF860",0.998235016123183,113.187980705882,113.212835294118,3.00177594814698,13.038203410523,55.593725,48.46145,147.3176,129.716525,850,68
"ZNF695",0.0927216773446992,68.8432251764706,88.8885235294118,3.10153087226946,16.4973298309965,17.165025,18.268175,80.717,105.41855,850,68
"ZNF665",0.36440590976046,45.2308921176471,42.0672470588235,0.931704069948302,4.0448257208834,25.731375,20.330925,59.497575,53.17325,850,68
"ZNF624",0.0698995608829397,126.932682,114.347402941176,1.90652990338755,5.75498600191662,88.345325,79.5129,156.967725,145.973825,850,68
"ZNF841",0.148505900826799,274.950651882353,246.967548529412,5.34676278864549,14.5705731443605,184.834025,174.6484,325.83295,311.55305,850,68
"ZNF615",0.14853057338735,285.830657882353,253.514335294118,6.21456031034992,14.3429806264927,190.87225,170.555025,345.92775,321.30295,850,68
"ZNF433",0.974209512089962,127.950202588235,128.205670588235,2.00465671020477,12.389180659237,92.456175,81.09495,153.35525,149.011375,850,68
"ZNF595",0.157360038048197,232.269729411765,207.486916176471,4.83117801397136,13.6109888438164,155.87005,142.978375,267.2786,253.668775,850,68
"ZNF460",0.287574348797595,54.7652471764706,49.4573338235294,1.35987425508365,4.69863623724247,33.431225,29.753825,63.127425,54.98065,850,68
"ZNF81",0.0575123700043609,165.357702823529,144.847205882353,2.94773729803586,9.8017446942064,98.226175,80.3705,226.455275,203.531975,850,68
"ZNF780A",0.174352974366124,343.006753176471,310.640082352941,6.5810650379653,17.7775176011466,242.34245,218.973825,404.70745,386.11815,850,68
"ZNF461",0.298373972928716,128.992788,136.3307,1.83238182832279,9.88614766519064,99.333175,91.944275,150.158575,155.216575,850,68
"ZNF181",0.269873237668454,271.711074823529,257.329344117647,3.51213661796663,13.9398021601,201.029625,179.6165,329.1652,315.366125,850,68
"ZNF44",0.174201898495998,289.514409058824,254.726452941176,7.13329835445827,14.981472681841,180.489575,162.332725,328.509275,323.180025,850,68
"ZNF790",0.186685394077967,116.879686705882,123.781080882353,1.40035398521109,5.88831979941598,88.973675,95.989325,138.137375,143.0044,850,68
"ZNF677",0.461947351453831,33.0254690588235,30.1108955882353,1.09195216218642,3.11041791717934,11.58505,10.55405,44.049975,45.336675,850,68
"ZNF823",0.703975556102492,225.480257764706,220.263227941176,3.71740166448884,14.0061597135873,145.07765,127.39945,280.2103,295.907575,850,68
"ZNF311",0.0731761509233116,80.3540944705882,68.0502088235294,1.87468813004003,6.23717491119771,38.670425,32.728825,112.12605,89.272275,850,68
"ZNF347",0.034613187640686,174.739033882353,150.025320588235,3.21411558876288,9.51157868662779,108.981875,95.2916,223.403375,187.310325,850,68
"ZNF273",0.169769278383069,192.046716823529,209.193514705882,3.38011626458237,12.715735487912,130.4942,129.93975,231.815775,264.0359,850,68
"ZNF84",0.177730225263653,822.467204588235,769.024552941176,10.7033560243827,41.5593349187035,605.716675,568.392675,993.688775,951.175,850,68
"ZNF667",0.188020059346382,85.5576828235294,99.8284205882353,2.94217154645371,10.6870498429857,21.169275,21.872225,123.704575,142.596375,850,68
"ZNF649",0.0923545798979732,331.123969764706,272.041241176471,9.75207556379802,22.4150721580049,178.052075,166.324825,403.939175,337.83915,850,68
"ZNF248",0.427582829983682,298.974336470588,310.643295588235,3.99775003446535,14.3111989816747,224.55845,238.243925,350.3426,362.901075,850,68
"ZNF544",0.946419945254204,725.578024117647,728.581201470588,12.2071411976236,40.7806662903301,547.42295,547.9555,846.624175,846.13405,850,68
"ZNF251",0.389433697589112,527.482616352941,557.551842647059,9.48824022281115,34.319213469734,345.67,368.229025,626.6559,705.216475,850,68
"ZNF607",0.155271798226921,281.991364941176,310.466355882353,5.35616515967994,23.0124911022896,200.643375,213.477075,327.502075,348.168025,850,68
"ZNF334",0.91672998478567,84.6233042352941,86.5126161764706,4.99718852921443,13.261141903613,15.39475,16.300975,105.726325,113.471025,850,68
"ZNF485",0.0235102953723317,95.5319824705882,109.692757352941,1.64509443551498,8.02887796240266,62.939725,64.452775,119.444475,138.72595,850,68
"ZNF192",0.0351660157717087,430.917302705882,360.298279411765,9.21586739645976,27.0711601247532,233.046875,185.924275,594.41755,511.070475,850,68
"ZNF442",0.0812260967314746,42.4306783529412,35.749,1.05766483473748,2.88006745617991,23.4876,18.943875,53.005775,47.217775,850,68
"ZNF813",0.0197869888263942,148.768431882353,117.722377941176,3.67571077923609,9.94253035037087,77.729325,65.2855,197.598925,145.334975,850,68
"ZNF26",0.400732544742306,230.478952588235,220.457175,3.23304397438767,11.9677131131979,173.89685,174.31385,267.140375,251.956325,850,68
"ZNF69",0.080180524833609,73.5378495294118,84.0629852941177,1.58191257944935,7.79122222408527,43.52375,52.922125,91.974375,98.0462,850,68
"ZNF583",0.64119497095316,78.5957750588235,76.3138132352941,1.31694840362858,5.348398453857,52.6778,40.97835,100.537475,103.954675,850,68
"ZNF568",0.572371058874587,146.298450588235,141.687508823529,2.20150166752655,8.72452056671878,99.20305,89.830575,182.346475,177.5115,850,68
"ZNF480",0.626274269727114,535.420890705882,521.505667647059,7.73858135260663,29.0442720807005,392.74515,357.3235,628.971375,660.218075,850,68
"ZNF587",0.0187797456891079,1507.03595752941,1157.9238,41.0540585836063,106.995228387984,743.857825,563.49885,1913.150725,1495.529175,850,68
"ZNF808",0.0702257711386542,223.250532352941,201.055258823529,3.37059310559201,9.93124374767502,168.437425,142.23045,261.01415,252.873725,850,68
"ZNF43",0.526607249317028,692.677617058824,659.603716176471,14.3249696028848,44.8094787692642,392.269125,367.846175,901.127025,862.412775,850,68
"ZNF28",0.0252493899469914,614.691031058824,529.331998529412,10.4577587552586,32.2348827496484,422.725875,363.90415,761.9542,649.61975,850,68
"ZNF627",0.666041523272774,564.246585294118,552.912229411765,7.05990941770031,28.8156187983095,425.75635,385.14895,670.507075,664.27835,850,68
"ZNF789",0.18350993128823,80.2148665882353,88.5378220588235,1.70316958069419,5.95773641292889,48.6404,54.618525,96.802925,108.23385,850,68
"ZNF534",0.525475225090245,6.36355505882353,6.74207205882353,0.162722007176056,0.549101081527051,3.63785,4.148525,7.5101,8.57785,850,68
"ZNF525",0.302239198582372,368.630783058824,344.55415,6.33768804872915,22.9127086033514,245.336475,241.288475,448.955,399.5126,850,68
"ZNF814",0.217625318343096,488.327313058824,432.075594117647,12.6216150718105,32.9225258453383,272.24805,246.4883,577.31375,557.838225,850,68
"ZNF551",0.300169491879757,154.003396,136.691517647059,4.65126261907069,10.1766269686895,92.867025,75.48255,186.690475,180.4778,850,68
"ZNF805",0.842886214152635,382.394575058824,386.424535294118,5.56001059653815,18.2692121788,297.42855,300.049025,430.2026,464.905075,850,68
"ZNF468",0.0552124606766587,552.687162352941,487.956907352941,9.2065570009991,31.109768050342,385.0451,311.70745,670.37485,585.39975,850,68
"ZNF616",0.513808929997944,218.533293529412,210.001573529412,3.55538538612554,12.5523993582567,153.29305,143.3548,260.1065,256.91675,850,68
"ZFP57",0.83371371735082,38.6375341176471,35.704475,3.80628737125807,13.2144732018666,0.397975,0.83785,20.85345,17.36825,850,68
"ZNF155",0.316139811272913,169.955844941176,160.250005882353,2.65188642030723,8.45825662767349,127.92605,119.9216,203.306225,204.98935,850,68
"ZNF425",0.88131938735821,101.608254941176,100.600901470588,1.8473001257082,5.95526112476574,62.124225,64.5593,128.070175,125.445425,850,68
"ZNF611",0.0493125932231651,242.043039529412,213.196867647059,3.98935692539606,14.053211010913,167.028625,144.799875,300.085575,261.2317,850,68
"ZNF254",0.450469941158173,452.047955529412,413.530191176471,14.3027946911042,23.4233930369692,298.681625,274.80085,543.063525,530.951675,850,68
"ZNF625",0.142491950902523,42.2003581176471,37.7934338235294,0.811168907456932,3.1438312139829,25.56595,21.314375,55.95685,52.6065,850,68
"ZNF845",0.0533444101267287,282.178869294118,252.201930882353,4.21129899026062,15.1720367428055,196.54385,173.310875,346.5131,313.609325,850,68
"ZNF90",0.0249832745257922,156.503723647059,196.439011764706,4.74954287861587,20.7683284898549,75.74185,96.6051,192.38925,231.094825,850,68
"ZNF788",0.466644743671993,145.583988352941,137.783210294118,2.8955229176783,11.1568935858265,85.361325,68.047075,193.87805,174.6309,850,68
"ZNF880",0.192708902923045,154.398095176471,130.631338235294,5.05181865514439,12.8668320113316,66.265925,59.283475,194.068325,169.015075,850,68
"ZNF630",0.297717859946969,87.1160694117647,81.5252382352941,1.44266061940173,5.90029439338112,61.868325,56.15905,104.410625,97.0962,850,68
"ZNF844",0.0473128436249957,266.410852470588,225.142130882353,5.69251535385895,18.233806886888,144.754875,105.146875,363.079725,324.636625,850,68
"ZNF717",0.618952378983446,50.8797844705882,48.7790455882353,1.15127795633841,3.97035030243988,26.926775,28.305075,68.537375,62.776275,850,68
"ZNF492",0.0190017421053998,18.6681512941176,27.1896602941176,0.946157708871012,4.97025202021506,1.72455,2.3025,23.816375,36.858725,850,68
"ZNF688",0.951567226498552,234.141294352941,232.802423529412,6.09740193006802,16.0840676204667,131.10265,155.765075,275.93185,282.9981,850,68
"ZNF879",0.588010541905531,86.4925694117647,89.9636985294118,1.76225664322769,5.24107045427503,51.330125,57.1987,111.816825,117.24065,850,68
"ZNF737",0.131165114103674,487.646254705882,413.843925,13.5333519340707,34.5640523677789,225.9907,208.764075,640.2632,532.9335,850,68
"ZNF709",0.109008719383748,120.523545176471,109.609136764706,1.8711538492324,5.60176818333419,82.080875,82.116875,148.592575,142.754275,850,68
"ZNF585B",0.985242626113468,94.4045616470588,94.2929558823529,1.6241037859629,6.54376724109779,62.6211,52.0986,120.40415,122.052575,850,68
"ZNF324B",0.163026719785559,141.493036470588,129.632222058824,2.32922096005021,7.37269678250768,104.43,90.705375,166.4222,159.230075,850,68
"ZNF564",0.090738570836147,321.829662705882,296.195130882353,4.11900857345981,14.6233739533513,244.154825,223.317375,380.633775,352.303875,850,68
"ZNF674",0.16886280564658,72.0160551764706,67.1413558823529,0.980856980469332,2.50313659655994,55.26105,51.44055,84.51875,77.523525,850,68
"ZNF432",0.107391964853823,141.389346117647,124.352367647059,2.9341812197765,7.14174983836465,91.977375,87.033825,174.347925,167.6879,850,68
"ZNF10",0.477416941975297,200.597901529412,209.6857,3.4601862833718,13.1563825137489,137.8935,135.6506,249.111675,265.205475,850,68
"ZNF486",0.194624626363288,146.419704941176,108.856380882353,8.09823040636783,14.6428616381639,30.54095,24.6848,167.757125,157.0384,850,68
"ZNF225",0.0660433362754479,88.8327955294118,78.2785808823529,1.58534848128707,4.2719109531911,64.300725,52.4017,107.068975,95.62845,850,68
"ZNF350",0.137875083932211,342.609815294118,301.068610294118,7.74287405544976,20.2311703714223,220.9056,182.70335,389.803625,357.80765,850,68
"ZNF253",0.995988630310047,319.352645882353,319.259508823529,4.99891508770562,19.5931555689124,215.441725,217.224775,393.32855,394.1981,850,68
"ZNF878",0.20276345804572,6.15842047058824,7.056725,0.185685361315118,0.908922662700596,2.9768,2.56765,7.5242,9.21705,850,68
"ZNF727",0.255981294753004,12.625792,15.2999294117647,0.631032330358244,2.64442960140747,1.71945,2.021475,16.0735,19.487675,850,68
"ZNF578",0.120294189271973,42.0771116470588,32.5218529411765,1.70967575532698,3.87436464298989,15.433525,13.19395,49.232025,39.99145,850,68
"TRIM28",0.400738016449226,6357.51066058824,6004.17476617647,116.0643205123,319.977696378191,4649.180575,4570.611475,7187.9642,6948.160925,850,68
