"gene","TUMOR FREE-[Unknown]","WITH TUMOR-[Unknown]","WITH TUMOR-TUMOR FREE","mean-[Unknown]","mean-TUMOR FREE","mean-WITH TUMOR","SEM-[Unknown]","SEM-TUMOR FREE","SEM-WITH TUMOR","Q1-[Unknown]","Q1-TUMOR FREE","Q1-WITH TUMOR","Q3-[Unknown]","Q3-TUMOR FREE","Q3-WITH TUMOR"
"ZNF195",0.501520643707217,0.305469756247643,0.572920231711396,248.73365625,220.302880538922,210.232601438849,24.9886174856206,5.61742793559915,7.61731526448026,165.9607,157.625775,142.97945,304.8851,262.7497,254.24095
"ZNF263",0.958807475691208,0.855193809679947,0.0920698645007474,643.9898375,657.746232934132,616.615452517986,38.6742778337595,10.8295651516092,16.1406866964578,506.42375,522.06805,490.7806,738.003675,752.59795,703.59445
"ZNF200",0.733801027868335,0.556471044030164,0.703217370722799,280.59580625,265.148966467066,258.650261870504,16.5601860375381,4.28051028036817,7.37877455973519,261.310725,209.91675,198.6303,297.2839,313.260875,294.87365
"ZNF582",0.432463523398203,0.346302627440466,0.869148502244922,6.27718125,9.47804101796407,9.9933654676259,0.887714419836073,0.52636657842422,0.988800194456442,3.60545,3.35885,3.1585,8.8156,11.498975,11.6175
"ZNF285",0.696175409854134,0.509337421265667,0.67717138924718,17.19203125,13.3205425149701,11.7361820143885,4.87188554061908,1.133225744837,1.03207146557416,5.783775,3.3082,3.39435,20.105875,15.820875,16.42195
"ZNF275",0.937161671039394,0.743025065485731,0.544854608791628,395.3076,417.548329640719,444.423191366906,65.4353131056115,13.7467868991384,21.8097760426677,179.7684,242.1365,255.1998,457.810575,532.78525,603.4877
"ZNF37A",0.28178388187041,0.319073545333907,0.996492820318293,254.44548125,332.877805389222,331.254544604317,20.9866561940661,8.60942018388997,24.3508575889798,190.355625,226.683625,203.17855,302.4669,417.782275,371.13505
"ZNF510",0.102003924996165,0.27405382964437,0.47153418427763,150.52574375,189.684715568862,180.859881294964,15.2409559935419,4.21262395262733,5.96699717581057,98.398275,134.60385,130.19575,202.907125,227.701375,218.067
"ZNF506",0.916489383725682,0.899336864752813,0.989391389773524,149.25499375,160.052355688623,161.541321582734,26.9830103136607,5.65685055181779,9.50433578831333,43.790325,80.05945,71.072,250.99775,228.76205,222.33645
"ZNF324",0.647977778335268,0.999972139402846,0.0666503654893745,228.1637375,246.485560179641,228.314994964029,16.079495970759,4.31275679000202,7.31468224910823,202.277225,192.99445,168.0945,262.61585,285.206475,267.41485
"ZNF671",0.770071398200582,0.550803678337854,0.590978069414494,44.62160625,38.9834898203593,35.8258978417266,7.09361433243231,1.71770748657934,2.85867999548294,21.72605,16.74035,13.78255,63.37765,52.96525,47.32465
"ZNF416",0.999799051725244,0.677700779279167,0.0808682741536179,149.968375,149.664509580838,136.160917985612,18.3449056626799,3.41960799989274,5.09677868963935,104.905025,110.897475,97.54055,181.654825,176.383525,163.25175
"ZNF586",0.393896652969325,0.697821476921599,0.459812443833189,150.49698125,130.58825748503,137.755645323741,17.0604531089843,3.10930139029919,5.52682415755054,95.73295,95.32575,95.30165,216.2938,158.25645,166.07415
"ZNF446",0.722964209548875,0.988060606751903,0.263828453180063,180.75975,200.244276946108,184.623820143885,23.7451775273826,5.74306192463432,7.12980463186645,104.7838,133.2867,126.7872,227.307875,235.463025,222.53835
"ZNF8",0.608748103321082,0.171254732651321,0.0575995117300198,103.263025,94.4962020958084,86.1491467625899,11.2187366689707,1.97839031334367,2.94279182442456,77.182125,68.04215,60.83545,111.601775,113.765875,101.97735
"ZNF264",0.577274716472679,0.833320716411158,0.558124899011545,594.32460625,657.250883233533,631.67895971223,27.292543403302,13.266439361383,22.4128487722511,562.51945,490.168675,445.642,637.462125,803.92855,761.23585
"ZNF213",0.11245929294915,0.337570751016709,0.343246340359693,410.47441875,501.920623353293,476.769716546763,23.8561800481504,10.0360275292499,14.6594968071099,325.96365,387.288325,361.3382,468.340875,585.312375,568.23975
"ZNF343",0.549488855155023,0.310905364476336,0.469688410670106,227.211625,255.272754491018,267.711995683453,19.9775562416584,5.34349339219483,10.4378249648232,169.27355,195.4345,191.61885,272.760525,288.369725,308.84185
"ZNF302",0.888643843266867,0.649855743288978,0.488833578225516,250.11874375,234.965715868263,220.224488489209,26.5679756425208,7.23062690744577,10.1266381191814,183.172075,145.039725,138.00025,311.161075,292.374575,271.7102
"ZNF268",0.466451426447177,0.174911678179588,0.211593038442334,215.2265,258.602656287425,283.072630215827,25.5460184500344,7.71982156493903,13.0440957770766,146.3911,154.2837,181.8648,251.35335,354.774625,368.15795
"ZNF184",0.374371954451973,0.391266915636321,0.999593450196548,229.5758125,199.454252694611,199.21325323741,29.7777125868113,4.68355065674986,7.58608959075778,139.654875,143.871425,142.2531,278.188425,238.66175,218.82055
"ZNF500",0.829305836995201,0.807180279703325,0.00562290753327055,195.54785625,205.207432634731,184.886939568345,14.0749527651397,3.74655620071894,4.72674777742912,154.78535,157.39865,148.7208,218.6504,245.484375,214.2685
"ZNF419",0.693856916986747,0.658510867402357,0.975307109691028,138.14749375,124.287079640719,122.858684892086,18.1288098251293,3.71493966713832,5.2662155033592,94.95045,79.62845,77.5766,166.5964,158.385925,154.4683
"ZNF175",0.685321688437375,0.725758191936751,0.993917548282735,92.99276875,103.910710778443,103.364138848921,8.53173362708169,2.75973189470239,4.69692317507738,66.485125,68.190375,71.1871,119.0342,133.86115,131.6872
"ZNF14",0.705271536987346,0.901273120610157,0.650793651417064,78.576125,92.1733541916168,86.2236553956835,16.1518543975104,3.63331508858144,5.7351991539001,39.8796,37.238675,39.4856,97.7612,132.449375,117.1252
"ZNF85",0.660557550446985,0.562913067733813,0.883978058116392,32.78021875,41.9840619760479,43.9620215827338,6.34460196579356,2.22570826281306,3.77318892641179,12.724975,14.499575,13.97425,46.942275,55.381975,56.6642
"ZKSCAN1",0.776921327206961,0.994354741607574,0.315292772849412,650.33475625,724.49139760479,661.782764028777,87.5982987952254,24.1791296421656,33.9683670084221,371.7443,426.660575,347.03035,884.74355,943.4806,862.29005
"ZNF862",0.223209280800979,0.416559330052978,0.643702576650647,146.99155,208.471397005988,195.369175539568,18.1512600179643,8.33786507076918,11.211384403483,92.46305,107.4913,94.1898,181.32615,263.746425,259.24665
"ZNF684",0.924940212216556,0.822583063632298,0.818246081546634,40.6181875,38.6183173652695,37.3531604316547,3.49528718363354,1.05451814961673,2.08009413899598,29.52525,25.726475,26.65945,54.612225,46.255975,41.97515
"ZNF430",0.783266291801277,0.688039519831734,0.886614979093407,105.36281875,117.927216467066,121.404174100719,12.8207298190022,3.75882354041684,7.32481134036998,63.813175,74.6301,76.149,122.3444,160.189575,145.23535
"ZFP30",0.22023862328122,0.594587348840895,0.215858307607333,86.180875,119.698487125748,106.390537410072,15.6989766232826,4.45304735505591,6.23840021715184,39.7548,68.58665,52.01905,133.763225,155.460125,149.62035
"ZNF549",0.880610324421327,0.782547168492234,0.857903268086615,101.024075,93.6143266467066,90.4053633093525,14.9643939954494,3.37230030719404,4.82624120811199,65.53265,46.7339,47.95685,132.12445,130.515125,121.8213
"ZNF211",0.797015243533778,0.72106438576452,0.920099858065361,178.5489125,165.921636526946,162.905658992806,15.964780483515,4.10399559707092,6.98870598812995,131.729975,114.0797,107.43125,229.8758,205.11365,200.888
"ZNF205",0.842124606184499,0.99596817127151,0.229843113389355,341.91070625,374.658824251497,336.733294244604,20.1254075208066,13.8573148087816,14.5375675093477,295.97265,243.95655,244.53825,378.32165,411.050825,381.3255
"ZNF45",0.510954597616907,0.844405882119839,0.365944595511074,182.547375,213.647346107784,198.624387769784,14.2942009275221,6.67383604321749,6.72293509728968,139.2478,152.0636,151.78445,196.025175,249.9815,233.45965
"ZNF133",0.949524923700229,0.972238473343167,0.981080090227993,383.6277875,398.109359281437,394.641069064748,26.6132901807488,9.68441949184035,17.6255078344341,296.70565,271.799525,247.5939,432.24935,480.696925,474.18565
"ZNF436",0.0548601379729693,0.113476105836022,0.79961965584283,579.47753125,755.328795808383,736.224426618705,75.2466403849809,16.9086801123112,22.4991958890191,400.01805,534.569975,584.6952,670.380725,941.4275,915.30585
"ZNF484",0.619673930648365,0.227113808932387,0.128244029344488,75.15330625,85.791827245509,94.5234863309353,8.94921044686564,2.33286990715804,4.2119857698193,45.94925,58.734675,59.60965,102.430275,108.26335,116.1378
"ZNF780B",0.987635370293236,0.878204511399258,0.225475703710541,153.5313,156.898954790419,142.303370503597,14.7928073266453,4.94116252445404,7.07790135994939,105.153425,102.50845,85.8608,193.0112,187.15055,168.19705
"ZNF557",0.998747731116379,0.96529789001397,0.85102460739768,155.19973125,154.427775748503,150.971584172662,18.8411097605757,3.07957282368953,6.48062451422187,99.59115,117.1215,104.2274,171.4318,183.119025,170.21585
"ZNF337",0.921230472807845,0.938938928566807,0.150763981073342,349.808925,368.333699700599,333.063852517986,31.2794686424545,10.7368520555368,14.5254045610867,236.748025,239.081325,217.19275,416.9973,439.972375,409.08915
"ZNF317",0.513980369362523,0.940191040871387,0.135152719123621,693.67705625,788.449356586826,723.384089928058,44.8702973269214,20.6042769324041,19.4997653759848,541.831375,628.6573,589.26135,790.20285,867.073875,812.3376
"ZNF426",0.966583296292874,0.855769333136651,0.108395277697767,158.2792,167.383143712575,138.167828776978,24.3197450753926,8.5775547892807,9.27327195812349,89.304225,74.44495,75.89295,254.45615,205.275375,158.56005
"ZNF331",0.980373852891635,0.966062591371744,0.492757428488492,200.22571875,207.611958682635,190.169120143885,43.0283604337566,8.3449938196546,12.6499370678818,83.47075,88.679575,70.7572,238.779,269.91535,273.5762
"ZNF227",0.621996456659539,0.953328464354551,0.252629930691918,193.63191875,218.760988922156,201.846014388489,19.276463285099,6.41211829784539,6.30945984649956,126.366775,149.005125,155.83385,225.834075,260.006325,233.6749
"ZNF141",0.99766670896198,0.674543298095695,0.102097519838771,42.90590625,42.5105826347305,37.6055467625899,5.37354610516082,1.34626549724058,1.8434182090776,26.7716,25.680125,23.13775,57.000525,53.48495,45.8175
"ZNF304",0.995507512889852,0.981754861402349,0.966433514194159,264.37080625,261.787788323353,258.982148920863,19.5706115858159,6.15882634152611,9.55538613865277,217.84675,189.417,190.4893,298.78745,326.196325,304.58415
"ZNF132",0.821938382225469,0.930647717004142,0.0380564437673078,37.03265625,41.363951497006,34.3285956834532,4.57900110067659,1.71371149150345,1.75799557047226,23.6265,21.451,20.6954,48.17435,50.85475,44.61455
"ZNF20",0.998741490974804,0.957087711708178,0.811097332542121,82.3682125,81.9390895209581,79.7554215827338,8.67799975950619,1.90331431571015,3.03983797973958,66.781,59.8109,56.26905,93.773625,101.4817,97.24885
"ZNF670",0.695887145160606,0.610740589321959,0.907895891360337,70.32954375,63.2043143712575,61.7546741007194,13.3014344346483,1.87539386853755,2.68225980383322,41.723375,41.925775,42.75885,77.4892,75.667925,71.36195
"ZFP37",0.999274017168324,0.816862477553771,0.29507238931857,54.54676875,54.933547005988,61.2095705035971,10.6863219939272,2.0857721144172,4.15681561430023,25.09,29.04315,30.4277,80.457375,73.0945,76.98615
"ZNF189",0.114261715354453,0.25316737566302,0.630639428349106,267.41800625,338.529110778443,325.662192805755,17.7264776904764,7.80875955784319,11.5558510985292,217.4122,251.542075,236.57025,308.85605,405.1591,385.343
"ZNF434",0.660083971117857,0.211475839591204,0.0710062956190871,330.9247375,311.100197904192,291.244646043165,16.5688676164966,5.00537651014473,7.25237497469194,291.4469,250.04855,234.0855,357.7943,358.0634,329.939
"ZNF287",0.718136175964265,0.81369677067691,0.928696607081544,58.20768125,68.3034371257485,66.4227352517986,13.6411321380724,2.83029156142548,4.09304505061235,13.7685,31.478025,27.00735,96.442825,92.0305,92.8513
"ZIM3",0.511719865014882,0.863373596321704,0.316301904951169,0.0585625,0.347876646706587,0.198101438848921,0.04008795836969,0.0594054265420875,0.0778420593759456,0,0,0,0,0,0
"ZFP14",0.352733414462243,0.78764298065867,0.179405565552945,62.18909375,83.5795601796407,72.7256107913669,11.3366217567098,3.4936280896031,4.55021539827596,32.5891,39.0827,36.0988,72.6834,111.370275,91.5113
"ZNF473",0.693965187250671,0.997664804339828,0.0661886150538303,257.44084375,282.458029041916,255.378584172662,25.4952805682427,6.81454518292327,9.33804720299996,188.091675,197.557325,178.57785,308.65075,347.02655,292.72035
"ZNF614",0.999182974577437,0.973043132233753,0.878592939955267,156.23206875,157.466554191617,163.595937410072,21.55567827431,6.30341083867499,12.7067487271419,104.506725,64.66595,80.42025,184.40515,220.454175,202.9157
"POGK",0.593600079110328,0.540370823589183,0.952014471183206,1176.15965625,1362.32980808383,1384.84534172662,94.5114243003009,44.9501969273332,47.9887215301302,948.30605,1036.455075,1047.43425,1260.230075,1537.03605,1586.04585
"ZNF514",0.722626860896852,0.382495087545951,0.284851997149481,152.04445625,136.569023053892,124.536128776978,25.7973037740607,4.39426262773843,6.05331217542513,93.524,83.984275,72.3766,174.8239,165.676975,153.875
"ZNF300",0.717036897193513,0.408408065001596,0.357116007588834,119.97444375,102.205736826347,89.8502892086331,26.0498717077758,5.12583397285438,6.41977064177996,34.910475,38.895125,33.72735,196.664275,135.678275,126.7155
"RBAK",0.955309811733753,0.982545493353091,0.962652836831645,533.97648125,550.202282634731,544.363226618705,51.7170415103525,11.8238693608747,19.5899266991521,380.387275,400.369975,388.63055,722.9193,653.91985,673.0613
"ZNF92",0.833954082965219,0.948496833264618,0.794880919373911,166.9180375,155.244373652695,160.422088489209,17.9646549384406,4.28409113521208,7.0314566586577,114.3868,103.67735,102.98225,186.855425,188.63025,196.8554
"ZNF157",0.432037449311933,0.750230919804623,0.426711162761977,0.97450625,2.43631946107784,1.85549784172662,0.513180722103883,0.258734863920198,0.385941884406665,0,0,0,0.693525,2.151925,1.7845
"ZNF182",0.778774749128184,0.967940668847957,0.531438385795461,104.65535,116.077469760479,108.906171223022,13.8779209359567,3.97573084057349,4.13092510707694,60.064775,77.561225,72.3725,118.642,135.185825,134.73995
"ZNF673",0.999994162550026,0.994209655449753,0.958682715667871,156.365725,156.486291616766,152.442869064748,14.7789928295523,9.22163159700239,5.94129274187708,117.93545,102.533725,106.60095,187.4168,176.576775,182.49845
"ZNF41",0.399790096203317,0.745425535788075,0.358910026792213,141.03115,190.432617664671,169.827371942446,9.99148221500861,9.45340849858029,6.72963515153268,117.18815,122.551825,117.6252,160.9112,228.844975,216.895
"ZNF7",0.842554693810843,0.914447477219537,0.930935292693949,500.34759375,476.33279760479,482.45281294964,35.8441959762508,9.27323008790185,14.2326449095336,438.071775,357.018525,355.0181,539.157975,564.9309,555.3068
"ZNF214",0.274001988644668,0.725907119192667,0.13850896953171,8.7450875,16.6525431137725,12.7912215827338,2.72898565697762,1.18123860714937,1.42838215795843,1.386525,2.9497,2.3078,14.142925,22.6644,16.6319
"ZNF215",0.555612896548756,0.784015378913749,0.651048552999382,27.4805375,37.9098317365269,34.3962762589928,7.92164391473804,2.14045697405634,3.46246812540143,3.468425,8.759175,5.5549,64.199575,55.861975,47.1886
"ZNF547",0.952625039106029,0.964178247472473,0.328691200329249,35.35705,36.8814491017964,33.9937848920863,4.54726986428853,1.09665473916453,1.72537554657311,26.472775,22.54475,20.25945,36.495825,46.11005,41.79495
"ZNF773",0.7935391570693,0.893073033726297,0.890748865588157,92.987725,85.6618751497006,87.7048805755396,12.0072171178299,2.40076425234204,3.76919993733995,58.19515,57.23945,62.1985,110.53565,112.929475,107.6802
"ZNF776",0.939687822675419,0.991723554557983,0.469928474179756,250.70279375,260.378976946108,247.054962589928,17.8499291826687,6.22511559205148,9.60260778229136,214.569125,194.424775,175.8303,282.717,320.453125,307.88415
"ZNF256",0.596286672710781,0.607736966055127,0.999490916459057,88.4896625,74.5404784431138,74.368081294964,16.6818721449259,3.01689684442383,4.87514309455574,42.15985,30.182225,27.76775,109.2385,103.250075,107.3527
"ZNF599",0.64742540702884,0.886599516850384,0.557096615710062,54.875875,62.2938221556886,58.8984561151079,6.82068084177025,1.83989001434045,2.59143273151425,34.042075,40.16785,38.92395,74.148275,76.0542,71.0425
"ZNF18",0.514048331941327,0.952946299324122,0.109075469000813,194.3008,219.834789520958,201.376781294964,18.6518542386162,5.44540751161041,5.64541490894014,134.53055,160.912175,154.41965,237.266675,256.284425,237.41555
"ZKSCAN2",0.38475976019447,0.99353726346751,0.00653365247030457,112.13315625,134.564831137725,114.034394244604,15.3939941668252,4.02408182959043,3.85714448528773,74.021475,94.348175,83.7813,156.0246,162.166625,142.9167
"ZNF689",0.713461809545587,0.946249225410982,0.478972905842403,118.878575,131.843445209581,124.284258273381,10.6855813723427,3.67924748830174,5.10419405461959,82.50585,85.55185,82.7878,147.308625,171.260725,163.29295
"ZNF19",0.880347993155042,0.354682701356026,0.0467447609769472,26.75590625,28.4176035928144,31.6575338129496,3.11090744900729,0.644886655704406,1.44405406678724,15.520325,19.5351,21.42715,36.75715,36.475975,37.7366
"ZNF230",0.534508345136873,0.811682591020213,0.516035272931696,64.52855,76.7373332335329,71.7882071942446,7.15306196947037,2.66381110173431,2.96318667426984,49.929675,50.527475,50.19825,66.084,93.000975,82.68475
"ZNF222",0.997409986893922,0.947943706976458,0.797718610589087,45.0244125,44.5272586826347,42.695590647482,7.89493476744676,1.67514796181691,1.80997398704929,24.5397,26.844525,28.54485,53.99015,56.836225,53.88265
"ZNF221",0.923027968883842,0.938786989037762,0.996375521953537,9.6809125,10.5295571856287,10.4583064748201,1.43784145561657,0.474886980590891,0.763792087016991,6.29495,5.090725,5.5789,13.406575,13.6157,12.7938
"ZNF233",0.976022330299853,0.945385169124997,0.359158513463779,8.9103625,9.36579041916168,8.19562014388489,1.44046678070788,0.491328307968028,0.629919709832408,4.9091,4.72485,4.3208,10.7755,11.498,9.82315
"ZNF235",0.872211586911038,0.953179219768898,0.105093158380841,57.9358,63.4160404191617,54.5887100719424,3.14840943794111,2.70944090473714,2.03045534386645,51.84155,41.176625,36.75965,64.804425,75.70465,68.0021
"ZNF208",0.90728827832207,0.346208169541172,0.0279052009506335,4.644225,7.25066706586826,13.546835971223,1.16143900899918,0.774833588443505,3.37426066788532,1.7965,1.6167,1.9693,4.5564,7.724425,9.39145
"ZNF714",0.291681919399032,0.349572455911262,0.981994547861635,86.6289125,119.32265239521,117.762267625899,14.6395974049092,4.70569145265875,7.25480345922646,44.181775,60.736625,54.2944,114.54275,155.850875,158.19765
"ZNF394",0.953251835390415,0.979980118937414,0.425414953980758,485.29699375,503.67052754491,472.979623021583,24.2365368958959,14.4085794204928,17.0986302819621,425.038875,376.0042,364.4832,551.97425,563.78815,522.10345
"ZNF333",0.999657161318451,0.932321877020273,0.659856918931296,110.55119375,110.234506586826,105.880046043165,10.897058539087,2.74235626016129,4.15797206404483,85.2255,77.16735,78.45065,115.0531,132.62795,124.73825
"ZNF382",0.707867345452109,0.357276000020127,0.257378320754408,11.402975,9.7383494011976,8.43327482014388,4.03222081490151,0.446936236245153,0.587750487825402,3.505525,4.509475,3.57555,11.2482,12.75815,10.71815
"ZNF577",0.946212774401243,0.485507963366499,0.0725959853025709,60.6805625,57.3738017964072,48.3247848920863,10.2207637634616,2.31622302405099,3.12318725379502,34.981525,29.002725,22.54685,73.350675,74.18615,62.3725
"ZNF75A",0.638736387548456,0.254002344102,0.154395821614973,251.46501875,224.509114670659,202.716010791367,24.3211815185536,6.59811000015727,9.21868286818825,183.659525,138.738875,125.21115,292.131925,276.924125,258.748
"ZNF496",0.515972270921774,0.754302226217682,0.633561436271602,252.6264625,294.011024550898,280.463230935252,30.3490981751186,8.44293393154698,11.1828743058751,153.92205,186.438875,179.6927,320.439825,355.637375,351.9897
"ZNF2",0.984923493144142,0.940859316345033,0.401062038508389,101.10645625,102.594615269461,98.0308100719424,10.4792930608731,2.02492242620925,2.43742804808203,70.98625,79.7424,78.1321,129.853875,121.458975,113.15205
"ZNF589",0.720433195440894,0.86733276833991,0.00311520407283417,245.5442125,280.702541017964,221.662307913669,32.2315418023581,10.6323272192404,11.5756050251346,179.594225,153.601025,125.3573,246.2268,354.7512,298.74445
"PRDM9",0.963394794821329,0.907664476560288,0.900032177110522,0.9122125,0.705244910179641,0.568031654676259,0.379453552699471,0.184779685122113,0.212503094920726,0,0,0,1.15395,0,0
"ZNF12",0.805658989511338,0.999541943272876,0.220297100451896,636.143975,597.516108982036,637.977597122302,43.637464236028,11.9773200106902,24.8029865383881,508.244425,437.842925,445.1546,780.767425,704.43705,766.9495
"ZNF202",0.449190002978467,0.425780665131302,0.977960059406219,243.95041875,219.61322994012,218.015058273381,25.1928484843851,4.38453108386773,6.14021589230503,165.37775,160.05745,167.22975,301.0238,267.841475,272.74765
"ZNF3",0.973291461611561,0.989700343538699,0.977440047444624,507.45774375,521.37981497006,516.338641007194,45.8096180292323,13.1772795786733,22.2194690539333,356.63765,372.526525,348.63595,621.597575,600.36905,599.89305
"ZNF606",0.840514586343735,0.995048143209333,0.4681819276116,110.1300125,122.246872155689,112.241766906475,19.3902836303819,4.66037294734623,7.02920485431785,59.438675,56.58125,50.23745,168.464675,172.0856,146.31045
"ZNF91",0.95975877197537,0.993224138988227,0.91493567022416,131.12918125,139.151827844311,134.495936690647,24.3330791991396,5.96795768978706,10.9641847777817,69.8263,54.6945,53.2136,154.740725,194.150625,182.01155
"ZNF226",0.939863490795512,0.540675583425807,0.135042757284961,205.6994,196.220162874251,174.858926618705,27.8821822554895,6.73130489547712,6.03666552753703,144.261275,129.620425,118.86355,256.57855,236.734925,214.8995
"ZNF229",0.999531580791988,0.833259324887248,0.255638202945752,53.06641875,54.0219568862275,33.6067669064748,22.2481769371527,8.01416421505703,6.08578392223783,4.013425,5.3857,6.5559,38.112225,44.5118,29.99475
"ZNF180",0.859289792280778,0.838298602808708,0.987708197520098,132.90229375,151.638155988024,153.747628776978,12.5347547603668,3.8987420091722,20.0786959523004,105.584425,107.210025,97.64765,142.976625,184.41815,152.72515
"ZNF641",0.243075995139578,0.228078196907516,0.97292197393985,107.6719875,146.331251796407,148.446958273381,13.5068119568327,5.18686167450538,8.07779238763792,64.531175,83.1734,92.45335,156.0296,190.0866,179.51645
"ZNF610",0.501281640127915,0.547836613754779,0.993820586711908,6.59021875,11.627174251497,11.439335971223,2.23759096904868,0.955968987155667,1.56281661541486,2.9442,3.010375,2.7407,5.79355,11.620575,12.93255
"ZNF528",0.931167748150862,0.919977995288071,0.993887561685657,99.48320625,109.24277994012,110.371213669065,27.368235835203,5.7498854106672,9.14706986049071,25.047475,26.573975,23.58625,156.5208,167.35625,164.2972
"ZNF701",0.381225609001971,0.401816180052663,0.999948063244734,30.581225,43.6849793413174,43.7228014388489,5.37712040735637,2.04900256053447,3.61346024195691,15.4906,18.23155,16.59685,44.905875,56.3132,57.15065
"ZNF283",0.850686147291038,0.345334959044342,0.0611100342973562,61.68266875,58.1385565868263,52.283528057554,4.77446373784288,1.51497861509715,1.71969270462158,48.8596,44.0024,39.802,72.4975,68.31245,59.2357
"ZNF558",0.409839732437325,0.109908020226539,0.10519454708162,370.49375625,325.553431736527,297.281398561151,32.6909668611236,7.6841405997721,11.1653036146539,272.73895,234.361775,215.41575,454.751475,389.904875,344.49155
"ZNF597",0.624889303408417,0.972311955779701,0.00976560075340571,39.87535625,45.4152353293413,38.480628057554,4.72286314384584,1.33148593579187,1.82335493074012,29.549675,30.803875,25.0472,50.80405,57.2094,47.43455
"ZNF30",0.962714287713367,0.930375698598039,0.241428794028709,45.76735,47.5064059880239,43.2948294964029,6.5620950228249,1.47329318591623,1.96133561595978,30.985275,28.870925,26.71985,59.92345,61.561175,54.8704
"ZNF354A",0.0554748038341958,0.0182702279764967,0.411881918624638,314.92,243.906171556886,228.481025899281,36.1786279652677,6.40370847002863,10.5699473986963,235.427175,161.89845,144.3968,369.618125,300.140775,256.9499
"ZNF764",0.979926809492582,0.805748609976168,0.086003592609551,156.8408625,160.212113772455,145.484394964029,17.3743686628509,4.06064130987999,4.4883063866462,119.05465,119.53705,114.9985,160.22705,182.1267,169.0543
"ZNF747",0.580794871409468,0.999045621583969,0.0238950306095199,187.1719125,208.789040419162,186.238602877698,15.4187598631636,5.12439396242536,5.25447026162855,144.29245,158.2426,147.8773,236.098125,244.226925,212.28405
"ZNF778",0.992388280459915,0.984300211585609,0.738831809631499,72.72849375,73.7049179640719,71.2789244604317,7.50888979839046,1.72059842964926,2.95643259920302,57.94295,50.629375,49.69635,83.018725,90.336075,84.6061
"ZNF212",0.417666603904027,0.379023625518957,0.957536274175916,477.97143125,434.189914071856,430.349604316547,40.2889622398562,7.50411064968906,10.9112549872409,393.980875,342.555575,340.89475,575.0675,507.6362,509.18055
"ZNF282",0.922045540859446,0.654444258521208,0.382819462603725,1060.427575,1095.10409461078,1142.26732374101,89.1307596506389,19.7250700982512,28.3380209469745,813.6992,847.756425,898.74975,1162.632075,1288.179175,1340.8826
"ZNF160",0.204399830098032,0.227888821181169,0.999771959587381,230.68580625,308.446152994012,308.08025323741,35.6386884902027,9.35147979991926,16.7899370982996,113.967075,189.17075,173.59065,314.007125,416.54385,403.39495
"ZNF415",0.294982270978931,0.373925851654399,0.956915221898111,13.74220625,26.8599398203593,25.8806316546763,2.25015450018565,1.90892142244595,2.94223678679618,6.280725,8.225125,7.60385,15.537175,30.11495,30.56245
"ZNF439",0.662690982498156,0.845249183805861,0.735024842122438,42.6935375,34.0160598802395,36.9756021582734,12.4212528011633,1.72629579635318,4.44166467486666,14.4339,14.343775,11.31075,38.399125,39.997875,36.34745
"ZNF440",0.7907350029766,0.798334795362595,0.999839408747332,370.27511875,338.24892005988,337.918785611511,28.7987330653194,10.276496435144,17.5416212192185,277.98105,220.909925,215.1299,424.9823,421.954575,371.06115
"ZNF562",0.998957902091481,0.568970454172399,0.030627626564009,630.9860375,628.250980538922,565.261910791367,63.3862629343377,13.4150749078364,20.8913274818277,475.10825,451.231025,392.5126,717.726675,769.6097,687.89095
"ZNF561",0.515486309706334,0.235185376012596,0.306035309719596,748.543825,677.356091017964,639.767768345324,64.9273645446372,14.2339501634895,19.9319686299583,513.844025,507.9687,481.33085,939.83965,801.2798,764.8008
"ZNF584",0.980462459106608,0.797126530398316,0.454478892603004,237.49443125,233.303533832335,222.830123741007,23.7238232797377,4.72234461763489,7.31336488798318,170.356225,173.3805,166.04255,306.461725,272.377525,248.372
"ZNF274",0.550693888879377,0.346381747306448,0.579656903597581,463.37870625,413.794635329341,395.099920863309,36.4559411125945,9.95383447849819,16.8754485082,347.351325,290.438925,273.9904,561.32465,507.8096,477.1058
"ZIK1",0.25740874717961,0.0734539489824366,0.191104514074957,45.11263125,30.140824251497,23.614381294964,19.7963496065788,2.07362814740025,2.26196200980292,15.116575,10.95385,9.44415,36.84945,31.069675,25.56395
"ZNF540",0.99999552485039,0.908488756798239,0.524256624130249,16.9883,16.9754434131737,15.0455539568345,3.3357891562942,0.909899680712166,1.71403417192104,8.586525,6.4085,5.5938,24.5019,22.1632,15.8334
"ZNF570",0.717967888399468,0.972567954630553,0.352236629406475,25.69513125,30.5557979041916,27.1466323741007,6.20898710373868,1.370153982082,1.95223076594133,7.4034,11.36265,8.6564,36.854575,45.6597,40.0192
"ZNF57",0.864365944350169,0.751047933406882,0.829782871738811,162.0653,151.941358982036,147.423020863309,22.7509764742417,4.28534906993641,6.07358705162574,122.011825,104.2901,98.32265,177.405575,182.624475,175.49225
"ZNF556",0.602564753806451,0.599047760921878,0.995410807899872,16.06765,22.4957473053892,22.7369841726619,3.53021209262513,1.4626859679606,2.18741914069022,8.1353,3.15735,3.91685,19.581325,30.664375,35.00665
"ZNF554",0.323752224598213,0.782234665857257,0.142274287333281,67.303925,85.0126305389222,75.8069935251799,11.3023700011417,2.77420994621206,3.56304558768507,33.32335,51.079175,43.05885,92.91415,106.90105,95.35685
"ZNF738",0.937592457391521,0.903901764183095,0.965332440204003,81.98923125,89.320228742515,91.4595625899281,22.7528042713287,4.72248620740985,6.48240512094945,33.77675,36.103175,36.46395,93.329075,111.214325,112.4691
"ZNF596",0.510037237337744,0.588405788502733,0.969216263634557,29.0119625,35.7505140718563,35.1788366906475,3.59628973827975,1.28462945748181,2.14414696275899,17.3282,19.80295,18.57015,42.93765,44.787625,43.2789
"ZNF621",0.995846828629733,0.841473783502824,0.212179580190359,315.29545625,318.363997005988,294.900423021583,33.237712816236,7.72550648237383,11.0745204105024,211.08935,222.1365,216.22495,374.48445,384.46005,360.65315
"ZNF680",0.982988292591501,0.854320711508544,0.155977600029383,129.1984625,125.22988502994,141.604905755396,18.5746152681957,4.34206597967195,9.06195088609814,87.18435,74.355325,78.18365,157.997025,160.4208,164.3773
"ZNF483",0.814405509094646,0.995173404747065,0.172941546207334,6.7665875,8.01228922155689,6.56943165467626,1.67710900512546,0.455533875473395,0.609736455561226,2.205975,2.54725,2.29705,9.39425,10.171925,8.57175
"ZNF417",0.999949545828177,0.999728780982273,0.999371862089299,95.53134375,95.653027245509,95.8223920863309,10.5501652611186,2.49043033766586,5.02349269303888,67.255575,62.8875,60.0746,111.07345,122.63345,115.7639
"ZNF791",0.844759422825542,0.910952096030947,0.942706388804895,172.70613125,184.819814071856,181.995255395683,16.0182775645035,4.60572311707224,7.68923483499924,132.971425,128.37245,121.03485,193.3394,247.1178,223.523
"ZNF519",0.83106716385799,0.998406797060319,0.379720584650547,32.35978125,37.3932805389222,32.8415107913669,5.03276733742,2.04514648947026,2.14511862768459,14.3952,16.31165,17.3496,52.386625,44.96755,38.0839
"ZNF25",0.503639105494387,0.256900987132929,0.402050772339003,114.6261,135.75102754491,145.360507913669,9.38954468338765,3.5868495188774,7.90630794606686,87.527825,90.01615,90.5134,153.002425,169.939725,173.72405
"ZNF77",0.848373651121927,0.986490710304875,0.593348012744801,87.58585625,80.9929946107784,85.6307338129496,12.248355213718,2.46715824347813,4.37640092508339,52.4988,49.975125,52.8346,122.122825,99.787,99.9521
"ZNF169",0.999893189962293,0.951954837767611,0.692651508226693,46.7832,46.8681856287425,44.9006899280576,4.95032772194596,1.25125836854238,2.24427343809838,30.280575,30.3115,28.25825,57.170775,58.88705,54.909
"ZNF613",0.996186683053196,0.994898975637134,0.888616688519659,73.1999125,74.0609074850299,72.172328057554,9.13811107212478,2.1863260826417,3.55265831420389,49.177375,46.02125,44.75605,100.371075,98.3139,94.48845
"ZNF404",0.764865439279779,0.745393468630267,0.988980344283068,21.08255625,17.7606640718563,17.494481294964,4.30874915787603,0.964857624941061,1.7708933504353,9.897975,7.502475,7.5021,25.5513,23.321775,19.82445
"ZNF135",0.414483488331435,0.747206804068519,0.390450604673514,11.531475,22.3680892215569,17.9506877697842,2.0472848248249,2.05933775554245,1.91051161384698,6.02555,5.93335,5.62715,14.36,22.305,22.95125
"ZNF620",0.538312721680661,0.919556320194291,0.217124123680708,14.63920625,21.4921550898204,17.2365302158273,3.66137611682717,1.49577931542996,1.72455008344838,3.224225,7.1072,7.11355,19.23915,22.1487,19.80805
"ZNF619",0.0755869192083456,0.263370283285502,0.319445886036366,27.6604625,40.5066601796407,37.1522,3.2871390760923,1.32346928490002,1.77155124687532,16.542925,23.445275,23.31105,33.845825,52.45795,43.7388
"ZNF354C",0.706778325645923,0.954302378817704,0.423386494881133,19.59851875,25.1489895209581,21.6987208633094,8.8684306966773,1.46791962900173,2.32744359787206,6.1495,5.56725,5.4143,13.443875,38.723725,27.7541
"ZNF114",0.166405028508723,0.301557098515361,0.748022351421693,166.3597625,103.380465269461,113.331790647482,62.7660811811735,7.2323704629817,10.6904272765044,36.94635,22.580275,32.96505,129.6848,132.98,136.6693
"ZNF454",0.382714578034499,0.550803284404452,0.803200938635809,2.91236875,5.3178994011976,4.86567553956835,0.559847862051137,0.411143801293765,0.541969398306491,1.114725,1.297225,1.43545,4.120025,5.9874,5.42495
"ZNF543",0.971641048737279,0.859187253235525,0.707115995171234,115.6316625,118.61070988024,122.692594244604,9.26290139102338,2.61388217956319,5.00930470154452,93.5443,83.389725,83.0457,128.892825,146.41275,150.011
"ZNF354B",0.282396364931565,0.164575103856858,0.638993958317049,94.96545625,77.6088808383234,73.5443525179856,11.3064297952314,2.51146248005077,3.50285556511225,60.479275,45.714075,44.54975,104.6787,98.9942,92.27025
"ZNF223",0.440465202782143,0.636285465871683,0.74713383116418,50.064425,61.071675748503,58.4870338129496,6.71866782733316,1.98169442570602,2.83380885178046,29.466225,37.3934,36.8736,61.121525,79.519625,70.3271
"ZNF713",0.955629474421516,0.911440230397276,0.936372491325681,41.0926125,37.5005368263473,35.7952964028777,11.0529558772449,2.61970620392171,4.39301429273001,17.029925,15.142825,14.31445,44.471675,40.405925,38.5671
"ZNF552",0.993777959406467,0.75318008042149,0.0817107927387623,138.3273875,140.440610778443,123.624841726619,12.0189062584118,4.52066843810439,5.6825650699583,105.778325,92.074175,77.7121,158.878225,165.61605,150.76455
"ZNF154",0.980151806345229,0.973006863296444,0.994586908569671,12.395025,12.9570880239521,13.0724316546763,1.75288465211633,0.569079088002278,1.20178274370429,7.4761,5.5432,5.2443,15.360125,16.78055,14.69045
"ZNF571",0.445601564475694,0.810614082518035,0.310116550390904,33.9857375,42.5568538922156,38.4841014388489,6.68800362388929,1.51751916584367,2.3195093150495,16.11285,22.5205,17.11045,41.3876,58.958325,51.73335
"ZNF443",0.837926737389371,0.947046231363661,0.812058508363955,45.7057,51.0703736526946,48.7743115107914,8.14720589696758,2.01929852981332,3.19435003979538,27.103625,26.680375,26.9636,44.7362,66.71845,56.03355
"ZNF792",0.925621526931434,0.997131252989535,0.727271099107718,66.001125,69.8786826347305,66.7721302158273,9.73103279986465,2.34418915451574,2.90238705039776,41.022,42.560225,40.30535,85.30585,92.3873,88.4674
"ZFP82",0.680436735674602,0.859718722554058,0.733092026549085,21.2537,27.429701497006,25.2427482014389,8.43388590633543,1.67451012841603,1.98324129629055,7.392125,9.176375,8.10795,19.812425,35.2444,34.5245
"ZNF707",0.448761873205296,0.320298081008627,0.759345560930405,389.85481875,345.191896706587,334.882220143885,38.4650829008782,8.13030664548908,11.256198223285,308.621625,237.659375,247.04275,460.28755,412.789725,408.0494
"ZNF746",0.417229921215064,0.955064876577312,0.0392886755319065,534.98915,472.670088023952,520.281297122302,65.8629620908058,10.261676829154,16.6711595524572,398.84105,361.3531,406.42145,628.0635,544.0539,575.3723
"ZNF678",0.776117696175543,0.957604846172164,0.585360999136719,26.35940625,29.7330002994012,27.7972755395683,5.53794474906582,1.06827270708366,1.60071756568748,14.4273,15.0726,15.15375,28.083975,38.478475,36.30515
"HKR1",0.89990374240189,0.913223193663646,0.077270750114947,300.377275,318.240541616766,283.282494964029,47.6289370435116,9.02024782945435,12.030445276193,182.377775,203.68255,180.61875,423.791125,413.90155,392.8302
"ZNF101",0.766296753857489,0.862238449810157,0.913016878371625,107.203925,115.426080838323,113.530939568345,9.79961052799421,2.44257968106709,4.27639813425643,86.157825,87.8488,81.6844,133.3173,133.6888,128.8812
"ZNF716",0.797988720464324,0.946422934586275,0.705386412134774,0.108525,0.633064071856287,0.37568417266187,0.0596033531635036,0.202722011916892,0.146186909081773,0,0,0,0,0,0
"ZNF708",0.912225780110667,0.845455393119397,0.912059630762603,63.05225,68.094077245509,70.0846014388489,10.8134653546246,2.5375100992456,4.49283909980719,34.79985,36.067825,33.3616,77.998825,88.07685,98.6613
"ZNF721",0.441309161529972,0.886195551467702,0.148263213085786,262.66365,304.583416766467,279.248776258993,20.2130532751363,7.65061126164083,10.5590949649753,228.722125,220.065975,187.45615,304.195375,364.85325,343.02285
"ZNF662",0.999138292116987,0.403943837184906,0.00168264360067683,55.2101125,55.9946589820359,28.8971338129496,11.3389786772732,4.99226782393589,2.48231931809137,26.3794,12.302525,8.7477,64.887525,61.28035,40.8479
"ZNF320",0.996914645346349,0.826156308845605,0.368066095893501,197.57913125,194.440063473054,172.108786330935,46.8726398758449,9.21913803801694,12.6411120503862,53.01855,56.9323,50.48045,267.810925,295.6273,259.07255
"ZNF530",0.887900160251238,0.878225627247675,0.99534782275,75.79544375,71.135854491018,70.7720223021583,10.0642564361249,1.98584742055845,3.84538513872631,43.006775,44.722025,42.28425,96.6491,92.483575,85.1761
"ZFP1",0.917189414583309,0.67983473309746,0.00424540051457789,188.8173625,182.45415988024,202.698824460432,12.0599915359246,3.16694214617925,6.31501592660607,150.641575,143.25095,152.9258,222.9681,216.354625,233.72295
"KRBA2",0.763084731656319,0.816134532639516,0.980645113618804,28.86491875,33.0436017964072,32.6008201438849,4.21542608737261,1.23179449759475,2.17520739908465,20.6382,15.32065,16.5432,34.540725,49.02945,41.3465
"ZNF93",0.923485787021309,0.681620221284452,0.442141301237528,27.7480125,31.557951497006,36.3799115107914,7.73599474551094,1.98228509900611,3.91693137258259,5.771175,8.77665,7.9593,42.40265,42.461825,40.5371
"ZFP90",0.823346199244543,0.203816150649793,0.00913480021036028,424.27268125,450.300980239521,501.388071223022,26.1730320283767,8.57646802544601,17.5338522565675,372.371625,342.379275,358.5813,490.8556,538.628875,600.1924
"ZNF479",0.879290789695794,0.9539671145697,0.889778733825744,0.0310375,0.113122155688623,0.0822762589928058,0.0310375,0.0429912352742585,0.0208352733347445,0,0,0,0,0,0
"ZNF445",0.140201877072073,0.357015321361742,0.437338405560016,276.6222125,348.825745508982,330.408628776978,22.2328040787948,8.20413446199874,12.7723627065976,220.48335,241.767625,239.33155,336.92035,429.78995,376.4577
"ZNF74",0.998316051145212,0.996349136847023,0.997078517406926,308.9529625,304.644748502994,302.405925179856,42.4617800739764,18.6371516325998,17.6709577631902,190.269025,188.4349,205.36605,384.66035,344.4766,352.50885
"ZNF829",0.412672855617898,0.809584996959447,0.246224248381472,3.74508125,7.04829161676647,5.40645251798561,0.992649445306967,0.632265858498131,0.534278522915068,1.089225,1.06425,0.9676,5.542625,7.1986,7.9503
"ZNF267",0.993884490845439,0.998481970746289,0.990704726882737,438.386625,442.946868562874,440.727632374101,38.6972742377349,9.21877754233477,14.543411534365,332.230575,329.711675,323.85225,502.42075,523.64855,520.0467
"ZNF566",0.667915462825243,0.995704621298816,0.128447201659604,78.130325,89.575297005988,79.3481884892086,17.8644115134707,2.87685408960617,4.13229647027464,37.418975,53.99515,44.2773,96.17305,115.66605,99.19405
"ZNF224",0.862505777307565,0.887497684072826,0.0313062085229127,127.13945625,135.994539520958,118.93480647482,8.98609414840493,3.93011681809042,4.73262103374341,106.151,93.58575,82.04435,155.04205,162.383275,143.12065
"ZNF529",0.79208150274461,0.978220982965988,0.497890392323355,136.191,150.210625449102,140.633290647482,25.762959359631,4.71186553188099,6.52405103157733,78.32655,96.381975,91.46775,197.423,187.486325,182.81755
"ZNF284",0.98478046710373,0.941590044581854,0.898207003139594,29.9769375,29.0635628742515,28.1101899280576,3.04659899337052,1.24947014627611,1.55963008990911,25.69535,16.6274,16.18955,30.68125,36.153925,36.4456
"ZNF749",0.951583040278565,0.974939854348698,0.383588922992101,68.25214375,70.6774338323353,66.4631575539568,4.11290642665428,1.72522839177693,2.79308976293063,57.242775,48.1502,44.6066,79.96,89.616225,79.02705
"ZNF17",0.663450835785068,0.990629783919402,0.155218115455378,112.21756875,121.322096107784,113.638551079137,7.79645919715439,2.24022587801597,3.62289071229906,93.061225,94.2536,88.63775,134.579825,144.0216,131.01415
"ZNF555",0.948267496250244,0.775122625435701,0.582245349759605,57.27708125,59.2361823353293,61.7053309352518,5.41256479800488,1.27955212148159,2.35498978023644,42.22265,43.95195,43.97535,71.163675,72.894425,73.6523
"ZNF75D",0.998940734074489,0.80718579855271,0.282337045602254,210.0131375,208.909207185629,193.813489928058,18.7650523151768,5.56276626398374,7.83673228736093,183.191875,151.678175,135.73375,218.888625,241.41495,220.99245
"ZNF197",0.512682651460862,0.778340893702951,0.55707260547606,233.11178125,254.469787125748,246.588721582734,12.770419694892,4.16886847818583,6.49955514353051,201.410575,201.8382,198.4053,270.419875,292.211,287.1616
"ZNF732",0.735023240493593,0.257689960845805,0.0685670041823175,8.33790625,6.14313892215569,3.57184316546763,3.42283327299267,0.691665028702189,0.640867349773967,0.558175,0.562625,0.43965,8.4198,5.017975,2.2239
"ZNF546",0.741910183133059,0.997253596430238,0.101134771218918,21.77685,25.0761368263473,21.4504661870504,3.57904458231057,0.977070377537431,1.43791925730776,11.3852,12.6531,10.77815,31.10125,32.65535,25.14365
"ZNF286A",0.763144827463863,0.577583443068769,0.680085578504822,250.97100625,273.749125149701,284.482033093525,22.1863819087172,6.77748591603264,11.6719429974568,193.0629,190.011675,198.4271,311.139125,316.76025,345.7108
"ZKSCAN4",0.995757711968884,0.998236127601049,0.996933104245808,102.011175,101.19822754491,101.470768345324,10.0160399953379,1.91411488521787,3.26427471561099,79.6723,76.386725,76.38485,113.03155,120.00815,121.67445
"ZNF643",0.998821717153322,0.893390235850241,0.535789893333475,42.6249,42.3312628742515,39.6619661870504,8.13571824335443,1.38952357804537,1.89065813842481,22.5723,26.1631,23.976,49.143025,53.396525,46.52455
"ZNF642",0.999842921424234,0.929238697547045,0.578945812906064,91.7320375,91.8863841317365,88.2898820143885,9.20640422222884,1.93887112764417,3.08004591991661,65.418925,69.49475,66.7426,113.210525,107.9918,102.11775
"ZNF490",0.143764388563523,0.467845144216405,0.204199100048087,142.49158125,169.908061976048,160.131341007194,11.7714766654302,3.05580860784907,5.08517207551275,101.835775,127.1755,117.00085,181.0859,206.537375,186.4231
"ZNF626",0.971384691933816,0.998498332289172,0.752705005162155,33.28818125,35.6809152694611,32.726664028777,8.75827992790831,2.29235298125523,3.25919395973776,10.5668,9.558125,10.98445,35.98315,43.91485,33.1634
"ZNF793",0.61208672461765,0.358732830132921,0.464887195365795,63.517625,49.3325464071856,42.3382654676259,17.5939768219541,3.31905053733772,4.407602658548,9.92295,7.006625,7.1389,122.09215,74.98245,58.1424
"ZNF383",0.712457796006249,0.948187372801614,0.467120260018603,66.45756875,74.1447565868263,69.5962482014389,6.46510642743489,2.20231620181891,2.90768158081605,54.476325,52.46045,48.5612,74.085525,91.9662,83.5022
"ZNF669",0.695767120461523,0.846094313236657,0.810308241607694,91.19215,82.4406889221557,85.0679258992806,17.225807292294,2.18734615606867,3.67170185467871,54.523925,55.44565,56.7295,102.73025,100.3629,99.2575
"ZNF559",0.577773753561939,0.379118678638429,0.611607377305631,199.1344375,175.539693413174,166.731035971223,34.441597276549,5.12709498580225,6.96338952364827,111.802375,110.296425,112.2321,244.5865,219.28525,204.2185
"ZNF177",0.72903758093246,0.528364491281594,0.642232960853828,34.7285625,29.1061011976048,26.4802,9.88712274730316,1.64593674856047,2.08887372937985,9.6557,9.509125,9.83655,42.38975,39.009625,34.3473
"ZNF548",0.961576087456761,0.93754546462672,0.259364147559975,202.66731875,208.064408383234,195.524082733813,16.3985880994021,4.26483632418827,7.04937216521763,169.952725,158.44215,143.9017,225.142675,251.289575,231.13955
"ZNF563",0.915935297761831,0.855123139751199,0.922713877967562,34.3090875,36.5627344311377,37.4134417266187,5.07588894680754,1.23857906029009,1.76422448748969,16.601825,18.7053,23.1695,45.807825,49.3742,48.57125
"ZNF567",0.255689818645228,0.50116105433421,0.53327647222457,73.85699375,95.9272461077844,90.0294352517986,10.5892460846113,3.10051066247543,4.29336253205024,53.243975,61.296225,58.0432,102.583575,124.670025,120.6049
"ZNF573",0.173723969185247,0.318093433965921,0.728942142997249,7.9381125,12.2456691616766,11.5265697841727,1.30641639348113,0.519359078181239,0.808050359478218,3.92635,6.089875,5.5466,11.511975,16.3484,14.1052
"ZNF527",0.422959894112581,0.785481399520844,0.319506693457236,53.56389375,64.7357329341317,59.6577294964029,7.05253465890969,1.9207876950214,2.96076427703734,37.582875,40.0364,37.2703,65.64835,82.64935,74.0766
"ZNF33A",0.488393096101455,0.627544567552333,0.876570783864676,448.7971875,529.654029640719,516.00411294964,34.0265424747516,12.083834529588,32.8095229898717,336.513475,379.05885,350.1263,530.1374,621.823075,583.51065
"ZKSCAN3",0.91320743880293,0.827777463942798,0.869862690971053,45.644525,48.1418532934132,49.3625985611511,5.9639785621366,1.33565327679107,1.96310557792235,34.435475,33.1525,35.33755,56.930525,57.763225,61.5239
"ZNF676",0.73043013903677,0.722585512620781,0.995118887444887,0.58315625,1.64825568862275,1.7006381294964,0.251691373837211,0.286897406376976,0.539244428085391,0,0,0,0.674175,1.375975,1.4969
"ZNF699",0.420048821401654,0.64457735320713,0.671470390164309,41.25869375,32.7797850299401,35.0428050359712,7.31025378523475,1.33298445458322,2.572329192253,19.2964,15.42505,14.1454,53.011475,46.066,46.55455
"ZNF250",0.437401250779004,0.849911621235232,0.209480649961686,201.780125,240.190082035928,219.31744676259,21.9240616781302,7.14050840229005,8.77737645454415,145.100625,162.314625,157.37405,257.98595,275.835775,264.5025
"ZNF79",0.979024652253823,0.844577898873409,0.127144931053923,115.5371875,117.713811077844,109.196209352518,14.1578716828657,2.42016128322071,3.34534093804408,84.05865,84.7846,82.8643,127.8626,143.57255,132.54075
"ZNF681",0.958438190501079,0.856771798851577,0.774144223383515,54.07968125,49.8737149700599,45.7974215827338,17.9470399412206,3.07925751150498,5.46348011525369,15.790175,9.308025,9.5774,61.97345,76.943375,53.3629
"ZNF766",0.0756309598942532,0.401103284985186,0.0807889132607674,288.63636875,355.773073053892,329.638854676259,27.3696530270659,6.76960902724744,9.58103670620025,215.028675,264.19815,249.53745,364.94275,416.314175,366.264
"ZNF471",0.320473908755615,0.606843098327319,0.476812143940683,14.03964375,26.4714607784431,22.5202942446043,3.14378186262142,1.8832069387923,2.84398737702701,5.8302,4.91115,5.42875,18.0282,32.297875,24.14715
"ZNF836",0.220036059965036,0.713361199035048,0.077284177290227,76.24794375,92.8410377245509,84.3054978417266,5.15057786249084,2.18179416454567,3.24281563544955,56.048775,65.32365,60.4082,89.46465,113.71505,99.0357
"ZNF493",0.767736545024804,0.999091459653658,0.225529521160865,38.694525,45.4039473053892,39.100090647482,9.52323685596841,2.08069191960244,3.16732892830193,17.532775,16.931625,14.9334,51.667,58.38685,52.2923
"ZNF167",0.906874014099828,0.982572284619972,0.275453231896979,22.52164375,24.7573113772455,21.5438071942446,4.53448620165476,1.20951744002615,1.46949115641001,10.1822,11.256975,8.8669,26.904425,32.3985,29.706
"ZNF565",0.798375618593359,0.999563762175277,0.208118578962183,45.794775,48.8398377245509,45.6565920863309,3.93907655415052,1.00675191343433,1.64316293604172,33.1452,36.240675,32.0308,53.604925,58.293225,51.8611
"ZNF34",0.97751692708159,0.984549389258082,0.996871757406328,92.65684375,90.5587502994012,90.8658978417266,8.24589030805128,2.26251132848212,3.27873300178936,73.9983,61.58805,68.0562,109.661525,111.666775,104.9692
"ZNF140",0.997629418712565,0.999770938684263,0.973750876598604,312.1060375,310.030328443114,312.771275539568,27.8454001787711,6.54290307744336,11.3689982176149,241.117325,231.853975,226.4931,385.370925,373.171475,371.4743
"ZNF658",0.547269556551068,0.595259255673971,0.992740474167234,47.8615,56.1443323353293,55.7858043165468,5.79761588535897,1.59630099855242,2.99866792180096,33.20025,36.11165,32.64785,58.55725,71.27455,68.9068
"ZNF765",0.472447084357855,0.463036993863145,0.990081813664633,162.99799375,187.503048502994,188.614987769784,10.5349376742677,4.50671399779093,7.13466088337005,138.97745,132.304825,139.6967,181.18035,238.448925,230.72255
"ZNF124",0.44312229796328,0.191049836903966,0.308451343608214,58.9353875,49.1988296407186,44.5775913669065,13.920946714283,1.71904086100323,2.27265553385023,36.44,28.43345,28.34815,57.3226,60.21285,55.28185
"ZNF569",0.827720538046433,0.998227158296831,0.375205198069484,50.03313125,56.9170497005988,50.7206726618705,12.126714284895,2.60968174298728,3.47356539401155,20.34755,19.794225,18.4964,73.968175,82.39605,71.85105
"ZNF777",0.858709668866171,0.482717263863595,0.214199485567969,462.3211875,486.626258982036,517.237685611511,43.0332199834295,10.036094227628,14.8055235219519,339.351375,370.1603,403.39695,465.317275,573.610125,606.65035
"ZNF605",0.992491294878556,0.784504407746709,0.321139993709516,258.0061375,254.077271856287,234.991568345324,30.5463746523788,7.35038958538541,10.5754259887863,171.9513,166.67395,158.7274,326.631,326.8897,288.92415
"ZNF799",0.728751093270012,0.705079279381836,0.985669374266987,64.69716875,72.3746691616766,73.0208395683453,8.51949733849616,2.06606310449718,3.74137640150244,38.466625,47.00275,43.19595,70.834125,92.5665,90.50755
"ZNF782",0.648628289367938,0.953567027832995,0.300772941701463,36.30104375,41.598321257485,38.1099769784173,4.27714301330309,1.25464741287433,2.10571123256955,23.3286,27.3405,23.67745,38.355775,49.665225,45.49115
"ZNF846",0.887785362260001,0.370651346743751,0.0512696203031244,83.5417625,78.3592134730539,68.0646496402878,12.9654476211226,2.41052148430794,3.50709834219622,51.6195,49.676875,40.908,103.334775,97.770225,81.3878
"ZNF136",0.732257700105224,0.843613879302623,0.892386767612558,115.665675,127.670732634731,124.810352517986,12.2015217876074,3.25067837488008,5.9436119657896,76.404375,85.345275,83.83105,131.079775,164.646275,146.73135
"ZKSCAN5",0.995782746465328,0.992790455542317,0.996681433466295,353.95435625,357.523700898204,358.772230935252,26.9217839529425,8.33568841648722,15.1982947015212,290.9534,278.978525,277.11685,408.023375,399.215525,379.99075
"ZNF33B",0.974484816000005,0.91970511901469,0.885260762926683,397.214175,387.565035628743,379.298664028777,33.7487547991151,9.67437502146477,14.5344927979778,319.36405,263.2725,255.0289,473.95015,480.72165,462.2226
"ZNF431",0.998405986778984,0.999241461774316,0.999146550042648,153.73948125,154.970437125749,154.61525323741,17.3857558053502,5.04188342362403,7.1695278378922,93.9015,99.26825,95.3048,223.2686,191.42045,194.12615
"ZNF418",0.786651227409996,0.721839747060443,0.938607449551873,14.7269375,11.6179601796407,10.9882179856115,6.83245859822116,0.954565612901464,1.64656112232271,3.7938,3.4312,3.03625,11.7822,12.021925,11.19585
"ZNF700",0.423373681954233,0.148004192839617,0.197984972028377,267.72658125,232.722394610778,213.729595683453,20.9636278125694,5.96362053753587,9.52970843886275,205.892225,158.6175,146.841,305.8489,290.5691,258.20175
"ZFP28",0.349234899267118,0.753931196336673,0.230081519774935,33.7158,54.7812386227545,44.9505057553957,8.42968132505613,3.43031319538083,4.50527401624591,9.3146,11.7054,12.1752,43.107275,77.4843,53.0598
"ZNF585A",0.493921738780971,0.535032818282539,0.996210424947839,73.542725,91.1926676646707,90.6829884892086,11.2597597353492,3.4985415488396,4.6096250117103,49.698625,51.030775,51.1631,91.36665,117.8935,121.63995
"ZNF138",0.227797879781565,0.495855948502626,0.44501226277831,136.50451875,114.983276646707,121.25092733813,14.5263210816269,2.46204542386467,5.33107733293779,100.600325,84.6451,81.2336,149.3193,139.106525,153.63035
"ZNF429",0.238119494471442,0.169440059635974,0.814795885865509,17.56775625,30.7402263473054,32.6960597122302,2.87467717861457,1.70602728965566,2.93193064275385,6.864975,8.884375,8.2206,25.490975,43.00505,46.66555
"ZNF470",0.220141209640897,0.446180669759409,0.547313849150506,33.94174375,59.3170473053892,53.0176769784173,10.4289184295479,3.24008508554126,5.26456118364986,9.33985,16.74095,14.4157,33.6241,84.419,73.8353
"ZNF100",0.620810224550626,0.758169877833909,0.868414851370396,71.6152375,85.9257494011976,82.858264028777,12.481026392298,3.25459553450137,5.29125607864323,32.24795,45.17175,37.93325,102.085725,110.4555,107.41815
"ZNF398",0.985564264861118,0.999389950458405,0.943528746122158,496.43460625,489.572013772455,494.984430935252,58.3987830086285,8.79735731660227,14.1172502064998,325.92075,374.85145,375.69485,606.679825,580.163125,579.06285
"ZNF498",0.998244702393742,0.991779191980277,0.888526980231556,419.71778125,422.59168742515,413.291416546763,33.4511312274802,9.93678467606314,20.3999263277404,298.016725,316.01765,302.1364,496.1183,495.7109,463.9752
"ZNF441",0.835403955995792,0.853829743914075,0.998733881572135,55.30660625,60.475105988024,60.3040978417266,5.42627822609927,1.95868349773917,3.00567482209435,42.892725,35.5065,34.64225,64.219075,78.81185,73.7393
"ZNF420",0.15740650370878,0.251346471103853,0.865558805336586,37.551675,61.5859152694611,58.949928057554,6.54584341852077,2.86458623602368,4.22034390034752,14.811175,23.0919,21.7871,57.95145,83.860675,87.40865
"ZNF763",0.978856221294265,0.911145785245498,0.257894307639924,17.1944375,17.8570218562874,15.7678877697842,3.11173633686343,0.748979390330394,1.00355106807551,8.190675,9.1465,7.3272,23.08245,22.618975,19.9554
"ZNF679",0.60605933160585,0.663830167845573,0.985544898080874,0.44740625,0.181484431137725,0.199343165467626,0.386197526799084,0.0608221585921243,0.0819331646270401,0,0,0,0,0,0
"ZNF682",0.946402796001324,0.736075505699072,0.483790163219015,21.84310625,19.8057023952096,16.8825374100719,6.41703607811834,1.38774747775145,2.09393225392365,5.132975,4.7817,4.0459,24.004,23.8263,20.803
"ZNF772",0.659110935107058,0.60623240518699,0.955233066636364,105.63975625,126.091177245509,128.761937410072,19.7345151986669,5.06767832289053,7.72608339050162,36.015625,54.948325,68.05005,156.844,173.793875,174.35775
"ZNF257",0.753671019854582,0.485357308349514,0.463405952266261,4.10126875,6.68444281437126,8.36705971223022,1.35066965109653,0.634514963499438,1.6330458625567,1.136975,1.2077,1.0999,3.7086,6.590025,7.5266
"ZNF785",0.508596258897467,0.144330482191393,0.0878863440135692,169.522975,146.503730838323,129.199562589928,21.4159058766736,4.88203666766216,4.74973919245781,116.08055,94.4289,88.54405,189.9389,179.359175,162.26005
"ZNF98",0.86806541900944,0.7315498818381,0.77163573241063,0.930425,1.42145479041916,1.68369568345324,0.510955490111419,0.187248893829902,0.395706096497655,0,0,0,0.7702,1.319125,1.5672
"ZNF786",0.590412341326902,0.650085417728103,0.984553493720989,233.1616875,208.399261676647,210.075423021583,34.1977566483179,5.37943672918103,8.06215075478395,116.95375,149.671725,147.33605,311.53585,257.416225,258.0445
"ZNF517",0.991833900076745,0.732280929245778,0.222252884448056,202.5301625,198.795326347305,178.758897122302,33.4115973017939,7.0698442057498,7.68315943485418,120.4612,120.036225,112.9853,254.946875,234.432725,228.0074
"ZNF675",0.850712625579445,0.995304186014903,0.240092579849869,114.58414375,101.437579341317,116.896985611511,29.2967040814889,4.44476065330314,10.1235004189134,48.709075,44.831175,50.13055,161.07895,137.751225,141.9583
"ZNF860",0.532708900761967,0.328804233619428,0.569511843882492,54.54518125,46.183847005988,43.0664604316547,9.25277607196087,1.77657265682005,2.05363204421798,28.011475,24.25765,27.242,67.098625,59.976825,57.1136
"ZNF695",0.85989785690607,0.546748806804495,0.334103432800087,39.35740625,33.9243790419162,28.1334863309353,13.7567290447665,2.21790244944625,3.28353847116498,9.749425,5.2633,2.83685,42.31955,45.165425,39.81465
"ZNF665",0.770677493482958,0.988856974490563,0.356860762028267,5.1206375,6.76800688622755,5.47284244604317,1.13141800689353,0.559136123071647,0.624408174991256,2.43655,1.43355,1.3311,5.841825,7.311625,7.13775
"ZNF624",0.063755758650076,0.0727509712438282,0.999316020732753,69.090725,90.5477598802395,90.6801431654676,7.88007113460648,2.03041759390838,3.23062912094459,49.50365,65.07695,62.67805,84.914,109.318275,107.7814
"ZNF841",0.980049297945778,0.88944795100011,0.750992789469328,170.94769375,166.394971257485,159.620855395683,20.4548442848132,5.01304687440637,8.26983304796259,138.088,107.37,93.02545,221.116175,205.886225,198.86845
"ZNF615",0.524018520363154,0.473724015934927,0.95123847765195,79.57450625,95.5408880239521,97.2893179856115,8.79436623425033,3.17612586425949,4.9354146706898,59.683175,52.0686,57.32675,101.76375,131.29115,130.50615
"ZNF433",0.844406265800982,0.797348821328222,0.959917280931975,40.31661875,45.9884323353293,47.0882294964029,6.8208871440489,2.19926603467486,3.4499105179998,17.84485,13.66705,12.96005,58.512575,69.306725,74.96855
"ZNF595",0.822442801220025,0.995464528541765,0.411094536113957,91.64808125,105.812205389222,93.8749805755396,17.8592153785103,5.46520069131564,6.43959233300117,47.24635,53.2852,49.5283,95.451575,124.0748,113.31185
"ZNF460",0.842735950469906,0.602949745739651,0.516997152992749,64.4335875,70.2848919161677,74.8229928057554,5.960922322013,2.11457668536565,4.03284039798095,44.83095,43.396125,41.56745,79.35355,89.76855,93.69835
"ZNF81",0.235308229833988,0.469851430938626,0.541653557044703,81.99065625,114.291371257485,106.017994244604,10.2689795023287,4.48542459247987,5.8769311252089,63.67505,61.303525,64.49195,102.59745,153.9542,125.5675
"ZNF780A",0.334186148305629,0.849972345411561,0.0782393163471123,178.4455125,208.047535628743,190.173394964029,12.8635958716024,4.80483249616211,5.78775803335752,141.991475,151.5573,144.613,220.563575,242.1311,227.00165
"ZNF461",0.505052221789213,0.863837328135251,0.301606324277499,44.0473625,54.4971739520958,49.0294575539568,8.05731540901328,2.1166993532623,2.67728650744412,19.19875,26.700975,27.0556,72.44935,73.000575,64.94955
"ZNF181",0.524784629870823,0.80756455207088,0.503675384714285,97.36868125,112.56749251497,106.38426618705,9.40636533142238,2.97022366707443,4.88512584409317,68.7852,73.760975,65.0462,120.28165,139.081525,128.38135
"ZNF44",0.964433274600231,0.751231790865391,0.432742939017729,143.8943,139.571073053892,131.351428057554,12.8434335475014,3.72311706352082,5.25483629678963,116.572125,96.709075,90.7997,161.207125,179.8444,155.6962
"ZNF790",0.203851589740035,0.663636500693768,0.0976652227736676,40.01930625,57.4486838323353,49.1175834532374,7.96696676885495,2.35786314312359,2.70868801427393,11.615425,24.371825,23.2875,67.254975,81.932375,69.35045
"ZNF677",0.914318844294723,0.999841238749506,0.535285230563254,9.65466875,11.1946101796407,9.58780647482014,4.43552735773623,0.868296185221408,1.01276945529523,2.43685,2.978275,3.01875,8.881125,12.646925,11.42735
"ZNF823",0.971115457589251,0.934621227988331,0.291455969021643,110.13541875,113.086182934132,105.511692805755,11.6482803500067,2.66760700475142,4.51541907835928,78.047775,79.972925,69.0765,118.47765,137.428425,135.26795
"ZNF311",0.552359765700464,0.256948427080224,0.298013512403382,51.41476875,42.3370808383234,37.2147194244604,11.1264031882789,1.95622399888362,2.40199107412932,21.5354,18.065925,17.15505,81.55,57.4807,53.20365
"ZNF347",0.477374147418779,0.862409385459968,0.252272144874718,29.2037875,42.6698562874251,35.4081956834532,8.22754311083041,2.6451470876205,3.26502784066425,12.22485,10.3483,8.7082,27.9777,56.8536,48.42875
"ZNF273",0.575078227110435,0.768234999736292,0.743486713577553,138.4904625,118.05275748503,123.948482733813,25.5626394155756,4.13075328396966,7.30697567999438,78.614575,71.20625,64.23785,139.83315,143.8999,147.22955
"ZNF84",0.563109294282744,0.815269927854794,0.577718653336484,306.1454625,358.158879341317,338.108405755396,36.8034697382494,11.4489424691825,14.9799545753087,184.9062,219.65145,212.655,380.888225,457.539125,418.2454
"ZNF667",0.515575342534049,0.899037149013552,0.23185265499387,12.943275,26.3487290419162,18.4770697841727,4.18499056154352,2.82110190835655,3.35657405261244,4.335525,3.6159,3.8635,10.101575,18.570025,16.36615
"ZNF649",0.634249030460655,0.834362478040388,0.698599499962792,93.87595625,113.182840718563,106.426127338129,16.2355412342233,4.56924136383028,7.05609811791357,55.04185,55.934825,51.03035,118.176525,152.422475,138.9763
"ZNF248",0.99812700587087,0.997631205726816,0.999690598976251,166.055425,164.373241616766,164.103689208633,18.2129707025893,4.66106824497051,13.8492242840039,114.22545,103.896075,105.00065,205.3999,211.4268,183.2293
"ZNF544",0.69649000827808,0.572620951875429,0.831610799765962,569.042575,529.856385329341,518.827020863309,55.845299958072,9.88620470220486,17.257096401549,468.082325,400.741475,370.94335,664.2098,646.9448,647.1199
"ZNF251",0.999975243862162,0.967741408153373,0.789676592033859,256.814125,257.05912245509,247.615344604317,37.028301206527,7.92495151165881,11.6533748844951,144.79425,155.2348,140.37385,330.81585,327.8964,317.52675
"ZNF607",0.724168710460193,0.978403543075313,0.330752933589047,89.618675,105.520083832335,93.8813884892086,20.2211766798335,4.54223242155688,6.48386598022197,33.1702,38.422475,29.946,121.166575,147.691925,137.54665
"ZNF334",0.36891568372263,0.418145543023039,0.991796319191956,36.054,22.7806709580838,23.2551165467626,12.3068973637178,2.00404452560916,3.50451317424124,7.15685,3.63335,3.5905,28.8127,24.14365,20.59875
"ZNF485",0.130133584554657,0.0846269742480591,0.781156254997115,61.8807,49.1324479041916,47.3915604316547,10.1506797985242,1.44803674853696,1.83103633926248,35.9644,32.018725,31.6632,73.0339,62.32045,60.55775
"ZNF192",0.925610732673795,0.997169110344589,0.726466552696521,203.40606875,217.688935329341,206.227002158273,39.3195790859208,8.40663523165872,11.5533963906686,59.785825,112.907125,113.9797,274.525675,287.57585,271.95715
"ZNF442",0.315259854143116,0.328561127636404,0.998774026648791,9.34164375,12.7398365269461,12.7833820143885,1.47343904169149,0.524702190893424,0.704123990229102,5.046275,6.088275,6.54655,11.197175,17.4046,17.4176
"ZNF813",0.180594224242959,0.350836309659508,0.657420487185428,21.684975,46.2890631736527,41.5029136690647,4.77895838009794,3.0682176673127,4.45255845919307,7.23485,8.538425,8.3239,32.320125,65.799,56.8878
"ZNF26",0.655459539041409,0.814691280775626,0.805660341774637,188.945425,170.831666467066,175.938409352518,19.9591998200527,4.37233947301696,7.02999947127142,130.70775,110.82935,125.30535,244.12955,208.19505,217.55445
"ZNF69",0.984156442667292,0.991667829469749,0.731499123018622,12.14866875,12.7897104790419,11.6700352517986,3.3208039010371,0.854119396071123,1.0580610015232,5.217925,4.799075,4.4385,14.267825,14.5759,14.5502
"ZNF583",0.675331206981002,0.810811391387232,0.857758060347098,17.33523125,21.8121889221557,20.7090287769784,3.55283995900602,1.16532446482646,1.68311271687565,5.575125,7.34335,6.79875,24.00635,29.07455,28.30045
"ZNF568",0.657051521997783,0.834059405116767,0.75509199765772,26.69390625,36.3589092814371,33.2425942446043,8.48675438251902,2.58428028399916,2.77396875290633,6.909375,10.4843,10.40885,28.301325,45.660725,43.01205
"ZNF480",0.162118099835527,0.244642990555677,0.901684242354728,266.0628,327.625433832335,321.863036690648,29.0902962867073,7.02934895968848,11.9392450157669,227.32825,236.381475,231.24075,337.193175,397.5559,373.5439
"ZNF587",0.44476656972554,0.102614705908887,0.0612055366702474,483.56703125,424.02340988024,380.171807194245,38.5236046506292,10.3956464079576,16.8439669709051,411.463575,288.6651,260.10715,520.40365,526.374775,445.44395
"ZNF808",0.259298507849907,0.272880237855701,0.998798805829841,84.5654875,115.425870958084,115.787661151079,17.2758527296336,3.92918164131229,7.48732072430503,35.0918,60.0947,46.735,111.318125,164.4314,159.42455
"ZNF43",0.846960116922709,0.998150343111615,0.429726470058502,50.49564375,60.7756589820359,51.6146712230216,13.4037201585355,4.16894687623584,5.70442717210446,23.812775,19.9283,15.90965,55.6902,72.83255,56.9314
"ZNF28",0.0408808342077027,0.0501005098778635,0.99988639364912,167.47585,277.001904790419,276.746707913669,32.6965476109125,9.39538701188863,16.1465212219878,50.940825,164.067025,137.7846,250.80995,376.863,372.9305
"ZNF627",0.963840188946122,0.844525484526892,0.707317843561812,207.035275,214.116472155689,222.688073381295,23.9071682603609,5.21380864786724,11.2047641638498,137.463875,161.3111,155.69175,246.4108,247.805775,247.0394
"ZNF789",0.970540605538785,0.92739284914594,0.265088087598761,59.56529375,62.0854721556886,55.4371086330935,7.41966938380382,2.4649172308396,3.06197580198095,40.4914,32.62625,29.2129,64.4253,78.939375,66.0278
"ZNF534",0.998155125741352,0.92885185411802,0.512113471577303,6.54374375,6.46896616766467,7.03152302158273,1.09335052388551,0.269533577552816,0.457870807899376,3.7115,3.5544,3.95135,7.64215,7.7634,8.90545
"ZNF525",0.178557964161782,0.228126057175715,0.977360360999275,99.652775,155.857617065868,153.314391366906,23.7986678017988,6.44692173331446,11.7948699720979,18.790125,62.38455,43.07895,166.681175,227.999,227.0484
"ZNF814",0.531626399400134,0.280719398146921,0.415336120540578,159.867725,135.787468862275,124.57920647482,20.5258280123249,4.66543926711561,7.97125240791538,96.29535,79.46245,68.95245,221.716025,164.276125,150.9975
"ZNF551",0.950019064515287,0.937685106994066,0.992048015370577,119.79829375,125.280205389222,126.133274820144,13.9584785289517,3.73815008150858,6.44246324394425,82.100225,81.1095,73.0594,135.94005,158.5529,161.98225
"ZNF805",0.999874508395608,0.858672335573312,0.334522013746655,288.10859375,288.494975149701,274.214362589928,28.9064235865022,5.34667854132861,8.80360651078765,186.333075,223.937675,214.4983,347.000475,339.183575,316.1788
"ZNF468",0.174367798452704,0.165337394980653,0.974937360002328,199.68075,279.30060239521,283.067476978417,36.4779372609207,9.27607750883338,15.8360801592049,78.6445,164.214575,149.57905,273.162275,395.575925,402.62625
"ZNF616",0.0707892257227667,0.0817274275398503,0.999865039587,98.59675625,132.138675449102,132.23241294964,9.88412907193888,3.2188658420034,5.2876062956094,83.617975,91.33565,94.1785,109.835425,158.96725,158.99055
"ZFP57",0.84009622342,0.990195479466001,0.17884265261054,16.29318125,25.5346374251497,14.0272992805755,4.30665449192892,4.1840789754076,1.64154854992139,3.3914,1.3961,2.3397,22.885675,16.04295,18.21205
"ZNF155",0.849747875442809,0.999992695599444,0.347965674698696,104.93280625,113.985108982036,104.870289928058,10.9944415484881,3.90867433737879,4.14047401088501,82.42555,73.92435,71.0318,117.498,146.13075,132.7249
"ZNF425",0.874796761394332,0.642338179312735,0.5162486246684,45.06776875,49.2502476047904,52.9234007194245,10.4616030498386,1.74189634662647,2.98457224138711,25.513275,26.389775,27.71585,52.287975,64.5956,67.63225
"ZNF611",0.311903271485836,0.49365821238301,0.744247716439238,82.080275,105.381108083832,100.76535323741,12.9693564167184,3.32305706010857,5.70842376067676,53.9426,58.23015,52.6387,100.10515,147.8861,133.60405
"ZNF254",0.997149814789702,0.99592353068854,0.99899525278167,129.24741875,127.290121856287,126.831985611511,31.7826923032545,5.08593492632648,11.1194628105278,54.11375,54.12105,47.05865,124.696,186.893025,169.42195
"ZNF625",0.728007195097818,0.852897263602632,0.861639916415899,7.27010625,8.95833323353293,8.50250143884892,1.55984218455129,0.48170407325416,0.731753897523979,2.603525,2.42325,2.36225,12.724475,12.580125,12.71245
"ZNF845",0.405734435827452,0.25924289067137,0.667614651140109,183.13300625,214.583560179641,222.873411510791,17.283739942326,4.94351227124482,9.33831915210672,142.705975,152.6188,157.66285,191.565925,267.557025,252.5626
"ZNF90",0.414057938511514,0.414360870751453,0.994491457617155,529.8549125,404.425013772455,400.51944676259,92.1311481787705,21.97860744071,29.6449574579437,209.477475,207.688325,195.1547,736.210825,450.813,477.0505
"ZNF788",0.93932555421629,0.992942135511907,0.483268004680558,52.39623125,47.1693625748503,54.2096992805755,12.2920850913664,3.07937749461764,6.01530686853945,14.680825,11.688625,11.5456,68.192575,61.926325,74.57815
"ZNF880",0.611104033779242,0.967504535777813,0.184478501531667,30.27956875,42.0980736526946,33.4328676258993,8.23812715138539,2.72517481253416,4.05027432884596,12.8728,12.038425,9.7124,29.040625,51.47885,39.7647
"ZNF630",0.540217970915884,0.503221722191181,0.968618937482732,26.5776625,33.3638461077844,33.9718474820144,4.79191926349171,1.41943405423787,1.98078302692424,12.197,15.02605,19.63295,29.447525,44.218,43.88355
"ZNF844",0.84962766316968,0.999869250270934,0.331679640232397,40.963825,47.226578742515,40.7809086330935,8.88083119776569,2.56348993901004,3.49217795371012,14.572775,12.0368,12.2903,44.82875,69.3191,56.65635
"ZNF717",0.955163116283939,0.989900180634329,0.522989550380745,13.453175,14.5260425149701,12.9326079136691,2.77191275878078,0.827179566059866,1.13433827952928,3.143025,3.2072,2.65845,18.323175,19.795925,21.72055
"ZNF492",0.948233019892354,0.989651515253361,0.90394516413123,3.46088125,2.75374011976048,3.13822230215827,2.17732644968967,0.482337923944026,0.772983393067895,0.467075,0,0,1.8372,2.0787,2.04955
"ZNF688",0.783582189194769,0.984373389853474,0.427025931488061,189.84951875,214.887534131737,196.408835251799,16.1982978138605,8.8273846712969,9.61052270805644,146.062325,134.203625,129.65925,238.8836,237.3641,218.5491
"ZNF879",0.782187174350936,0.966959248600108,0.0514622804952309,35.02108125,40.8615368263473,32.7943503597122,7.96282337277017,1.98720034890637,2.42519173124053,11.095,13.001725,9.89705,54.291025,56.0632,44.344
"ZNF737",0.987754923238862,0.993625779632775,0.786360617040183,42.57431875,44.6810395209581,41.0086949640288,16.6368954420244,2.87849269370612,5.03177499786892,13.497625,11.7382,11.0396,45.241425,54.777475,46.718
"ZNF709",0.760211314047218,0.760482567147433,0.998316501096687,31.04369375,35.5992074850299,35.7399503597122,6.44385755775393,1.34778443120448,2.25083649205619,18.56035,17.779725,18.50575,33.4199,47.13635,44.4066
"ZNF585B",0.419737807555797,0.655248757074237,0.642754544367843,30.67193125,40.6328835329341,37.8330726618705,5.69352836826397,1.77056523843275,2.38131020671643,16.06215,15.85215,15.08085,47.11365,57.025525,53.99345
"ZNF324B",0.64835586560051,0.983834446070428,0.0195922487560076,137.2012125,150.09005,134.625841726619,11.6246847656753,3.09904196075977,4.91741878328247,113.914075,113.1531,98.92905,154.1229,176.1694,159.36105
"ZNF564",0.799514504816491,0.997270058616379,0.170499703425972,150.0464,159.342805688623,148.987094244604,13.4765870558907,3.1939300608154,4.56610217241148,119.03305,116.94375,109.07415,170.61465,192.921,172.9772
"ZNF674",0.950596204209444,0.996575901559092,0.593023666502127,51.2799125,54.4726296407186,50.4231014388489,4.76578878255282,2.61603868042181,1.71218367919911,35.99705,37.084675,36.0755,59.676325,62.424825,60.41765
"ZNF432",0.975561500144977,0.986896962974635,0.614144989292813,74.93810625,77.3696865269461,73.1067625899281,6.73560437312711,2.44233171476636,3.97566033627182,62.705525,47.920675,44.54025,92.10245,99.6868,87.55485
"ZNF10",0.799541963976633,0.990867277745282,0.407867858426885,88.161125,98.8212700598802,90.3866532374101,11.2269455366858,3.66931756355449,5.34332894597746,52.77455,50.779275,49.2305,131.9598,125.07055,111.961
"ZNF486",0.921583439730729,0.993240652534655,0.415080682914957,12.931075,15.3638592814371,12.2079992805755,4.98384602148532,1.45583406818593,1.68823976024671,5.013825,2.8297,3.3764,7.987425,15.795325,13.5284
"ZNF225",0.628895477597642,0.99356575620583,0.102579141006351,46.21408125,52.0862356287425,46.9277561151079,5.23758256181719,1.44784306047537,1.82104633520001,35.559025,34.237925,32.5418,49.2869,66.933125,57.293
"ZNF350",0.672228910457011,0.532077787782628,0.793173976595644,86.50015,100.50170748503,104.717789928058,14.4572246894272,3.48253279259754,5.66544930585191,31.605075,49.809825,55.7745,134.956175,136.04445,140.32785
"ZNF253",0.618736013606537,0.670942965598118,0.989029790480749,47.68530625,60.327497005988,59.5727136690647,11.1409127011452,2.83724304586198,4.75142696609188,12.74415,22.51075,21.5795,70.6516,85.074225,75.7047
"ZNF878",0.961581252506458,0.988732415031915,0.951301713269653,5.78934375,6.34266856287425,6.09629928057554,1.39851141506987,0.454486842485903,0.666550872867027,1.77915,0.60065,0.4675,8.003575,8.285725,8.3955
"ZNF727",0.924132556114304,0.968289662653689,0.942773088189794,1.238075,1.62188443113772,1.49106618705036,1.03444110914622,0.224814340419352,0.302621133280803,0,0,0,0.517125,1.51805,1.6774
"ZNF578",0.664421488551036,0.794398108079953,0.873783415737372,6.44384375,8.86328083832335,8.31553237410072,1.08797697348369,0.601628710136813,0.96584606568086,3.101825,3.516375,2.95265,8.78855,9.848125,10.28985
"TRIM28",0.900014335002968,0.999838097065064,0.537050619529734,7523.94923125,7828.24524011976,7536.25186258993,732.622829487695,150.903794051491,220.455458138058,5989.753075,6028.396,5583.52395,7953.23445,8999.3549,8985.7379
