"gene","p-adj-NO-[Unknown]","p-adj-YES-[Unknown]","p-adj-YES-NO","mean-[Unknown]","mean-NO","mean-YES","SEM-[Unknown]","SEM-NO","SEM-YES","Q1-[Unknown]","Q1-NO","Q1-YES","Q3-[Unknown]","Q3-NO","Q3-YES"
"ZNF195",0.365803772832639,0.905920581721767,0.794062319525701,516.087733333333,404.303545454545,472.29364,76.2910084328018,30.1726807365006,59.9033848734827,329.66,352.5535,365.8696,580.677575,453.0205,600.1438
"ZNF263",0.998914254630661,0.868835542701868,0.887914570400473,585.70465,582.626463636364,540.91094,51.1419210765249,53.653940412796,37.428404267743,507.394225,475.16295,491.8097,620.5748,649.6438,600.78
"ZNF200",0.552248090748559,0.649558455729225,0.997480274313357,233.145808333333,194.938672727273,191.76236,35.3826925447282,14.5847170510971,6.30204154830798,149.783175,156.5055,181.5894,265.662175,231.02015,199.1484
"ZNF582",0.986891173646868,0.615596901348822,0.549783420138778,25.4718166666667,26.9264181818182,14.10676,6.28360940815207,7.97952146577063,4.80017560299621,8.21135,7.09845,4.6035,48.166375,42.88705,19.1827
"ZNF285",0.95477772163218,0.731754462156534,0.860643122658084,29.6670416666667,26.4636181818182,18.99252,8.76358025983239,6.82688331512489,10.585871795105,6.26375,5.37355,7.1145,50.611275,41.10645,12.9047
"ZNF275",0.930236581881263,0.885221115822402,0.981403655789995,885.3712,939.488063636364,975.0718,65.9513209627523,138.149992723547,161.207465406199,709.50125,597.72935,790.2456,1038.953675,1178.4646,999.5911
"ZNF37A",0.933144326657701,0.945934718791123,0.827582691956564,676.80125,710.805981818182,637.94972,66.290620067368,67.5151369204887,108.717201789194,556.736625,577.96045,545.4851,809.31085,768.16005,789.2865
"ZNF510",0.97161199451852,0.917218432188848,0.974990199899098,339.6428,350.669772727273,364.03072,33.6506126698041,35.9927274119498,45.6033168424447,258.9953,282.96235,329.2973,411.3374,418.57985,399.3481
"ZNF506",0.516547536067973,0.730757756995771,0.99335011808419,590.734825,702.8673,688.51476,60.1356057530586,92.5388374842467,46.39753363838,478.9987,492.8388,599.4028,714.52435,891.2507,710.1762
"ZNF324",0.998830838927123,0.836050233250075,0.857914571047656,176.154233333333,175.138427272727,160.06516,16.8958472868978,16.0049985630858,13.982561319179,143.20625,144.7855,138.9412,199.3844,198.4892,156.8949
"ZNF671",0.761613831592238,0.924904416796474,0.633478925102626,89.8297666666667,113.898918181818,73.4668,16.3752576959151,33.3707229203788,20.4719215837205,47.28305,36.69645,48.5457,119.72265,153.65025,73.9404
"ZNF416",0.824081290446298,0.95598291302477,0.98266537793293,93.0939,103.571327272727,99.5172,12.4068554034563,14.1134217092686,10.6516297465224,67.5889,80.58535,84.507,107.640625,126.39935,113.6282
"ZNF586",0.997987465725248,0.814892998254801,0.793600473136635,201.601325,199.5555,228.0163,16.0819555011723,29.500511925213,41.5085730185826,146.808875,124.5147,194.2053,236.315725,230.0621,215.1078
"ZNF446",0.771403949070677,0.847302901644678,0.99995575237392,170.305208333333,189.617754545455,189.94172,15.5109103255236,14.696182123948,53.3222049805182,145.539575,155.70865,136.8326,190.794475,208.8548,138.8685
"ZNF8",0.999047039551674,0.902620107405097,0.918186529488129,241.965566666667,243.590418181818,263.49244,31.7189269036699,26.0524170446178,24.0585348406049,152.57705,175.8329,229.9809,281.37995,293.9794,255.791
"ZNF264",0.948585066216925,0.950492371221064,0.852663892869522,1312.50979166667,1257.71821818182,1381.03362,131.258286368871,129.344467297647,136.76931547295,1017.792225,909.38125,1279.3091,1646.15945,1460.3435,1408.4862
"ZNF213",0.998584658234043,0.788787393301242,0.77142093176725,678.684458333333,675.171836363636,736.96056,47.8380868314759,43.4035095426925,94.8065789614497,601.6086,596.0309,668.603,738.31505,785.33765,884.376
"ZNF343",0.999985124617716,0.0272771746511632,0.0293174101613071,264.12055,263.854645454545,444.82682,31.0013960450647,17.9100214469054,103.402702183891,194.72605,227.2047,320.7928,279.801775,304.61095,477.5058
"ZNF302",0.879256782898846,0.965395747591046,0.808110288719308,370.417258333333,404.984381818182,347.40476,48.5571773318423,55.9587363476791,61.1156839296232,211.07195,278.11105,316.0825,512.80175,501.33275,351.2171
"ZNF268",0.980333397722241,0.533736126486942,0.632425140963306,326.73765,339.074618181818,416.3817,34.9758978644916,55.3463995265403,73.206720803612,253.44045,250.66105,303.4434,385.455125,397.51895,518.6294
"ZNF184",0.988941744316234,0.0520078333192084,0.0699144130760838,214.290833333333,218.742018181818,313.07514,26.7776523588102,13.5184064064641,36.1412569889814,151.706425,198.41465,288.3448,253.315175,232.22915,323.9842
"ZNF500",0.975761411331561,0.481729277441624,0.589222699598103,308.961333333333,301.670754545455,257.44296,21.5881921733335,27.4106970604257,36.7441179159413,271.534175,229.38205,224.6115,345.48015,365.84825,261.561
"ZNF419",0.809018328040764,0.912597699775128,0.996538135686646,88.1347166666667,77.2681454545454,79.05598,14.1686393214607,10.0207142807955,17.4912263173112,59.549575,47.26655,43.2482,115.277,105.20275,90.3955
"ZNF175",0.987283568771378,0.484717916943405,0.426274657128763,178.447616666667,173.193936363636,229.64078,22.8673051166078,29.2176725085171,19.4635271062929,131.12955,116.5634,200.3679,244.3335,219.69115,225.5702
"ZNF14",0.94102053792042,0.555054659408595,0.721039114354075,167.869358333333,177.3704,206.01372,11.1242929641683,23.1277558504888,45.8126813893315,156.532175,135.99615,136.0733,195.3081,209.18965,215.5434
"ZNF85",0.947123227364544,0.12599632320468,0.203774315474956,87.0729166666667,96.0856727272727,161.27836,14.8055535489468,16.5485925465312,54.2842190780212,57.2356,60.0237,73.2429,94.041475,110.56635,158.9356
"ZKSCAN1",0.998452827962577,0.952485273445233,0.965498190488872,2045.1767,2068.96888181818,2215.47042,220.719292501101,434.888364359332,290.068923594065,1547.51945,1167.0613,1946.6099,2124.28345,2622.93775,2165.0485
"ZNF862",0.799671991916392,0.674490429316366,0.936272816644885,507.460741666667,448.523072727273,407.33566,71.5506142753976,63.7513695267783,68.6403395323304,380.403125,269.9437,368.3071,576.415275,623.9617,484.7691
"ZNF684",0.989425039970881,0.995063840499212,0.977993009171511,65.5751583333333,67.1420727272727,64.21214,5.83585244216611,10.2422390364615,10.5474426021477,51.160075,44.4823,55.7353,86.032925,86.30005,67.3563
"ZNF430",0.949921783551403,0.0109761282746084,0.00687251167159242,172.479225,163.162909090909,295.39918,14.004745311788,12.5471916703696,67.1295942023218,159.68615,131.5188,177.178,187.02195,201.9427,372.0444
"ZFP30",0.40020019125128,0.957565668949967,0.741860728453864,245.008741666667,159.181981818182,221.6484,62.869047246653,26.7415027345606,23.0890790608461,143.253275,103.05535,232.8857,238.66985,216.86875,237.1675
"ZNF549",0.982331574009982,0.380884629852707,0.467212853263827,111.252375,117.259309090909,168.80982,16.3883921951942,25.4941619355257,51.499804113544,54.060725,44.8612,111.957,156.494675,173.69635,280.8119
"ZNF211",0.973958203947313,0.911653749997961,0.834854064795268,219.184166666667,208.954272727273,243.64334,40.2616091985927,27.3602775113189,29.1934649445488,156.341875,160.2164,222.5189,227.8063,275.26915,307.1854
"ZNF205",0.999050935746125,0.452600321586179,0.443480062410171,294.126908333333,295.597954545455,238.9691,27.08954779327,24.0224827230408,31.5645290997981,253.52685,226.3495,208.6411,344.6211,358.24605,278.0609
"ZNF45",0.639133525349993,0.980627202773892,0.86316388284317,278.106141666667,231.547736363636,265.81146,51.6357236180776,13.558629590119,13.0252830909197,195.77165,203.18955,242.7184,279.8297,255.5725,293.9183
"ZNF133",0.968000629583073,0.110661861441219,0.0807923075492805,252.523191666667,236.227690909091,431.87698,44.1387816917285,14.3799950015951,135.098960395398,179.6598,213.51365,216.6967,271.567,263.1018,539.0249
"ZNF436",0.44454149586139,0.697299515622789,0.987517138757142,638.348158333333,498.105463636364,520.26774,103.201649393636,55.8548678045298,71.5991975258145,352.294875,379.1737,356.6981,891.34085,619.20495,610.5503
"ZNF484",0.934493700816618,0.677657521311521,0.518185947916009,153.910458333333,146.707845454545,176.07838,12.3066463919474,17.9622368576632,15.6647806804755,132.7502,89.61025,154.8441,179.67835,193.25705,204.4501
"ZNF780B",0.817617434500848,0.906847312773766,0.998436055598982,379.329583333333,408.803336363636,405.4605,24.9568365558018,46.628430885432,29.0408237077222,314.900425,306.64645,357.0259,420.535425,504.70425,471.8341
"ZNF557",0.83455623546716,0.563056607672731,0.834506170123074,241.2166,263.230718181818,291.68028,23.0618310088205,21.8662017791253,66.137471923573,171.9125,230.41515,207.9921,289.583425,281.03365,272.3938
"ZNF337",0.989107589250111,0.682167165492221,0.754152643710671,372.548616666667,386.214418181818,476.37874,83.6140105221452,47.2328301046919,94.8559658045165,223.79005,249.92105,305.095,367.647475,527.8533,568.4118
"ZNF317",0.524178478444396,0.0964532488021658,0.413370317543207,870.487441666667,972.019709090909,1126.25204,40.4253711614142,77.4426383941131,132.581110371084,789.345275,757.13185,955.4117,950.13555,1125.3321,1103.8323
"ZNF426",0.701898362367149,0.744334854084611,0.380756375340525,185.43505,154.213081818182,221.75068,27.135151044614,25.349547021439,48.2655200910381,113.101,98.23615,162.5295,264.530675,185.2644,245.66
"ZNF331",0.641524297145282,0.858902242042886,0.982077907484379,373.933208333333,497.495209090909,465.57156,56.8924705950161,124.06425581419,165.452258093099,231.009675,144.64,239.1091,517.043225,957.87755,504.2896
"ZNF227",0.995905708731647,0.883619016308282,0.91506286242516,245.893725,248.366536363636,263.25618,22.7728867347479,20.2412498433915,14.7543353105926,201.74935,205.73815,241.37,311.2284,266.98175,268.2957
"ZNF141",0.923732175284295,0.850413603458281,0.968054992997904,82.15285,89.6496272727273,95.84,13.1731974032877,15.8296847744879,16.3908649605504,66.73115,39.40765,71.499,100.466,130.2369,103.3689
"ZNF304",0.956026297568582,0.797996881372258,0.910488656102045,248.928391666667,262.946827272727,289.13162,26.0377038672054,46.0967424114548,32.9875770110416,186.789625,134.1779,220.7665,319.07045,357.88035,344.842
"ZNF132",0.883937969659464,0.718903234901599,0.915057885363817,69.31985,60.8431454545455,51.5594,13.018397910274,14.3114111163617,6.78910524244543,36.425875,28.5709,39.3388,91.486375,78.7228,55.0162
"ZNF20",0.895085119537941,0.0191804061415498,0.00927196465472679,104.683341666667,98.7217090909091,154.12742,7.71332414055977,5.10404398439395,26.9469321087281,89.152075,92.11425,121.8474,119.289225,109.7888,162.9126
"ZNF670",0.895953802098802,0.243860877681798,0.417847330163526,74.551225,81.7010272727273,108.17968,9.09503411517687,9.41741264084868,28.2430581413097,55.1047,63.6281,83.3856,81.264875,93.00575,108.7483
"ZFP37",0.886593603063125,0.738278232993631,0.92583827901792,49.6587916666667,56.5174818181818,63.6014,10.3418677130908,8.89722276626321,19.9064448102869,25.3684,47.3765,36.9702,71.7549,61.2455,110.7108
"ZNF189",0.898061775426982,0.556624781142224,0.772586788511068,456.8532,490.223618181818,557.24104,44.9360063175384,60.0056167074259,87.410211008083,323.68165,406.58105,425.5063,544.39685,510.159,549.4426
"ZNF434",0.863439097705139,0.602958250508106,0.844728286846136,309.77,325.866727272727,348.1741,23.9807197818657,23.1393072003153,13.9290545085803,247.674925,272.80695,338.0282,324.7995,384.56245,342.8465
"ZNF287",0.999897851948648,0.988582486895269,0.99045379310136,84.251575,84.0140272727273,81.03912,13.6822828488885,11.620101658467,14.3740853619074,45.222825,55.08815,71.4385,122.625475,115.7073,87.0191
"ZIM3",0.945016732483575,0.44392650259704,0.323134841697118,0.837408333333333,0.516236363636364,2.4155,0.435912631199351,0.310083696406082,2.32664233736086,0,0,0,0.99575,0.5349,0.3596
"ZFP14",0.919925222399095,0.820285400409559,0.647871878759101,194.0243,204.463363636364,173.46392,13.2603813169269,25.3057076319742,21.5062620275909,162.800475,126.04655,144.4481,222.228975,265.3574,203.0894
"ZNF473",0.890840581189382,0.244754747238787,0.423998685097179,272.323791666667,293.437854545455,368.99646,27.8696375583049,30.1995443713654,70.9522502283374,218.06715,245.847,273.1671,276.641175,313.6089,440.678
"ZNF614",0.656653944060355,0.298674653973253,0.0938551516591857,252.89935,202.207709090909,364.3902,31.8067605493647,39.2299669502061,92.6183248967449,173.232,75.842,227.3174,338.45855,265.4639,557.8573
"POGK",0.403143690575352,0.702009143243022,0.186784105582868,1813.657025,1501.36755454545,2059.15038,183.062814471013,123.210018236765,321.284512719125,1310.240825,1216.61565,1863.8572,2426.917425,1708.451,2125.1228
"ZNF514",0.873725820807643,0.998283892031868,0.942214705142223,253.352441666667,232.697881818182,250.3902,36.8898078531379,23.7102275272692,18.758160696321,187.118275,171.38125,216.9385,292.033725,292.35455,267.384
"ZNF300",0.47756626864663,0.997162191978915,0.59497513994012,61.3743416666667,86.9813272727273,59.38214,13.1027203194457,16.3602651223744,28.1302589374965,25.8387,54.1293,17.6875,91.589125,99.96815,52.3882
"RBAK",0.713549092946001,0.471924888831184,0.196405619412239,675.538925,605.880881818182,809.25086,49.0277594862697,52.0295157053026,158.961216344958,556.66385,492.0846,570.9458,779.270675,691.39785,868.4507
"ZNF92",0.632731367309584,0.966030573638208,0.60855568074831,379.117525,308.561627272727,403.61036,52.2876480796505,41.1804926362782,121.5949054541,269.92865,206.0669,236.1211,414.7676,423.19775,427.1845
"ZNF157",0.609611394999872,0.998903400574386,0.71529620531765,1.097275,1.93505454545455,1.04752,0.315617232247649,0.929493228432827,0.280116419368805,0.23805,0,0.6551,2.22585,2.5173,1.7009
"ZNF182",0.925586400124693,0.260896294694183,0.166124224770765,177.441625,167.241581818182,233.1981,22.861716841066,15.443655964981,23.282010711835,114.8561,146.32075,190.8088,215.67565,192.09745,269.5709
"ZNF673",0.991198571287426,0.799579383499009,0.855601613232691,182.298033333333,177.848763636364,153.62408,21.9979553610975,31.5615456613504,13.4438330981309,130.587475,106.74915,139.5349,249.781375,267.74705,177.9935
"ZNF41",0.831161908992558,0.857785660276019,0.997124494059333,296.205791666667,323.808281818182,328.241,13.437365262301,51.5379246272293,19.0246912664831,269.03945,228.78145,305.1787,311.991225,355.9268,357.1924
"ZNF7",0.740347164953773,0.533113816161506,0.875006092608331,421.482508333333,462.014263636364,496.78828,38.335435489164,34.301458907127,71.8156137027555,346.848675,380.69465,377.4381,437.593225,565.38,642.699
"ZNF214",0.549617345850577,0.951853447185887,0.861588740044592,38.3239166666667,29.9615272727273,35.29902,5.2602425514683,5.28218031978688,10.6757004039267,26.686775,17.69785,14.2877,50.53875,42.16795,49.7871
"ZNF215",0.996405244703097,0.00331329005824377,0.00319470135551725,38.765725,37.1819363636364,130.07228,8.99544795738146,10.2408038930392,40.5416224855197,12.952525,15.22775,94.2307,60.8075,50.31805,166.1273
"ZNF547",0.895364239688632,0.989188431162239,0.878566047953659,45.237975,41.3473727272727,46.79046,5.3628006441841,7.3050782671072,7.46494117114127,27.0718,25.7579,36.005,59.85415,55.14,60.7983
"ZNF773",0.727618706398862,0.974636561747905,0.924218450870177,82.5074416666667,67.8441,77.22674,16.0859580160841,12.6076678895244,7.42491537093858,52.94255,31.37465,60.2686,87.427925,91.5248,89.1766
"ZNF776",0.994003123137978,0.276874841669588,0.322626530140509,374.076241666667,380.278636363636,492.9517,40.0849323702384,47.0959797746808,49.8538614532816,287.665375,327.02925,430.0565,462.9153,436.25385,515.4422
"ZNF256",0.778696792827658,0.550274940726993,0.863941564570223,66.0355916666667,84.8593090909091,103.41484,11.6482486714089,23.694528134719,39.4704094392065,30.284575,19.36405,54.7003,91.138425,152.5648,89.1766
"ZNF599",0.974771540660565,0.286077146157382,0.375593154122444,81.8865416666667,78.5699727272727,51.47616,10.6642225986072,11.2454008606516,15.9557378826741,55.283825,59.0598,25.4606,108.124175,101.6935,66.1633
"ZNF18",0.992375899554092,0.429505221511432,0.389069287532246,141.798,139.582427272727,172.04092,16.1374389225518,11.0571175866875,12.0324964638017,99.4845,111.04885,154.1588,181.571275,159.4172,169.4915
"ZKSCAN2",0.735727360357624,0.205332684017153,0.072334718731212,167.017941666667,146.757027272727,227.37698,19.2513310113694,14.5250426130502,40.1603292895912,118.016575,110.97405,191.8266,204.598775,175.2221,204.2268
"ZNF689",0.927478960253108,0.857956211925868,0.969918079636384,251.013866666667,239.089336363636,229.28496,26.9087968464194,21.6900244084538,8.89297610508428,195.48305,190.7202,213.2949,307.837025,287.12645,250.2457
"ZNF19",0.315756022993698,0.922663776101379,0.724385794902604,50.6798083333333,65.0569363636364,55.41084,6.07134406826206,8.76922477312015,2.78405864155193,40.225725,43.6676,53.5593,56.48995,84.0176,58.4401
"ZNF230",0.999907295853832,0.882699560871653,0.890085157571757,95.3932666666667,95.2609,89.18398,6.31293868173079,9.23030691395569,3.98281297193328,75.944525,78.7048,86.2105,111.771425,103.12735,95.2513
"ZNF222",0.941627858938163,0.77621714999597,0.627629434392711,33.31045,35.2102,28.3175,3.60343207298559,5.1080624866079,2.73816147606382,24.26785,23.59365,25.5862,45.67565,43.24855,32.3331
"ZNF221",0.989146856259794,0.846149791941457,0.900783702410839,42.4580583333333,40.8429909090909,34.37208,8.36052503714546,8.9345025478296,6.67809122492348,15.66905,18.03225,26.8745,54.788325,55.9177,31.2837
"ZNF233",0.0669055974654635,0.823995766587298,0.445694311462465,24.2917166666667,40.1285090909091,29.40274,4.42308407900808,5.4953496087056,5.49603344927958,15.29425,29.1893,22.3216,28.664125,52.6648,41.7116
"ZNF235",0.723426506898228,0.834730004049762,0.999498963195414,84.985925,95.3860545454545,94.8611,6.34723309026383,12.6391581934469,12.574213311973,68.37525,64.6756,70.9131,98.5103,113.5428,120.6445
"ZNF208",0.956588348076335,0.984167586414012,0.998520064406282,67.5857666666667,59.1259909090909,61.12092,20.2451213223399,23.7740754025795,23.4873113387718,19.05965,14.4177,20.3079,104.4389,72.67665,63.2741
"ZNF714",0.841442018692039,0.918108028088723,0.69193016141766,339.710341666667,295.647327272727,379.1627,55.0973937273482,46.1164998214445,111.404260964651,208.04015,220.66575,201.3664,414.79345,310.2177,455.5053
"ZNF394",0.940888953565806,0.970802719683778,0.878286198817734,516.542191666667,536.465881818182,498.83678,39.8463402519689,45.0315787614502,63.7670763231183,410.8002,460.5479,441.2054,654.260175,543.2112,507.3714
"ZNF333",0.968198950234848,0.974042729008667,0.99956279533017,214.610825,225.558790909091,227.20316,28.7739951151186,39.0201697012443,28.4477569912744,131.8966,116.9442,187.6413,286.601,325.35255,271.4662
"ZNF382",0.962020685575636,0.721534707094542,0.602097083735664,54.518275,59.4931818181818,35.98258,10.0871422090739,17.7642519101236,10.8022256991974,29.498975,23.50335,18.3426,94.625425,78.4767,52.048
"ZNF577",0.394031519883919,0.951815370698969,0.396293537582416,93.5989166666667,136.330990909091,81.29308,21.8004733013565,26.5012090186757,21.0454756822078,37.5367,72.06475,56.4704,144.115225,198.9883,111.6082
"ZNF75A",0.986729382496299,0.442696010727497,0.522297952499026,204.971058333333,196.358090909091,117.66166,44.2770627737372,39.3256492565498,22.4685022728396,125.14995,87.66435,108.9536,216.1965,258.8226,155.4637
"ZNF496",0.953409275234851,0.998382668104911,0.983377023936072,433.612883333333,415.012545454545,429.24856,53.1603681007401,38.8924516951119,40.6101727799279,244.497775,302.5883,352.0896,531.824275,507.63815,477.5261
"ZNF2",0.851747019791614,0.889901028980261,0.999281715685167,117.966983333333,112.453390909091,111.97834,7.78353161840252,7.64225699734949,4.78907994907164,106.682225,94.05445,104.4874,128.947075,127.93225,120.1088
"ZNF589",0.962880855862709,0.995216338967978,0.953271080154835,249.868433333333,267.650272727273,241.80092,60.1115305825048,37.5363110980629,37.5429594720155,141.886725,186.73025,184.8256,271.91855,275.8435,245.2396
"PRDM9",0.97873961312207,0.0859724255560098,0.0669623512366758,0.458025,0.259136363636364,3.31788,0.275599192428832,0.198736892431232,2.56027424027193,0,0,0,0.1695,0,2.5171
"ZNF12",0.56436911904528,0.472052908402014,0.140808661091965,913.151783333333,802.185445454545,1075.88778,71.672845787166,69.2697313960911,150.72708639268,722.851275,652.58365,848.7571,943.10235,932.01015,1215.3901
"ZNF202",0.347193256991892,0.998744732410706,0.552970016030213,249.85225,213.675745454545,248.29932,23.6930686114312,13.1694908737814,3.29698361087828,198.5501,203.15315,246.6739,281.505475,224.13735,250.4209
"ZNF3",0.969708150722249,0.298639067876558,0.398814927207139,692.748166666667,718.748381818182,906.04252,73.4177191986895,46.7801906510317,197.973353312711,570.188375,595.8456,597.7596,698.404125,865.9785,1376.3323
"ZNF606",0.99893168332679,0.631524703951353,0.659966053634232,140.3512,142.692845454545,202.9004,24.4535816959738,41.5609473826842,82.716013309262,96.569975,35.2314,61.538,176.764625,248.5433,377.3425
"ZNF91",0.596667910147046,0.998836523596786,0.758592118948045,723.481583333333,868.253081818182,732.1478,61.8721839165383,140.861534631909,150.042834250933,594.0781,617.0562,521.4196,847.9846,953.9826,843.2219
"ZNF226",0.588697255263794,0.775458457093454,0.995183046204624,203.363166666667,233.011354545455,229.3964,22.6414245798804,20.8205764988579,25.3447231360297,152.452725,193.20435,186.9831,235.964,267.28655,267.8385
"ZNF229",0.62793459615675,0.62994534176365,0.979386942469589,78.630475,47.8057363636364,39.46138,30.3769265375182,16.0908895051278,19.9466852479153,22.52295,15.1941,9.6254,99.562075,62.2132,34.0183
"ZNF180",0.621582668559814,0.99322379996892,0.812399548002373,204.258858333333,175.756590909091,199.95736,24.381759601479,21.1008300475229,15.6457975275343,152.649075,142.6423,180.5106,219.75645,206.3209,207.6646
"ZNF641",0.507040840741461,0.404127263120887,0.908224446399849,237.588791666667,195.771545454545,175.68932,32.0895368845834,23.0609524228821,12.7107032991255,127.6947,148.49965,160.4979,306.41355,257.01685,194.1829
"ZNF610",0.653666133799272,0.999132794744358,0.751040217274287,42.1640166666667,30.0122454545455,42.85748,9.13105946695484,8.09857037756849,20.9082419170144,17.752325,13.56485,21.9729,56.41435,38.6597,35.1538
"ZNF528",0.979809292637194,0.919942072601157,0.969870403337739,149.916033333333,140.242672727273,124.9318,37.8013457709417,31.6937854984139,56.3255596542724,70.65975,29.64475,36.0301,169.730675,235.0384,139.8153
"ZNF701",0.987079816769749,0.57277443230321,0.508998285824649,125.199591666667,121.061854545455,160.15694,11.7383300336873,21.7400985744289,41.1742654764186,101.77645,63.87985,123.1463,140.3781,173.2576,236.4511
"ZNF283",0.998397252485011,0.529234894938196,0.51279549199322,71.3155666666667,70.5339,91.4487,12.4554557757886,8.85793286212986,7.14347192148188,45.3547,54.76965,76.5412,82.583275,77.3036,103.5047
"ZNF558",0.464475836739022,0.00146575203491472,0.0161140494945606,329.569508333333,388.129654545455,577.28992,21.8609073068851,31.5427741984043,92.0440122140403,309.30315,326.63125,446.0841,364.828775,433.0512,770.8726
"ZNF597",0.921401920276643,0.806933293635059,0.9453195484864,72.83505,67.9793636363636,62.7822,8.98984400491196,7.92951430931844,15.9961745738473,55.878825,54.0321,62.7796,98.7512,67.4527,84.5365
"ZNF30",0.393081797106184,0.833638332537881,0.890898184940649,78.26485,92.5647454545455,86.18192,4.89616719908945,8.4400256633643,16.7684434028147,70.81935,78.33105,83.7062,84.66935,109.01855,92.1896
"ZNF354A",0.500324351472892,0.939051813588202,0.455899335059434,266.773225,319.977681818182,246.61068,32.3014107955152,34.4503729448604,47.6106196896596,207.304075,258.72255,185.74,308.96875,386.6041,280.38
"ZNF764",0.931947160616392,0.434167055059619,0.608632661225185,258.873091666667,242.768663636364,187.0143,23.8666752056542,42.7875626625165,26.0869197447111,187.589175,170.0507,166.1435,308.21095,259.4515,196.9661
"ZNF747",0.932256622801109,0.332853687632784,0.492181434586375,255.293483333333,243.133481818182,192.47522,21.2524479821838,27.4264762318949,34.5446838377108,223.74325,206.58795,152.2762,304.499525,269.98545,217.1773
"ZNF778",0.836494769825344,0.12081167221109,0.27157331053103,84.8631333333333,95.9740272727273,135.74278,10.1703463671786,13.3854863452451,32.331278768298,55.033275,54.38755,103.5047,101.113125,128.76275,135.1747
"ZNF212",0.127455045469413,0.758582214968863,0.668216046771278,284.356108333333,212.041272727273,251.88992,31.7702171315666,14.4079853842178,36.9190094212101,223.8063,183.1978,230.6442,333.1625,223.5013,254.028
"ZNF282",0.173182885441461,0.995182945540913,0.38577647250493,1006.58704166667,823.3875,994.79232,88.878615500458,30.2908787260996,113.483202844643,804.7735,767.2329,758.6085,1110.22305,895.1892,1164.1009
"ZNF160",0.993615979696476,0.117219868897955,0.14396093972151,511.069208333333,524.375509090909,836.52462,61.1556449303822,61.7906893661606,252.250088130025,414.7924,407.62235,559.0874,582.64405,668.38755,647.8343
"ZNF415",0.99452910102381,0.639992391211008,0.599725742660755,105.736733333333,109.560981818182,61.32146,27.4638161796471,30.2931358204456,22.7204618088762,37.271275,29.3052,26.7838,171.7265,186.82645,60.5526
"ZNF439",0.939172536589155,0.919278972798126,0.795310269744496,82.6718416666667,90.4104454545455,71.23834,14.9879820204918,17.9798381317234,22.4327200653554,38.532975,61.7038,37.6678,112.344125,116.69665,89.8084
"ZNF440",0.68728295434535,0.122145318264263,0.368642599081323,321.7807,362.281427272727,448.83178,33.1357769232894,40.8452221487479,24.3643713693459,236.6721,283.4462,417.1357,414.70935,484.5636,453.6521
"ZNF562",0.929403111283303,0.755200141477352,0.905113925755967,703.506208333333,732.424518181818,776.05306,43.9788914121627,66.7158611177157,88.2398463851938,576.835225,610.672,613.1476,777.8359,920.47435,859.643
"ZNF561",0.440879254152756,0.576934165554962,0.999233314725743,545.178816666667,608.523218181818,610.98312,32.6602330281167,41.7812459799779,45.2578155349814,463.91235,556.91885,568.5043,599.473475,682.61135,679.6594
"ZNF584",0.9783125647331,0.988434532629467,0.999933017613352,177.985775,171.768572727273,172.21238,30.7385995851853,10.5981944669929,10.5840664249333,130.9852,148.77975,147.8809,184.836975,188.33755,187.0684
"ZNF274",0.549448719865613,0.997061910590328,0.739248761340689,243.730483333333,296.039990909091,248.3451,21.5568457101986,43.1570185988738,65.4977985941589,205.402675,212.45455,175.4342,289.866525,349.7895,312.6284
"ZIK1",0.90639450191319,0.720721046516074,0.899781013582883,37.878125,45.8987818181818,56.64332,9.9131927847029,14.4148873862647,28.0407413323436,8.948525,11.9331,21.3434,61.917275,73.68285,62.9339
"ZNF540",0.861278309034388,0.934785370412243,0.736538614775063,40.7203583333333,49.5711363636364,33.14964,8.40759499957554,16.7165296357189,7.5909107241885,19.368175,15.7752,19.0579,61.30625,58.7786,37.319
"ZNF570",0.265417577113871,0.494708878931581,0.994096929108611,78.4777916666667,41.4753909090909,44.5778,21.7474390349672,9.79913735347477,14.1637505697114,33.834775,17.15935,18.8324,106.0168,59.056,60.2124
"ZNF57",0.350222193752103,0.868593628113631,0.825521812006903,128.735658333333,177.948545454545,151.27474,12.8679777051317,35.4588005330498,26.6160841181155,89.74205,108.5085,126.2568,152.6528,211.8916,132.0013
"ZNF556",0.941721716352252,0.995963094225392,0.93832207854877,17.63235,13.7807454545455,18.90556,8.54160985633288,8.42458300202842,10.1340219928023,1.762575,0,3.348,15.2682,14.6471,39.9137
"ZNF554",0.804735982891291,0.808029352086251,0.990956268688638,115.257433333333,97.5510090909091,92.8938,26.7863143251825,8.37194495140498,23.0764496893261,63.04865,89.80405,51.0973,116.4129,112.5918,130.0933
"ZNF738",0.737473001549655,0.646229741300948,0.323993873499835,244.1485,201.648172727273,309.23044,44.8765365864907,20.8903976101074,86.3404495420576,162.412925,146.8792,153.1125,274.19395,257.7763,440.1294
"ZNF596",0.653745142286975,0.177239564442608,0.504750374161832,44.2608333333333,55.6389272727273,74.39182,4.82656204031295,10.7297580429561,19.8833883468186,30.57015,28.29015,41.1622,55.343375,70.8445,99.9017
"ZNF621",0.945416283118126,0.0137489367636217,0.0266153393174805,643.957591666667,673.556109090909,1006.26274,61.0088891027482,35.403843163703,173.550775455348,473.269075,591.268,778.8161,823.145725,764.6121,1131.0187
"ZNF680",0.0600488875496864,0.820086818012253,0.0539564050267382,300.136308333333,173.647454545455,340.56152,39.9546249357687,18.2446200307745,86.59603946192,193.272975,120.6893,255.8178,375.01005,212.96595,356.3708
"ZNF483",0.983406934400064,0.639808110494704,0.564169128115858,58.390225,62.6437727272727,30.10108,16.9699473262567,20.6618308176436,4.99251970165366,18.623075,8.72065,26.8557,73.2042,97.9133,31.9772
"ZNF417",0.817528816429391,0.615529626135125,0.353240619836728,284.289925,250.717318181818,351.14996,32.6079735039261,27.3474014891587,103.924942115676,217.47755,189.70635,204.6453,332.67785,295.39925,342.2243
"ZNF791",0.951175155270536,0.959255817299098,0.869688493677006,407.047433333333,424.411372727273,386.86656,31.550673667745,55.4348028079228,17.2909748678783,353.62425,298.7267,366.7745,456.568625,498.751,419.3346
"ZNF519",0.950933632042071,0.846700374886503,0.719573845701528,61.8641833333333,58.1656363636364,70.46366,4.95245199627713,10.4503253426456,17.620354847352,49.807075,32.20095,38.3653,68.583725,69.8254,108.8094
"ZNF25",0.931742544487052,0.655871614651894,0.493930685601181,306.871466666667,336.650663636364,213.39694,57.174301170785,69.2534918340155,38.778604636147,160.2693,161.7252,152.7516,422.754725,465.60445,257.0477
"ZNF77",0.469740430538274,0.296246940502695,0.829512157915316,61.355775,74.8798454545455,83.4629,7.73938549777699,8.4438810563235,11.770018943995,44.835525,53.71035,65.6554,69.95225,87.02755,100.0209
"ZNF169",0.262322282743438,0.435816039483191,0.999962851157283,93.70995,122.311609090909,122.12256,8.41743924804151,15.6843333920969,21.4115033394342,70.667325,89.0433,102.8888,115.91585,139.40975,115.9515
"ZNF613",0.855187426877872,0.305850681806697,0.540208021705761,88.993,97.1849636363636,118.40022,4.85912927778031,14.4618541223534,19.4656315662606,75.9394,75.2861,106.0278,101.459525,112.50315,147.0694
"ZNF404",0.955176567404765,0.749739242711016,0.619839365772152,35.2336333333333,39.2506909090909,22.32716,9.52052714808769,11.8893105860643,3.63884535073971,11.675725,15.8657,23.4726,49.61625,40.31465,27.6208
"ZNF135",0.896848349759224,0.784868310707174,0.582215898520336,75.34355,91.1094818181818,45.26608,20.7443959613613,33.0904432579801,11.1575122027,22.15265,23.0948,24.566,162.851325,126.89895,63.4772
"ZNF620",0.840586373565567,0.296373977381285,0.148048633873135,80.507825,70.7653454545455,114.15036,13.9015818522522,6.88553811175494,24.6792409990786,53.135425,47.267,80.5672,90.978325,90.1786,145.6311
"ZNF619",0.996659597938258,0.165508735278697,0.191928525309862,100.540816666667,102.037718181818,146.58956,9.18372938515022,10.3825540808242,38.7136317992203,76.836175,84.9455,104.4362,123.667625,118.25365,122.769
"ZNF354C",0.727779382676421,0.487129945609729,0.845614115199612,46.0483083333333,35.2231363636364,25.09554,11.4353473896926,9.65062854737049,7.93684184746049,18.825475,9.70525,13.8104,83.177975,54.80295,29.2972
"ZNF114",0.491351620765089,0.734308647179125,0.987865971764534,53.9338166666667,8.08887272727273,15.73448,41.2154741245266,3.03743202034191,8.64798715189841,2.5347,1.94,6.696,21.53925,8.52095,12.9047
"ZNF454",0.80483846903507,0.254175258342282,0.51377877534976,26.81575,21.5023727272727,9.35848,6.99263660412498,5.7011617323472,2.81277769747273,9.210975,7.8563,6.5509,49.19215,27.7838,12.5868
"ZNF543",0.96649326680532,0.0563060914181287,0.0889631901368785,169.564908333333,177.398818181818,267.30788,22.956593339897,14.6366625501097,49.5474970772934,122.6734,159.9978,197.0583,239.0788,209.5093,304.2071
"ZNF354B",0.265128423406793,0.992331506055514,0.380039038868312,115.374258333333,136.5995,113.37242,8.31521373708474,10.9353839836311,12.3173753549772,98.338925,117.28865,99.6737,138.55595,163.99145,137.2421
"ZNF223",0.689889315833565,0.999760910399567,0.81075268786887,79.85875,69.9425181818182,79.54044,6.59757389444419,11.4324907536755,4.94913442084573,65.51535,35.4196,72.5441,84.019,97.4801,90.2981
"ZNF713",0.0101054291480969,0.023372276205209,0.943404993730938,109.1992,62.2770545454545,56.10402,12.9506055076587,8.77279605758997,3.91096963736616,79.655125,48.03485,56.0308,126.2489,68.09555,62.8318
"ZNF552",0.630952545139362,0.539575672714003,0.937101555931312,178.375841666667,211.667854545455,227.684,24.2068175309975,25.700678369032,42.7455511743035,124.76635,144.3675,179.117,202.6717,245.52175,275.5484
"ZNF154",0.517758263174912,0.957098580226183,0.501147598720093,101.90285,158.999872727273,83.36416,24.4011458757219,51.691041332862,20.0491569463806,49.9141,40.91725,56.0787,118.377675,231.0472,104.279
"ZNF571",0.971374396254278,0.970699289290631,0.913012732849585,83.680825,88.1898181818182,77.86254,16.0317652305538,13.8573799888646,3.56578099854716,46.305625,63.54605,71.557,110.6821,123.95665,82.6598
"ZNF443",0.818695420367087,0.492735929792253,0.784219975744297,80.7453833333333,70.7338636363636,56.4609,13.9438293520545,10.6935824579747,7.21946714314845,48.339775,53.598,45.529,96.7917,66.2641,60.4099
"ZNF792",0.517766605704806,0.0915552385568652,0.403663709932013,169.940416666667,209.418363636364,269.63282,16.1746032201666,31.0491222397328,45.4706149753156,130.691025,129.78405,207.8703,214.936325,272.14635,312.4795
"ZFP82",0.648817664257935,0.343852573692804,0.757621035211792,99.9483166666667,69.3572181818182,37.80332,32.1323620125927,16.1541913625075,12.0153750729805,32.574025,29.4297,19.9803,112.39235,106.8365,49.8749
"ZNF707",0.710473615147197,0.978101988697348,0.909307145067666,234.109075,200.371127272727,223.23664,33.3622158534606,25.6616545795618,44.780946097471,154.784725,164.26575,164.4696,284.9141,258.21,232.5581
"ZNF746",0.67524029803166,0.995870802689941,0.739762854009285,625.750283333333,595.164718181818,629.71966,31.9677649676505,15.1795134626414,35.3299025975674,550.50635,564.17715,580.3525,697.6807,628.3377,618.0305
"ZNF678",0.937283170209621,0.568171188814056,0.738633183367545,73.3730083333333,78.6634909090909,93.52566,8.41348457885045,14.2421384785014,11.0219747155217,54.3804,57.2996,73.3705,85.280725,82.9079,104.4362
"HKR1",0.810409649723499,0.686681278986543,0.937876495659324,419.332875,465.343172727273,498.07562,54.0029686248149,48.7479459543851,84.5255940425348,331.62645,346.30425,405.6261,562.5764,599.98645,508.8098
"ZNF101",0.895369475668831,0.867617629352416,0.986836042637168,182.547591666667,196.830836363636,203.20772,10.9375345818359,32.0675098037825,28.6384010667565,157.033775,136.8023,167.7611,205.37335,244.2929,266.3635
"ZNF716",0.412922588882328,0.877105148042841,0.316226337316926,14.4805583333333,1.79150909090909,20.60796,7.85599584254598,0.940029740385865,16.7398579970261,0,0,0,11.060375,1.4615,16.7399
"ZNF708",0.844923143823897,0.843944702925115,0.992085561968734,269.240883333333,251.692063636364,246.78558,13.9115078282543,24.2351162247312,51.6438645308366,241.201575,195.2439,160.4368,299.80255,300.07945,278.2699
"ZNF721",0.230914253419885,0.918339599458074,0.636220294822493,428.7112,536.191209090909,460.7605,31.6789826867575,60.0773051078032,52.3768485026257,339.660025,395.36605,375.9573,503.28885,654.9051,518.7946
"ZNF662",0.986783159910454,0.945002708037336,0.97900928199338,110.014183333333,103.660218181818,93.29142,24.6663583919102,36.4674935249832,25.7817066845351,28.848025,18.97685,58.2455,173.113675,163.7279,145.1032
"ZNF320",0.908825274867954,0.419381322642101,0.620617394174233,419.4787,464.792863636364,596.69018,72.3507757390068,57.6249493037304,178.27134933395,244.77105,307.30375,395.2929,506.121025,611.7986,486.4068
"ZNF530",0.716606254553643,0.354814995754235,0.135421431113262,56.2107666666667,42.5795818181818,87.3416,12.0959012895011,9.24071868575381,27.1645656472545,30.893275,23.7796,36.3285,59.48435,62.2443,137.6857
"ZFP1",0.839242009517135,0.557635810939538,0.826223599288938,266.016133333333,241.901627272727,209.37158,37.2333945342373,26.2737083808029,8.71434288701105,159.337525,190.3953,213.9518,338.663,281.9075,215.1078
"KRBA2",0.990603181678652,0.99724761073495,0.999452584343774,84.7220916666667,82.1776181818182,82.96924,11.3522300346836,16.2430755901977,20.2354587615799,61.45915,35.48095,70.8015,99.1004,121.9458,91.8495
"ZNF93",0.998459081171788,0.0803919995144139,0.0785880361626177,97.850625,95.7080181818182,214.64752,17.3486146272073,15.9820095203144,91.5548475356242,63.221175,58.8811,56.338,122.2798,123.32225,299.173
"ZFP90",0.852713849949298,0.976087866013982,0.975862980164195,482.343158333333,443.379581818182,463.03608,48.6453269986587,53.477983115851,77.9405030690616,361.391625,312.3084,349.8198,617.50165,534.4788,579.3164
"ZNF479",0.497178431503346,0.815741291067866,0.957083584903912,0.397275,6.05178181818182,4.24754,0.222035157646398,5.49396122385658,3.02207812599211,0,0,0,0.289675,1.0698,5.7533
"ZNF445",0.635439484767452,0.989796759688053,0.679979308167605,789.655333333333,688.415109090909,808.88176,104.347472164547,49.5039540266532,47.8498364242512,506.80535,634.05625,743.2409,1006.5284,756.8937,874.5496
"ZNF74",0.878014726837211,0.663358075844798,0.443555867193394,365.132258333333,338.169063636364,426.58354,41.6029239582196,26.864335806216,81.1432789628482,269.2667,286.07655,340.321,418.725125,396.9638,484.2017
"ZNF829",0.938942339448586,0.924469871255527,0.99321530834962,21.3263833333333,19.0086090909091,18.02536,4.24080193457654,5.8277739840503,5.55216919758395,8.3294,6.53685,10.1145,36.1041,24.87635,28.2352
"ZNF267",0.923992086624403,0.368264421260272,0.243428388700058,470.1033,450.792454545455,559.43654,44.3419005294141,31.4519398616202,13.2292989477372,341.23165,375.07245,547.0029,568.142075,540.1426,550.4164
"ZNF566",0.97159048548189,0.47386758111071,0.384496776142621,252.153033333333,260.459645454545,197.3711,28.6094107856412,23.1798833570066,33.1626138789451,180.503425,210.9283,168.0314,300.277825,306.095,242.2104
"ZNF224",0.802657801576209,0.319862314628024,0.605755376980269,183.854558333333,199.299663636364,229.62396,19.0972350745268,16.7884897719797,17.1286156006433,138.8045,158.0817,206.9399,223.97065,246.95925,247.3404
"ZNF529",0.992858742790548,0.943838901270694,0.912563915103489,351.853108333333,359.568309090909,323.88246,51.7972748950766,45.5419524241839,61.0278618795186,247.446275,318.9623,246.9636,419.807625,403.7051,312.5909
"ZNF284",0.833915517700507,0.0419077415120229,0.0166135093735011,41.3937666666667,36.8032636363636,67.53314,5.98422322447563,5.10402480323613,8.69485343870729,29.394025,27.9435,58.3093,56.13665,51.25995,70.3996
"ZNF749",0.871709766580494,0.857577790821754,0.639063344353285,117.352991666667,104.651454545455,134.4929,21.1703027677118,13.2702208328913,26.3212048756701,86.0976,77.6054,90.8289,111.65235,117.703,149.3613
"ZNF17",0.906129965719732,0.82915430116175,0.641837848961816,144.686075,137.4259,157.47452,12.4443635845719,13.8350206188498,5.56403915392406,102.274425,107.82755,148.0511,173.64905,168.145,166.1435
"ZNF555",0.867263010022554,0.666152998661732,0.436226240400876,69.3613,64.3480636363636,80.2214,5.2000107975121,7.68698891232656,13.7900062247992,59.516275,51.1503,68.0113,82.7407,78.01075,77.902
"ZNF75D",0.999056469399656,0.836294505925897,0.85635041137259,390.242625,387.443890909091,340.93542,45.4887614259133,58.240874398822,22.4727560849665,303.0361,267.17195,341.8637,421.43345,408.5989,369.584
"ZNF197",0.825376788226755,0.250069531313515,0.490397416841964,352.40825,378.248372727273,443.32702,30.2759793508201,35.9364633995766,22.1843940406178,283.204825,288.1788,427.286,471.539025,415.3699,451.9957
"ZNF732",0.524112344318993,0.598375667658198,0.992922442584433,4.560075,6.8593,7.16644,1.10893298067331,1.86689274259761,2.04172329016446,2.451975,3.0848,4.6746,4.44965,8.22625,7.8242
"ZNF546",0.868264732016849,0.85293728373379,0.629938207450418,75.354175,84.6635090909091,62.75196,9.64361957294802,17.4106550481514,11.4214541535043,40.2085,40.9964,46.8392,102.424875,126.51645,87.7673
"ZNF286A",0.516682467943925,0.986184365328063,0.573741059505572,288.1494,240.8784,296.77488,37.7140622529441,17.3631059352661,44.2052136980515,169.556375,205.65365,238.8086,402.358725,288.5466,313.8732
"ZKSCAN4",0.87347651825498,0.880181972598214,0.669499409140881,81.5347666666667,74.9330272727273,89.71038,7.994772578619,9.37750191540749,19.0053005621695,68.02845,58.26765,60.3382,97.266475,90.2653,100.5568
"ZNF643",0.490046901096444,0.0970589139440836,0.439731816891895,43.279325,58.0511545454545,78.5855,5.85792392655123,8.91614486601146,22.5561966739298,32.359,42.67365,54.0891,50.632375,66.2412,77.0794
"ZNF642",0.570386557706076,0.411411827743086,0.878238939644254,79.3647333333333,89.6348,95.95576,7.32666489287416,6.99933732207427,10.0550986064086,61.8077,72.1823,76.2316,95.828625,102.3412,117.5978
"ZNF490",0.959544858740084,0.039080290589652,0.0263687309065194,287.484825,278.2379,399.63828,23.4957340110863,24.2943233205582,35.843639410855,256.305825,243.48145,326.9161,329.62195,311.8075,458.4682
"ZNF626",0.996617234817376,0.956382667441954,0.937847973862816,144.031083333333,138.936881818182,167.61918,36.9382801316947,47.1115369364907,95.2565972215227,44.5898,39.5541,31.772,203.73595,185.16955,143.2171
"ZNF793",0.461248311696428,0.435737883071373,0.951332096921175,227.2145,118.9279,83.96314,82.6800878421846,45.7494713165995,35.943276424842,34.65145,32.1423,33.8983,304.4082,121.30105,102.055
"ZNF383",0.986060494543052,0.99990135173255,0.993313414891861,114.295166666667,116.856581818182,114.5689,10.2606852595037,13.682634489825,11.0851963006525,90.652175,91.91665,101.0428,144.43245,148.0416,117.7034
"ZNF669",0.986497321868034,0.978730086746341,0.997033470702637,127.941983333333,131.426645454545,133.53102,13.7893613496652,18.8381285724958,17.9973704051286,102.051675,90.16155,105.1166,158.13345,152.6967,134.3377
"ZNF559",0.721110380994441,0.117970053055841,0.337917255793625,178.827033333333,212.089363636364,291.7021,24.8949314215532,36.2008359830625,43.5162893130032,140.73885,139.5088,262.8955,210.304,285.44045,272.045
"ZNF177",0.915879406964372,0.240448875165552,0.393378087815297,45.7521083333333,53.3988818181818,86.2009,8.5968504563507,8.18167546254009,42.0217439726506,23.044725,38.04865,34.8776,57.2416,71.67775,61.7032
"ZNF548",0.982016332153199,0.992525397602449,0.999646560837246,244.239258333333,252.754172727273,251.2192,25.0427217757716,45.2003462727004,20.3330473782707,174.910375,152.57685,228.4481,308.595125,392.34325,264.0026
"ZNF563",0.613642864800561,0.978140709598017,0.853163265680664,52.318425,44.3665363636364,50.1833,3.55831793150719,7.56530205349364,10.1418485454576,45.714175,25.00615,39.8014,53.5959,59.3466,48.5457
"ZNF567",0.349310233684913,0.766606118362029,0.913935381357339,183.8435,144.843145454545,159.27392,21.8542173994604,15.1626016351678,32.3013467073495,141.082125,120.919,134.2941,226.5262,156.42515,159.8861
"ZNF573",0.999215919089662,0.991020428416051,0.986773414573797,74.8353166666667,75.3118,72.7745,9.53808818859732,9.29356978863245,8.32412148343595,47.4686,53.88225,58.612,97.585925,93.3403,86.1476
"ZNF527",0.354852382433228,0.862066019909497,0.83626734118382,100.973158333333,126.924027272727,113.25518,10.3726713592735,15.7474382081836,19.5426444459137,80.029975,94.1031,83.4232,130.8675,172.7681,118.7239
"ZNF33A",0.0904247878429107,0.140224348094615,0.968382740841652,1243.70033333333,1578.22875454545,1625.65322,82.0709984746405,136.399242354643,137.194875543139,1054.14025,1230.4027,1519.2377,1333.13805,1975.2523,1901.2839
"ZKSCAN3",0.333206305819874,0.987830162020916,0.426616024300293,93.38125,75.4522545454546,95.73726,10.4741404398578,7.58389193349795,7.85149154152254,69.42445,61.68,78.6775,122.32105,94.7114,109.6728
"ZNF676",0.982802844621692,0.193665763102279,0.252603351219938,12.1885583333333,14.5338,42.3446,3.69305321365091,8.96218330798919,26.8577322830875,0.867825,1.0135,5.4429,23.57825,7.4753,43.1053
"ZNF699",0.960485634469481,0.127112601240765,0.0894255926749077,51.852375,48.8309454545455,80.67128,8.42806748573538,6.75694398606303,13.1939253440892,31.81145,37.46925,69.0576,75.641525,50.892,100.0139
"ZNF250",0.902632076726557,0.885262957248189,0.706707110079702,230.835108333333,243.1909,213.64246,22.3550900088957,20.8379858826571,13.4613019781372,171.572925,189.66425,188.0059,272.123575,305.73555,241.724
"ZNF79",0.652823618822509,0.72259394929936,0.331469019643903,111.86615,122.5877,99.95914,7.57118899070381,10.0858411379968,10.4136563761534,95.6894,105.4045,96.6109,126.613125,147.83875,101.2764
"ZNF681",0.99216311841801,0.611198199181573,0.562112973127786,117.52865,110.943090909091,184.67368,41.8408909634001,23.9948794512248,84.1052061530581,36.343475,47.287,39.4117,140.496625,168.34625,235.6141
"ZNF766",0.991527066609308,0.282191192793683,0.250596308382069,400.690541666667,395.040145454545,491.02226,36.0150199482935,29.8806659106835,36.9235880939082,319.614675,344.94555,463.4785,426.887875,424.37605,535.7785
"ZNF471",0.993381528485162,0.488802687549615,0.548600763074732,95.3722,91.0873909090909,37.74884,28.2562271514215,31.8826831726465,8.47268794902775,24.13295,20.04135,28.0393,180.824675,139.7619,46.6051
"ZNF836",0.760712648380381,0.742268838547637,0.419914646473303,134.916458333333,121.292736363636,153.06178,13.8940153054671,11.6085348525226,25.2318937189304,112.3326,88.45605,116.4911,154.621525,145.514,146.7098
"ZNF493",0.938103353118307,0.582400462614034,0.751067959587443,234.432658333333,255.206127272727,312.29982,28.1101968131389,34.76270879578,121.555569429255,155.881125,206.77825,169.0141,284.471475,307.84265,215.336
"ZNF167",0.784124725761887,0.905681752916747,0.994772739619072,63.6787166666667,49.5335909090909,52.20268,17.1695037371049,10.1658409668087,26.5593402387446,23.4368,26.42315,20.9249,103.0655,68.81045,39.8014
"ZNF565",0.927043943554906,0.751940439157587,0.582763201608506,85.243025,89.4124454545454,74.88092,6.24010249466772,9.97055047772155,10.0420320876006,70.015225,67.8162,67.4746,98.552325,102.0506,91.5093
"ZNF34",0.855303218582069,0.512575910424116,0.300623424374035,119.795483333333,133.186263636364,84.0849,13.1553827201957,24.3948985394833,9.54047835577441,78.043275,75.7041,73.3705,171.07,148.04405,99.964
"ZNF140",0.286754342207031,0.216456686382242,0.870415485111668,266.93025,329.739363636364,356.13542,27.0614816670846,29.8880088468398,45.5428804993865,224.37455,267.98965,324.5348,321.80095,385.7183,408.7783
"ZNF658",0.996175782615602,0.457965475756609,0.430555488868383,60.478625,61.6888636363636,38.06446,10.7040506267638,10.8343903856384,10.4817018593643,27.432075,35.19785,14.7429,82.621925,76.81495,54.3727
"ZNF765",0.838655324431056,0.609307396378918,0.363856196426118,267.218033333333,244.644836363636,315.86088,33.0288981999082,23.1942581649631,34.7325174997638,215.216175,184.04815,256.5664,268.5969,276.13445,320.6863
"ZNF124",0.889791814003702,0.882804826349738,0.689692731863365,118.387783333333,107.391690909091,132.87792,16.151734582981,16.3077919277507,29.8342550642948,90.129375,79.17405,111.957,129.580875,154.86445,130.2902
"ZNF569",0.558033292298843,0.359834147728055,0.838194707001252,111.416475,74.9279545454545,49.22544,31.1645012354483,20.3982749752315,9.96078816819231,47.171,27.8466,42.2683,154.5531,107.07205,58.0331
"ZNF777",0.448466634505426,0.65982944882083,0.185301143606885,620.05805,545.051772727273,688.34354,49.9729274071434,31.9083573604217,68.5606049761786,522.0736,479.6322,633.7254,687.7778,635.43005,817.5565
"ZNF605",0.398247830953155,0.834319420145814,0.893659413752558,319.194933333333,413.385,371.60748,45.0219180542997,57.4821518097748,71.0128429011992,226.8665,277.80725,290.5165,416.97375,546.89685,456.9276
"ZNF799",0.507057692684512,0.295534762845736,0.802082636970383,106.790591666667,88.0087181818182,74.3184,13.9433069563993,10.7090421146789,8.93491994558429,78.194625,64.2807,57.8968,123.752575,95.79495,89.8957
"ZNF782",0.986609129514798,0.797762801412504,0.86531241383272,86.8991083333333,85.0167636363636,77.02628,8.13344413354849,9.76119515612037,8.84566206851697,75.312525,65.0948,67.8022,93.71635,94.74245,85.792
"ZNF846",0.962470182774269,0.969590492985744,0.999513792617165,84.303425,80.2427909090909,79.65168,9.96702902645825,12.2223950135394,14.9912631487277,73.186825,48.80155,53.0139,109.549625,99.06745,94.5709
"ZNF136",0.970360972406321,0.0516133871253269,0.0801396260350686,215.269233333333,221.3841,297.85564,18.9910973818649,19.4513905367761,21.155601937019,179.412275,172.4458,280.8342,250.62505,259.10665,296.1022
"ZKSCAN5",0.583230009093236,0.470196364153673,0.146222444462662,395.003216666667,354.511727272727,456.37908,32.2630787352594,11.2860725857467,64.6045623172187,339.56205,325.55265,357.1463,421.969775,377.77455,558.4322
"ZNF33B",0.246586232801197,0.763722903248802,0.833087049246798,677.306841666667,902.574209090909,800.24058,59.4321062148873,117.521890737156,188.371813482122,531.803925,623.68065,543.3925,751.8083,1237.413,1055.2483
"ZNF431",0.960467968178913,0.531749875950077,0.418908991036661,246.086858333333,235.073336363636,302.39134,30.3164080523474,22.0081864851005,56.064798584875,196.0292,204.1273,237.4713,247.812275,264.68775,294.1388
"ZNF418",0.829875125853091,0.666010850358427,0.914656420739856,36.1404333333333,48.1432181818182,58.84692,7.93183236359301,16.27199669846,34.0448768706453,15.5443,11.1663,20.9249,48.974275,71.95095,52.3882
"ZNF700",0.975896157504973,0.123167518742087,0.173833068168109,276.22975,284.196936363636,374.76082,28.9978121853275,17.4168802453475,55.3214114636765,203.180675,247.5235,291.2277,355.498275,290.5754,385.7678
"ZFP28",0.97433308052246,0.409486466814405,0.515328314798466,108.408608333333,100.513363636364,48.27236,24.0274141648705,31.4619513691849,14.7113294894309,35.7064,27.97145,20.6354,177.546775,147.10025,70.1039
"ZNF585A",0.967419982031842,0.552201731401358,0.448463916236756,131.353933333333,135.872627272727,106.6518,8.49000937263763,18.2199329431761,11.5365630673958,105.774675,96.2875,94.2307,158.451125,187.47175,113.0036
"ZNF138",0.812341599033274,0.562635961147856,0.308841545330512,241.229683333333,203.557354545455,321.79308,36.1864950819736,16.2279087255111,129.114761956429,170.717625,173.0571,131.0187,260.80535,239.927,406.6882
"ZNF429",0.390234691382996,0.219468768043859,0.788341316489042,250.564333333333,198.723227272727,165.56718,28.6887902835425,30.1491608260754,20.116140098324,181.593775,109.40375,146.0858,300.016675,278.70955,184.1064
"ZNF470",0.629628136034755,0.623716611072224,0.976778016357005,121.082483333333,90.5227909090909,81.70984,22.518058095364,25.3358488147363,30.752959635531,59.898,26.2007,22.1804,180.900425,163.58505,105.1166
"ZNF100",0.566305559777686,0.702978980421957,0.2679752639908,295.800641666667,245.086927272727,346.47028,37.0919121608505,24.7938950291914,70.6002629270061,228.521975,178.87475,257.0477,319.4267,302.611,370.0108
"ZNF398",0.634634512022595,0.588772451599959,0.229214634505477,668.481383333333,626.009854545455,727.03384,34.9600417988357,24.3143520773239,63.7212306079504,590.4425,563.59525,646.1704,735.937,688.2675,791.2661
"ZNF498",0.352773351411813,0.491866992125675,0.0862020221530468,400.450033333333,339.777018181818,463.8296,24.1018708453411,18.3297281364346,87.5421440594586,360.025475,286.64195,318.7517,444.461325,371.92175,630.3488
"ZNF441",0.765743521446751,0.423474355096573,0.757579747675593,149.220658333333,171.324509090909,200.45998,14.2473785874298,31.5750726223262,18.2235539550714,116.28785,95.54105,186.6235,178.0704,226.23025,225.0246
"ZNF420",0.832861036941111,0.145843301430558,0.0641369906333566,94.669025,86.2602272727273,130.82506,8.13433164898168,12.6935863044516,13.9263949533467,71.559375,66.57535,116.5049,115.36985,112.72895,122.0715
"ZNF763",0.997833010747906,0.954720735309489,0.940178955926128,57.0933416666667,57.8558090909091,52.5954,7.34575684419304,10.3460477284056,10.7228140834857,39.399375,29.84485,42.5506,66.1309,91.01905,61.9133
"ZNF679",0.726811415984569,0.984868234997084,0.904020806270325,1.03463333333333,0.457309090909091,0.87478,0.633068339976663,0.388182319267294,0.774407230338147,0,0,0,0.579375,0,0.4185
"ZNF682",0.96223766099398,0.481690834664685,0.614626219211386,39.58365,44.6435454545455,68.12334,8.49217707994817,8.43847460039554,41.9349948432404,18.18865,22.31275,27.2147,58.0769,62.619,37.6678
"ZNF772",0.426299704442592,0.626725284328049,0.997830081548802,169.287333333333,107.345163636364,111.3099,43.5438749105956,19.1628170349165,51.0611509427373,69.269275,48.53145,30.5503,185.654475,146.7855,130.9705
"ZNF257",0.754381899540921,0.979132253563213,0.736464540181559,50.3217333333333,30.3635181818182,57.24328,21.8743623248539,11.8021929996299,39.9546617765612,11.99045,6.44895,14.6474,48.712625,46.81275,30.2763
"ZNF785",0.827412979102944,0.050170581265061,0.132780219920334,336.64195,316.872463636364,230.03832,25.4871239587891,25.9192656700633,10.4506562018564,307.09475,275.4573,218.8846,412.99045,374.5492,239.738
"ZNF98",0.466796929609815,0.702358757735211,0.217157828853568,9.26155,3.21828181818182,14.4623,3.38791007224978,1.32620524037696,9.89434447995419,1.552025,1.4217,1.3607,13.002725,2.97055,16.7399
"ZNF786",0.0327607145479408,0.342437085997817,0.78292423788014,254.234441666667,183.7623,206.47116,24.0453388111332,12.8717645629706,14.5347653971641,193.22845,155.6578,206.3544,279.5916,195.0858,216.6967
"ZNF517",0.999344721183436,0.935068860755829,0.945834386846574,222.924475,221.598954545455,205.79334,28.573120337245,27.4640845136711,32.6248211356415,140.138,130.9288,145.4395,268.038075,298.1812,221.7491
"ZNF675",0.898306577749386,0.492633715896763,0.710194088598522,158.243741666667,174.300845454545,211.55598,20.9398040827151,23.4663440383316,59.5091683994273,123.520075,123.4608,146.9591,192.833925,218.37645,240.2014
"ZNF860",0.902200110569174,0.0849176198679102,0.168586014212355,56.9712666666667,64.9431181818182,109.4023,10.2063802193762,12.1908482796938,30.4345799523503,40.81195,34.65765,70.8015,72.207825,95.2005,104.0961
"ZNF695",0.970714894380825,0.374344483327494,0.483541901392334,50.1096916666667,55.4152818181818,89.83666,16.0270685943673,14.5323444918056,29.7332817622374,7.5486,15.9777,46.5542,79.080275,79.5784,128.3741
"ZNF665",0.923089029508629,0.537930278097184,0.727125305021588,36.9364416666667,32.8379181818182,22.21478,7.4301515276308,8.27899737194633,9.26839693730259,22.831525,6.97125,13.8104,45.36235,50.31415,20.411
"ZNF624",0.961367707784809,0.304200488491265,0.226613119254029,114.198116666667,110.056190909091,143.97362,12.4244833360162,10.9947782985499,5.96259545067414,84.7826,89.131,134.3724,150.64755,126.5387,151.4961
"ZNF841",0.984145289021664,0.237863010608095,0.198140153369161,349.731458333333,338.7814,486.3116,29.3043232545402,59.9271648576776,65.0644182313575,285.055675,241.4876,420.6235,402.968075,354.0132,499.8362
"ZNF615",0.910979848384443,0.915613755372213,0.996779590125973,234.504675,258.770354545455,264.5907,29.8854576152347,56.5633235302706,37.2146924907757,161.390125,137.9438,211.0093,318.808675,388.5332,311.8244
"ZNF433",0.998554721195663,0.856189315967274,0.839671931267363,63.415025,62.6394545454545,73.69684,8.47126734170962,14.3024998861633,6.78903818199603,37.43,34.86875,64.8542,94.099525,71.04565,81.644
"ZNF595",0.541908895116609,0.508694624500725,0.149549053605989,213.589275,115.819172727273,344.72452,48.9128533230137,27.8814728404205,199.994923477708,138.011,34.8089,54.7578,225.60695,185.6113,522.285
"ZNF460",0.966966890737827,0.192162899468143,0.273007207780112,351.7017,369.947672727273,520.66732,53.6575763227973,55.0131338646593,59.1051814291302,207.107225,249.34605,403.8116,440.828775,485.62755,574.9096
"ZNF81",0.453234658750658,0.894926098954633,0.362458992107271,203.831175,166.876572727273,221.21808,24.3409746727242,21.2899703466128,13.7045923633795,180.5092,117.35775,203.5239,219.52795,209.85435,233.8683
"ZNF780A",0.987807188262179,0.172731400704293,0.14676476128891,262.032541666667,257.489763636364,334.06216,16.8296655313164,25.807306425867,33.4268511901525,216.46685,201.6605,283.5546,297.484125,296.16855,352.375
"ZNF461",0.983913925707516,0.3158560950096,0.391831649825063,80.6087,77.4633,45.93678,12.2199747705128,15.3744808774091,11.2079916637371,57.758425,36.82665,26.8588,110.880325,101.9807,66.1226
"ZNF181",0.564454555859701,0.987065007909017,0.614509214642727,184.769275,218.781781818182,178.30546,19.7098682101129,27.5230990461461,32.7241317754895,126.443775,163.0305,137.2421,242.403775,238.5449,214.497
"ZNF44",0.92247018956758,0.23502706353552,0.379273380793844,206.701991666667,218.077172727273,270.03136,17.230488511904,24.5968916198557,32.1276130449587,178.1552,161.9831,222.6514,231.042175,241.65385,322.9342
"ZNF790",0.643103252526746,0.502890220808814,0.184300756335756,87.9812833333333,109.307872727273,53.86114,14.7345653943826,20.6827306804541,14.5147940322486,51.6866,56.9581,23.8544,135.6826,149.4353,76.3819
"ZNF677",0.995080556856409,0.413950031546885,0.46442366854245,31.8528916666667,30.7045,11.88572,8.74136511741607,9.93169108608673,3.26154286379928,9.5943,7.7144,5.7533,60.4327,50.1024,18.1363
"ZNF823",0.674821220671738,0.507913345983677,0.200204576728385,167.761716666667,145.835490909091,204.68766,21.6081228154706,11.5818375291304,30.5290127019791,120.6796,127.55105,172.4729,186.55905,167.11825,244.5164
"ZNF311",0.980181078151962,0.416889453249899,0.511029693810306,9.949675,11.1459636363636,20.2271,2.05324339765624,3.52656749211088,13.6486261999148,6.145475,2.66115,7.1438,10.23775,19.54535,10.1145
"ZNF347",0.71627164523708,0.051649797300886,0.178502291489787,139.323908333333,116.938490909091,49.15998,18.8319690481351,24.2873817691576,16.3594010245913,75.482975,45.48905,18.9977,194.2879,175.07055,74.9868
"ZNF273",0.606758409472009,0.925808969537617,0.514236810580498,160.953041666667,127.375154545455,177.61568,26.2289534706529,17.4824810626699,50.091763954251,103.124,99.7942,96.2621,190.347125,136.34295,254.2251
"ZNF84",0.895571420666736,0.99927062196566,0.922614008362819,531.304491666667,567.354872727273,527.57446,67.8880236231643,48.7088473730223,53.9645174351314,353.86235,447.77465,472.6499,679.5499,631.908,566.0649
"ZNF667",0.961901109935399,0.547328732308645,0.682107056332799,35.7352916666667,31.9808272727273,16.64032,11.0427318377873,10.4632074911706,5.08848724665789,6.636875,9.1712,8.8438,78.120475,46.70815,24.0655
"ZNF649",0.676769687320418,0.975940405873873,0.895124746922536,146.76085,184.069072727273,158.54726,28.5532711885158,32.1357815985209,52.9044496532626,62.754175,134.5476,85.0458,221.0028,228.56875,228.4481
"ZNF248",0.998315962287349,0.805397853637916,0.832754815144129,360.478741666667,357.095136363636,311.35418,40.5515272333414,52.8947134684696,24.9589301975345,230.316225,222.59985,272.8269,473.8151,502.25215,315.2932
"ZNF544",0.62788993587041,0.00257719298739267,0.0165445325589813,378.458525,440.030718181818,696.06732,52.5998529013384,33.7942198472859,83.8000176278168,325.480125,328.4131,693.4458,425.181275,543.2191,809.186
"ZNF251",0.99962038450967,0.99991155857642,0.999406695676846,304.732316666667,303.219209090909,305.66356,50.1438981263935,32.0344097828753,40.1237759452123,208.54815,233.91535,257.1785,333.773975,330.33895,368.6964
"ZNF607",0.470592924193643,0.989436993185052,0.548819932281889,203.069458333333,134.066109090909,213.34358,57.6695651618502,15.2801788531504,30.5353366431975,131.682825,104.82525,143.5573,175.9366,165.0524,243.4454
"ZNF334",0.920686782552453,0.300133655309481,0.19094306545277,57.002825,34.5571727272727,168.97282,13.8617645332574,9.55627436704275,149.182864715521,15.72245,8.96175,10.4624,91.1597,50.2396,42.8631
"ZNF485",0.373627946935954,0.161275706372675,0.699000928819902,58.1317416666667,82.3202272727273,100.91106,7.83505099374694,14.0964724202907,27.4312320371251,42.647425,56.31055,72.8941,62.103425,110.7764,93.132
"ZNF192",0.97100380735813,0.226221383090591,0.310072375414902,495.833016666667,519.915681818182,721.22678,81.577167420523,73.845929216388,62.7874611612414,286.526375,370.22775,629.6791,706.65595,675.81865,856.8621
"ZNF442",0.885763206924518,0.977272864803513,0.83943307426966,23.5044416666667,20.7172909090909,25.04832,3.41849718493416,5.20279478609953,5.09141617660548,13.532225,9.70305,18.9977,29.234675,22.5133,25.89
"ZNF813",0.882173330197608,0.529592578507604,0.334088707682273,85.1996916666667,66.6239818181818,139.14172,26.3915426690855,20.0175578528851,63.4448321212642,44.4562,15.8448,31.041,93.339825,77.87045,289.1046
"ZNF26",0.875431095545734,0.134755579614845,0.270275169006851,190.258825,202.9273,255.61008,17.8237162611434,17.9218146986292,29.6663629822801,144.226325,178.08825,219.4563,251.061075,224.1701,303.1284
"ZNF69",0.994230232349336,0.957348151289527,0.978539260196141,62.2013083333333,60.6149090909091,56.64452,13.2086627397341,8.93060796281738,11.3844133038291,36.5184,40.22865,43.2482,65.0884,71.9022,70.7261
"ZNF583",0.999871120958351,0.475896414549449,0.491829561209816,58.8217333333333,58.5717363636364,34.22458,12.4013461180713,12.3088650324455,8.34016472645475,28.10035,19.83505,26.5313,88.880325,98.1295,37.4202
"ZNF568",0.66019097581427,0.507828636442519,0.9023182773288,74.9697416666667,55.4302818181818,42.95508,17.7659578548391,15.8141552654853,10.5831934917302,31.1748,14.68295,30.9688,121.7426,79.2846,61.8113
"ZNF480",0.562703275385428,0.755516995315816,0.304086244031369,561.072466666667,454.866990909091,655.02552,80.4194013473855,50.172885677062,138.249743347253,453.623525,409.278,435.6371,593.216875,470.3042,951.8159
"ZNF587",0.973657373614746,0.421423290414522,0.529591872832234,1420.60438333333,1474.51806363636,1819.04764,99.6805348456499,177.86936907872,436.525872122155,1217.53805,1182.94955,1186.0793,1595.8585,1858.0913,1929.8525
"ZNF808",0.970958299016228,0.915557509290972,0.974518568308702,347.414583333333,359.670427272727,374.4893,25.1629942957963,49.9531859013637,47.2076017944992,274.29515,262.43685,289.2237,399.60085,474.2969,430.7379
"ZNF43",0.759461038381999,0.560432573253669,0.883929969788332,347.872908333333,275.997354545455,214.01558,80.2829010160551,63.4223633892327,93.2888809456057,139.615275,104.7479,81.607,482.0795,453.38805,217.3771
"ZNF28",0.688726530233544,0.751316426437377,0.378130910691446,489.82995,408.651972727273,580.29944,72.3675800310926,51.9840310487524,139.014200645591,339.443825,275.1422,493.5176,562.696775,529.7443,533.5844
"ZNF627",0.993138028906329,0.119878517364312,0.107023395720815,280.856641666667,277.443527272727,360.90478,16.0548709657407,19.4132166499344,53.9952314706901,243.76875,222.67015,257.3964,300.359225,321.6349,392.3049
"ZNF789",0.947133101943292,0.969109005743881,0.881881723075987,118.5374,109.241718181818,127.54242,24.5386738095381,16.1261555383557,29.5415290832482,68.44605,75.1856,82.8693,121.780625,131.11135,134.8436
"ZNF534",0.452196223245746,0.639685693427357,0.998743638207279,1.46044166666667,3.53442727272727,3.42962,0.67039324104976,1.47445179150458,2.40312920322649,0.349125,0.73305,1.0787,1.3484,3.48875,1.7009
"ZNF525",0.81582847901341,0.948566755872457,0.719629395856436,244.577616666667,198.641927272727,274.31276,64.5959221631533,36.4884668451456,75.9739934033127,106.4364,111.69495,148.0511,310.09375,277.2324,294.9236
"ZNF814",0.348172151234845,0.768642369992918,0.911793971835686,346.105358333333,417.432490909091,390.74044,25.9197511341151,46.6325748729039,42.5369568969925,306.153725,328.73455,361.3736,401.928675,486.561,418.8608
"ZNF551",0.976706879844705,0.333639062428187,0.269780466841302,180.543466666667,173.107954545455,246.80456,31.9213147306028,17.41326134543,29.587215337179,118.5867,143.759,192.1754,179.253325,207.2335,308.1625
"ZNF805",0.857820781179071,0.0228333203379534,0.0604908164264811,463.956225,495.7046,681.7604,33.1085658876931,38.99658989854,101.10028073005,374.802725,410.5378,487.9372,537.4162,593.4807,718.6374
"ZNF468",0.955925595551594,0.863180383388531,0.74645848382777,451.739375,425.857427272727,511.50222,61.5982658447252,64.4492866782954,103.798841477034,302.79005,282.11735,392.4009,608.76075,488.95755,489.681
"ZNF616",0.948889374981282,0.343596745776953,0.245812717399126,161.495375,150.994709090909,223.28978,16.7087867066962,32.3818533776094,26.1483975693234,125.275825,106.04745,186.3741,187.917425,144.71,243.5656
"ZFP57",0.679343556563667,0.980701120591657,0.682595152799658,18.97785,50.4007363636364,10.05446,12.4038495921354,40.1819336033593,5.8645333026252,0.235125,0.71085,0,9.958425,21.4234,13.3046
"ZNF155",0.993968745952817,0.76778835955453,0.818095092175344,84.6409833333333,86.0688727272727,96.74366,7.49984900858953,11.3041472274486,16.0814979579516,68.60575,65.2026,93.5504,105.820525,109.84345,119.2551
"ZNF425",0.829645011616583,0.806017685530445,0.98459420070479,72.79395,63.8497,60.53006,11.1686423215375,10.7886923442935,14.7270448797985,34.345575,33.389,31.041,101.079725,81.3943,84.955
"ZNF611",0.814005569065424,0.897393641432877,0.637082492619772,282.869691666667,257.080490909091,306.67096,27.7065100731034,25.2145200222861,64.0613621190699,246.6218,226.9897,217.3771,283.48895,304.8352,331.8686
"ZNF254",0.850213359790768,0.417375275138286,0.678949780627728,315.341016666667,361.090572727273,452.86064,52.2316248384334,33.2969026190701,162.937251747016,206.107975,326.0887,246.8774,325.074875,419.20575,501.9777
"ZNF625",0.899735222050102,0.530110764244896,0.745737819728046,40.2625833333333,35.3004909090909,24.57202,7.13160407444719,8.92085112576612,12.0031659475073,18.92615,11.3487,11.5171,58.7622,45.96955,20.86
"ZNF845",0.576735519479652,0.928748418843531,0.496402021341404,255.732216666667,220.130263636364,272.19574,23.0632035137597,25.8738362859974,41.2000923571004,227.1481,168.64205,217.491,253.2186,254.74395,340.1654
"ZNF90",0.229454447904082,0.107783447688586,0.720015558662034,227.226216666667,402.261081818182,506.43188,41.7457910039023,88.9794516658106,148.615723299594,119.687875,209.657,223.3868,363.6949,499.8766,834.2323
"ZNF788",0.809921912917642,0.932923877496684,0.687301597239722,86.0543333333333,70.2797454545455,97.56234,15.3691987751789,17.7441175713498,36.5314635665559,49.35065,29.8542,56.1529,132.37885,89.25185,121.7828
"ZNF880",0.95314324748935,0.50530687612299,0.653805969997002,82.6708416666667,98.5405363636364,160.0688,22.161806672149,22.3712839557658,121.319140378887,32.833425,43.88355,33.1337,106.78235,148.7197,59.4267
"ZNF630",0.677435341012747,0.887671563919497,0.513341293316965,58.7819416666667,69.6396272727273,51.16904,5.50372766408118,13.0443125760205,6.41193614071444,47.828775,43.34185,45.6896,69.72925,89.198,47.8218
"ZNF844",0.582219901217059,0.220339841916734,0.636423095950464,168.166066666667,224.425645454545,290.7389,28.53727172502,42.5382071546838,85.2679481115149,96.766925,119.96225,109.1988,220.0998,300.82845,435.3095
"ZNF717",0.999953086325958,0.552849347843622,0.556882440594462,75.79275,75.6194818181818,100.95354,10.2350020354582,13.4562753062706,29.0470903214349,55.956925,48.697,72.459,98.349275,109.74695,113.4128
"ZNF492",0.971373240491684,0.100413280481297,0.0746241323042558,4.80899166666667,3.41522727272727,21.43328,1.43780642412366,0.800803466309239,15.7169987610358,2.061025,1.47685,1.7439,5.3902,5.1585,19.6694
"ZNF688",0.973370735024084,0.374634530637206,0.300182059127197,226.3367,234.8074,159.80056,22.9493572539262,34.4427614547804,22.3944098121741,203.1354,141.5731,148.3927,267.63975,359.6208,164.2733
"ZNF879",0.964753954099974,0.794011910356075,0.897477186682384,46.2348916666667,50.3243818181818,59.51348,10.7380540972667,10.5409834225949,21.6419794025731,18.679825,22.83755,29.4858,72.329575,84.9369,58.3033
"ZNF737",0.679249169401968,0.388476324092362,0.785148760047241,236.973833333333,354.882381818182,474.98012,40.9909252236197,86.8197875790524,295.323655436183,150.787275,88.6902,155.5539,315.825975,541.2567,349.5146
"ZNF709",0.878828505449399,0.972190172584022,0.821909433752737,87.0525583333333,80.4875727272727,90.95574,8.73077251584319,11.4562322031531,9.34302424066212,71.194825,60.4739,70.4225,110.711025,108.7085,104.6386
"ZNF585B",0.987611784525443,0.71128522927239,0.646517648213918,83.4491,86.6576090909091,61.90444,14.7571141786433,17.5012164235022,11.9427891912066,56.968025,37.2734,71.4052,108.2206,121.08465,74.5001
"ZNF324B",0.998585666957092,0.94693436982005,0.960239291491892,135.631716666667,136.4415,142.04854,11.9699318947699,11.0223812462726,14.7830321615899,115.984725,117.9321,122.1258,164.1219,150.53805,168.236
"ZNF564",0.926793113361065,0.0180836687225348,0.0376704067459885,233.23475,243.145554545455,333.42744,21.8892801646581,13.1531234210901,31.290873385743,191.374825,226.23945,279.7249,238.221925,271.10245,357.785
"ZNF674",0.990789408577962,0.327099732688425,0.387079398265326,79.5490833333333,78.0206909090909,57.60028,7.60294879440062,10.2529564356243,6.19578411626809,60.1604,52.64535,48.1494,87.9245,106.0352,60.3382
"ZNF432",0.874264771611643,0.140983464977906,0.281456878606229,149.54335,170.271727272727,254.62608,14.7828298486254,42.0696466703772,37.359394829499,110.93695,123.5803,198.1046,169.612,149.00915,308.8817
"ZNF10",0.831317050904748,0.974239397456279,0.970054318956083,157.887341666667,183.829463636364,170.2775,28.4466354455184,37.8561885053764,32.6849584402826,98.177325,94.19485,108.594,232.28185,253.31175,205.1305
"ZNF486",0.925315866637361,0.920367184275369,0.995275364017498,82.0475666666667,97.0760363636364,101.86486,21.8917258044938,30.0941943843426,57.6633077526654,37.3747,41.51505,11.7917,98.209275,106.09635,132.5348
"ZNF225",0.635366146162365,0.925041884057023,0.9393385994051,70.3691333333333,63.2695454545455,66.64776,5.38973151847684,6.4666072871661,3.01886100799623,61.749575,48.96235,61.5191,80.73235,80.21885,72.6357
"ZNF350",0.567581795792839,0.696572288294129,0.999928975537835,145.095925,195.027318181818,195.74084,15.4599771155654,48.0701945794194,51.9042084277431,116.398475,97.25065,114.9689,171.55515,258.2304,314.9946
"ZNF253",0.614297141407713,0.301340536488176,0.730878636412313,254.330266666667,308.796463636364,365.03046,21.5449128926639,47.3871405630555,90.2928516503306,178.26685,211.1652,231.3246,303.509,411.4492,362.0291
"ZNF878",0.822848952639969,0.25274437300293,0.116888575659868,9.3406,7.36799090909091,16.19788,2.76192879112998,0.739533929205605,4.99009472348973,3.74195,6.01945,10.8859,10.305475,8.9139,15.8216
"ZNF727",0.435177786901231,0.956177126018012,0.773322281947108,20.2816833333333,10.0433,17.30392,5.61134558500621,4.40020563781864,12.8854518380381,6.473575,1.26675,3.7665,29.313025,14.65875,6.6267
"ZNF578",0.63277244840778,0.47212237444037,0.891122808697125,32.3103416666667,47.8922909090909,57.9209,6.1978817741819,11.6426218178604,32.5167566636496,14.145825,16.211,13.2535,46.023425,76.853,62.5674
"TRIM28",0.999256259765383,0.112024354981281,0.111806649833761,6064.388225,6010.03609090909,10010.20156,970.877779647626,648.957749575605,2676.98478536597,4433.49165,4817.3464,6875.4147,6226.42975,6717.5114,9500.7324
