"gene","M1-M0","MX-M0","MX-M1","mean-M0","mean-M1","mean-MX","SEM-M0","SEM-M1","SEM-MX","Q1-M0","Q1-M1","Q1-MX","Q3-M0","Q3-M1","Q3-MX"
"ZNF195",0.944654788698719,0.230553383762221,0.748712782595683,446.1402,506.9271,672.94845,32.6405550077997,NA,96.74285,327.2333,506.9271,624.577025,541.9847,506.9271,721.319875
"ZNF263",0.977779829757975,0.279508655236333,0.731739224764937,562.688296969697,595.5636,744.1893,28.303487359809,NA,36.9863,477.3421,595.5636,725.69615,620.5633,595.5636,762.68245
"ZNF200",0.609278721163028,0.998056390517356,0.688725538419801,214.728036363636,135.6651,218.25235,14.3851974838641,NA,15.82015,164.4758,135.6651,210.342275,242.639,135.6651,226.162425
"ZNF582",0.987147002154063,0.790634078312674,0.863778162580277,23.9465181818182,27.2541,13.7957,3.75192570425825,NA,5.5637,7.0883,27.2541,11.01385,36.5631,27.2541,16.57755
"ZNF285",0.986614865538273,0.550475719707896,0.873952100296057,26.4344,22.409,7.0191,4.48248326787933,NA,1.7806,4.8035,22.409,6.1288,45.7493,22.409,7.9094
"ZNF275",0.941825483739443,0.636054684534102,0.695652442114735,902.705393939394,794.0041,1118.42805,56.816184736349,NA,180.73005,690.3052,794.0041,1028.063025,1047.8647,794.0041,1208.793075
"ZNF37A",0.994289278706699,0.989458932255637,0.999997729863922,674.633357575758,652.5854,653.115,37.3516655043152,NA,112.4603,545.4851,652.5854,596.88485,773.8235,652.5854,709.34515
"ZNF510",0.995252117036212,0.810490346081879,0.896763208899982,349.061415151515,338.8599,397.8636,19.1164135039801,NA,9.62,273.224,338.8599,393.0536,408.6654,338.8599,402.6736
"ZNF506",0.776346199458374,0.960718164552015,0.750866997351231,634.375018181818,458.7781,684.31455,44.82707152294,NA,71.40525,489.3384,458.7781,648.611925,791.0887,458.7781,720.017175
"ZNF324",0.207127180653491,0.897496408136698,0.219298373756934,169.866554545455,255.2805,154.2051,8.51206495332607,NA,22.4932,141.2142,255.2805,142.9585,194.8192,255.2805,165.4517
"ZNF671",0.999945695222788,0.942818293712069,0.981062115460616,94.0327757575757,93.2697,75.988,13.3495795694856,NA,23.9768,43.5368,93.2697,63.9996,111.8147,93.2697,87.9764
"ZNF416",0.78968761993938,0.620061099948879,0.999898206244525,98.6410787878788,72.3749,71.7195,6.90531228163155,NA,20.3291,72.763,72.3749,61.55495,120.5807,72.3749,81.88405
"ZNF586",0.795659453521988,0.709707046309846,0.99774030271956,209.430018181818,258.9144,252.99755,13.3077347160326,NA,18.38575,148.4919,258.9144,243.804675,236.535,258.9144,262.190425
"ZNF446",0.972964986116263,0.966232767081584,0.940686967618382,169.942306060606,154.643,182.2319,11.7861824178371,NA,44.5967,136.8326,154.643,159.93355,193.5323,154.643,204.53025
"ZNF8",0.234674931866877,0.285088955299065,0.8898133541092,237.370727272727,393.2198,341.0597,15.2787951301829,NA,132.33,154.9421,393.2198,274.8947,278.2108,393.2198,407.2247
"ZNF264",0.779576616605326,0.9661896149369,0.91144191802764,1199.5388030303,1517.4502,1283.9947,81.1036274785066,NA,283.0592,877.9174,1517.4502,1142.4651,1513.5135,1517.4502,1425.5243
"ZNF213",0.950972450250827,0.926009999087263,0.999562872491429,658.614284848485,604.1335,610.25885,29.7056042159031,NA,233.45815,568.212,604.1335,493.529775,776.3615,604.1335,726.987925
"ZNF343",0.984471027760728,0.965920722956655,0.999949975237999,292.550421212121,270.7245,269.236,22.3930807780444,NA,61.9146,224.46,270.7245,238.2787,316.2486,270.7245,300.1933
"ZNF302",0.914345797217045,0.83231132559626,0.999948816350029,441.454118181818,264.9709,259.8876,76.0752602433167,NA,76.5015,251.9747,264.9709,221.63685,500.6192,264.9709,298.13835
"ZNF268",0.997169938705928,0.273243647367505,0.58697479846468,340.781545454545,329.4723,518.2778,27.4546695913005,NA,20.9177,260.0548,329.4723,507.81895,421.1264,329.4723,528.73665
"ZNF184",0.924899993567641,0.952022099392327,0.876537680745029,237.6062,207.1315,254.9482,13.516291710788,NA,91.0567,188.3657,207.1315,209.41985,288.3448,207.1315,300.47655
"ZNF500",0.730307117144923,0.949965200618044,0.895822112819907,283.975678787879,351.2756,303.4003,14.7871476398443,NA,102.0907,224.6115,351.2756,252.35495,329.6089,351.2756,354.44565
"ZNF419",0.656363879347585,0.966110434481496,0.657565065736307,79.2332060606061,41.4869,86.93115,7.46788557260929,NA,1.74985,43.2482,41.4869,86.056225,107.3851,41.4869,87.806075
"ZNF175",0.999692843080003,0.377549208413617,0.715290056755972,179.743206060606,177.7576,98.17725,14.645731399969,NA,7.71615,136.2285,177.7576,94.319175,243.0247,177.7576,102.035325
"ZNF14",0.942765518984152,0.987004375383379,0.930149723033399,176.315242424242,154.1373,183.8052,11.7942327091714,NA,9.43660000000001,136.0733,154.1373,179.0869,199.3152,154.1373,188.5235
"ZNF85",0.904668787897488,0.966442992648653,0.97692223690124,117.168884848485,56.0224,91.5924,24.9049474499356,NA,29.6424,59.7183,56.0224,76.7712,128.7703,56.0224,106.4136
"ZKSCAN1",0.984819229254218,0.991965969691115,0.997590152865523,2163.77119090909,1973.8057,2064.81645,198.342782299124,NA,215.81965,1486.9838,1973.8057,1956.906625,2306.7181,1973.8057,2172.726275
"ZNF862",0.943084936951665,0.986550639620338,0.982835325074968,465.61703030303,381.8609,436.7545,44.5499552106746,NA,83.3578,290.395,381.8609,395.0756,556.1993,381.8609,478.4334
"ZNF684",0.965121729374167,0.999421733325673,0.971359461651437,65.6865636363636,59.0506,66.2939,4.50517634668515,NA,14.9035,46.6405,59.0506,58.84215,85.8469,59.0506,73.74565
"ZNF430",0.990055566085168,0.967781446639275,0.964393238978084,212.945487878788,191.9903,240.17035,27.0682999739781,NA,30.73705,158.2115,191.9903,224.801825,208.363,191.9903,255.538875
"ZFP30",0.955359020155615,0.557816235611531,0.923960732279767,197.677248484848,155.0458,87.31515,25.7023010553199,NA,45.03265,115.5943,155.0458,64.798825,233.7289,155.0458,109.831475
"ZNF549",0.969973659448792,0.913084900480819,0.900479266720852,124.605078787879,145.0526,99.24425,15.1328135452536,NA,7.02325,47.7188,145.0526,95.732625,173.1805,145.0526,102.755875
"ZNF211",0.948022309300557,0.949159762288609,0.996901419213416,223.192257575758,189.2649,199.1272,18.9317813677941,NA,28.5004,155.2626,189.2649,184.877,272.5232,189.2649,213.3774
"ZNF205",0.843654390558736,0.736135092537311,0.999858519929702,267.585024242424,215.8377,217.6337,15.6985989476431,NA,90.1875,208.6411,215.8377,172.53995,341.126,215.8377,262.72745
"ZNF45",0.984873851513577,0.505480740806155,0.701347490093379,257.823106060606,238.6252,351.0326,19.6965477348304,NA,92.4732,200.8175,238.6252,304.796,279.219,238.6252,397.2692
"ZNF133",0.920337474038524,0.663846225030064,0.979451781633965,268.003939393939,205.0117,167.0413,28.2305944659004,NA,5.8305,182.2394,205.0117,164.12605,276.5149,205.0117,169.95655
"ZNF436",0.273689182042253,0.907796901285416,0.551484094180946,571.045203030303,1001.6141,653.7284,47.7630665543308,NA,61.4933,361.7878,1001.6141,622.98175,709.1968,1001.6141,684.47505
"ZNF484",0.361046447457493,0.355670727127056,0.945970310055251,159.466006060606,225.9066,207.4945,8.36095896207661,NA,5.81070000000001,131.2478,225.9066,204.58915,200.429,225.9066,210.39985
"ZNF780B",0.991189671084606,0.988751979462313,0.980266063786032,375.058760606061,359.1491,387.96405,21.68287090606,NA,65.04545,306.3136,359.1491,355.441325,460.6362,359.1491,420.486775
"ZNF557",0.908546938711032,0.995863508307901,0.916691816985799,245.560921212121,207.1315,251.28355,16.015174734678,NA,9.18814999999999,174.3014,207.1315,246.689475,283.0263,207.1315,255.877625
"ZNF337",0.743556070041471,0.920521733730155,0.923709125774314,381.056927272727,216.51,318.8761,38.876427614187,NA,24.7684,233.3528,216.51,306.4919,489.8076,216.51,331.2603
"ZNF317",0.783763193758587,0.794045308757755,0.984716225219646,947.406718181818,1100.4618,1054.2118,39.8011356487914,NA,73.5712,793.2961,1100.4618,1017.4262,1020.5073,1100.4618,1090.9974
"ZNF426",0.808390380912243,0.99525305734143,0.835919468719282,165.779809090909,223.484,159.6101,16.1121432498345,NA,11.8084,94.438,223.484,153.7059,236.6504,223.484,165.5143
"ZNF331",0.971327350125451,0.996043027638646,0.968545598247813,469.412681818182,378.227,493.55315,69.0967841991107,NA,13.08855,181.6659,378.227,487.008875,520.8575,378.227,500.097425
"ZNF227",0.95780827872498,0.0182972008164756,0.311707666961877,252.313212121212,271.2787,392.59155,11.7966512545202,NA,9.27934999999999,213.8246,271.2787,387.951875,288.2696,271.2787,397.231225
"ZNF141",0.982621648684655,0.998753661499638,0.983055683003011,86.9349727272727,78.7342,88.50375,7.80223601706038,NA,41.33725,45.6998,78.7342,67.835125,130.0594,78.7342,109.172375
"ZNF304",0.982025552564628,0.901046713752998,0.993522362040386,253.541993939394,277.9923,295.6478,21.5551327260188,NA,213.3279,160.678,277.9923,188.98385,344.842,277.9923,402.31175
"ZNF132",0.963555948484633,0.735365466702187,0.787185852286606,60.1704181818182,70.558,38.62665,6.94733039926845,NA,12.05975,34.2294,70.558,32.596775,79.6911,70.558,44.656525
"ZNF20",0.451413089653666,0.995596307223607,0.543722214702107,117.430690909091,58.8326,120.52005,8.28182461858035,NA,29.59785,93.0247,58.8326,105.721125,121.8474,58.8326,135.318975
"ZNF670",0.940855094346422,0.841549260538627,0.815977784021889,91.0825333333333,76.2813,108.97925,7.72646835692981,NA,11.85145,58.8507,76.2813,103.053525,108.7483,76.2813,114.904975
"ZFP37",0.859558884016281,0.997676750628697,0.883973562176773,52.6723393939394,70.8608,51.05875,5.99604181842915,NA,14.76315,27.9469,70.8608,43.677175,71.6835,70.8608,58.440325
"ZNF189",0.680993631954148,0.712994172618001,0.482088385180411,508.588472727273,341.5853,620.9251,34.5573325629471,NA,44.6856,402.2273,341.5853,598.5823,550.2693,341.5853,643.2679
"ZNF434",0.844018178869759,0.123802451529081,0.235341238235257,323.627112121212,279.5064,438.4422,13.7622506867083,NA,27.5909,256.1468,279.5064,424.64675,360.5713,279.5064,452.23765
"ZNF287",0.99841980635129,0.96970083828091,0.994917164928318,75.8402333333333,73.5862,68.70385,7.29368902018037,NA,16.60955,41.5984,73.5862,60.399075,98.7588,73.5862,77.008625
"ZIM3",0.901270056446603,0.998140527561397,0.943213462171951,1.01004242424242,0,0.91325,0.404286041571639,NA,0.20925,0,0,0.808625,0.9533,0,1.017875
"ZFP14",0.781814405289449,0.317986420410644,0.337376829308772,187.416648484848,143.2357,256.8666,10.9829617375465,NA,75.7628,134.2011,143.2357,218.9852,218.5918,143.2357,294.748
"ZNF473",0.89275975033751,0.449475952606614,0.935082011823803,307.440742424242,360.3604,409.4382,20.2277236869788,NA,33.0116,230.786,360.3604,392.9324,361.7859,360.3604,425.944
"ZNF614",0.996857404693857,0.620249215927727,0.809925114151478,254.857557575758,265.5765,159.35125,24.6056595621924,NA,50.93875,169.599,265.5765,133.881875,325.4899,265.5765,184.820625
"POGK",0.795970235994703,0.974544317158189,0.785823555639369,1708.69815151515,1352.1084,1794.39655,95.8689163458323,NA,169.70055,1300.232,1352.1084,1709.546275,1981.2784,1352.1084,1879.246825
"ZNF514",0.828133672702952,0.866513699300962,0.981831222551599,237.542890909091,182.6028,203.2131,15.9889169703807,NA,73.6812,187.4178,182.6028,166.3725,285.483,182.6028,240.0537
"ZNF300",0.863291800536919,0.0105586979969988,0.0734648469924353,70.6632787878788,37.5502,213.1952,9.6646113448784,NA,127.3099,27.3224,37.5502,149.54025,96.0359,37.5502,276.85015
"RBAK",0.70215353633985,0.997197342912565,0.759223714439174,685.99086969697,488.0036,698.56945,42.3375522103995,NA,143.33885,531.2599,488.0036,626.900025,802.9358,488.0036,770.238875
"ZNF92",0.994229992142814,0.303435816277599,0.596005884645669,350.008512121212,332.1977,537.22145,30.1853879307929,NA,53.23695,236.1211,332.1977,510.602975,427.1845,332.1977,563.839925
"ZNF157",0.935677006916175,0.739504780981808,0.747418203914438,1.5406303030303,2.4226,0.1871,0.441743352951244,NA,0.1871,0,2.4226,0.09355,2.1944,2.4226,0.28065
"ZNF182",0.788416600904247,0.00427716778102882,0.0359690217162413,177.728233333333,123.2493,382.4395,11.6490694749873,NA,194.1255,124.8808,123.2493,285.37675,206.4723,123.2493,479.50225
"ZNF673",0.999623608487939,0.110357492569359,0.42946184717295,181.271072727273,178.9689,312.5128,14.9692700211824,NA,77.3843,120.0799,178.9689,273.82065,249.9981,178.9689,351.20495
"ZNF41",0.962360506270374,0.0197857767829717,0.314531313994239,320.434978787879,350.9728,557.2094,18.7877482598921,NA,167.2059,268.2488,350.9728,473.60645,356.1265,350.9728,640.81235
"ZNF7",0.707576695733139,0.664231970440743,0.4754493031944,466.054106060606,352.3628,554.85645,23.7939507704968,NA,164.63465,363.9249,352.3628,472.539125,581.3675,352.3628,637.173775
"ZNF214",0.907864075308596,0.0710604658996263,0.216555599915065,34.2204272727273,26.9513,62.7139,3.01788075416026,NA,1.3481,23.0447,26.9513,62.03985,47.3941,26.9513,63.38795
"ZNF215",0.995678061186497,0.177893934506377,0.575654036837874,55.4450909090909,60.2619,126.50895,9.45579191370411,NA,8.94475,15.9029,60.2619,122.036575,80.1527,60.2619,130.981325
"ZNF547",0.871997270530855,0.915441037378523,0.792295802841763,42.3067787878788,32.3083,48.06305,3.46697756732632,NA,8.21645,26.2163,32.3083,43.954825,57.5523,32.3083,52.171275
"ZNF773",0.951730361889035,0.864926714846857,0.998189903551346,72.1734212121212,58.445,55.2777,7.97216976609781,NA,4.5913,40.939,58.445,52.98205,90.4887,58.445,57.57335
"ZNF776",0.995750121722994,0.0301535081561156,0.295604878744904,404.498381818182,417.2004,681.92205,24.6128663270195,NA,120.72845,307.0018,417.2004,621.557825,466.2456,417.2004,742.286275
"ZNF256",0.934041037349413,0.929518995528277,0.867657891596454,77.7485545454545,54.5083,95.006,11.3558705946912,NA,40.4477,21.4153,54.5083,74.78215,112.2498,54.5083,115.22985
"ZNF599",0.919378831653202,0.560947663813214,0.954497920978454,78.2123818181818,57.8394,39.55405,9.07375582965312,NA,0.483349999999998,38.6082,57.8394,39.312375,107.0856,57.8394,39.795725
"ZNF18",0.612563018476098,0.0822101182436052,0.855676973828309,143.8464,183.8141,210.8541,7.30991656323765,NA,9.16459999999999,119.6378,183.8141,206.2718,169.4915,183.8141,215.4364
"ZKSCAN2",0.82612842829579,0.933102889991348,0.764933860590932,166.246590909091,125.9747,183.60575,11.6102127648964,NA,57.50655,120.0673,125.9747,154.852475,201.6206,125.9747,212.359025
"ZNF689",0.604608471362307,0.0530348657588675,0.796739725818527,242.742281818182,327.9582,396.72795,13.5085629566262,NA,169.97395,198.9837,327.9582,311.740975,299.0953,327.9582,481.714925
"ZNF19",0.772337933918009,0.947645465143919,0.7323447045501,56.5624090909091,38.1649,62.56325,4.65882291748101,NA,2.44705,35.8566,38.1649,61.339725,63.1019,38.1649,63.786775
"ZNF230",0.903013821667067,0.0612530174576584,0.198419827313407,95.1441303030303,82.3681,145.3641,5.16166546053746,NA,3.1751,76.6197,82.3681,143.77655,110.7585,82.3681,146.95165
"ZNF222",0.657446317551776,0.278491810103481,0.238111217657854,35.520903030303,20.5012,54.6131,2.96873565366066,NA,5.2848,25.2529,20.5012,51.9707,47.2721,20.5012,57.2555
"ZNF221",0.845617170957269,0.741067677773458,0.64472898217411,38.7288424242424,52.9942,25.0165,4.45989634652455,NA,12.2943,16.2942,52.9942,18.86935,52.4204,52.9942,31.16365
"ZNF233",0.502821071687366,0.260998218601368,0.999903402865948,30.6687303030303,12.4158,12.1578,2.8132560062858,NA,0.190200000000001,18.3546,12.4158,12.0627,37.9342,12.4158,12.2529
"ZNF235",0.694204573957416,0.510529207766771,0.382205182184912,90.307603030303,62.4332,117.59235,5.88905156701066,NA,15.81495,66.7725,62.4332,109.684875,114.1784,62.4332,125.499825
"ZNF208",0.980585091612585,0.952551890109167,0.999771461314863,176.595351515152,46.332,29.36705,120.262470200848,NA,5.43185,14.6474,46.332,26.651125,87.419,46.332,32.082975
"ZNF714",0.999632876093104,0.985802988862522,0.992461855401154,371.792051515152,381.558,328.0599,65.5131375266743,NA,164.7371,201.3664,381.558,245.69135,394.7691,381.558,410.42845
"ZNF394",0.926733438203172,0.998808454900809,0.957568967294701,500.234024242424,446.968,495.4566,24.4351471084182,NA,114.5399,417.5712,446.968,438.18665,542.9616,446.968,552.72655
"ZNF333",0.968852201761377,0.96771795247707,0.937048135580525,237.112778787879,281.0205,205.03365,31.8993888808815,NA,8.62395000000001,131.2945,281.0205,200.721675,294.4601,281.0205,209.345625
"ZNF382",0.98712618934039,0.965022425228267,0.958265519139137,49.1751272727273,42.6982,56.88075,7.34759297373986,NA,8.23715,19.3088,42.6982,52.762175,64.0301,42.6982,60.999325
"ZNF577",0.932220968090794,0.883091918877144,0.999905351790342,120.653657575758,83.5794,85.2202,18.0472489542308,NA,22.9182,40.622,83.5794,73.7611,164.3313,83.5794,96.6793
"ZNF75A",0.981222201707933,0.742068926947074,0.956005499275947,184.422160606061,207.7371,251.0962,21.8461086364524,NA,32.1592,104.4131,207.7371,235.0166,226.9964,207.7371,267.1758
"ZNF496",0.771600026466499,0.96478500771257,0.751954676922552,416.82783030303,519.04,389.66545,25.6027650734487,NA,80.59155,302.5594,519.04,349.369675,520.1635,519.04,429.961225
"ZNF2",0.992364373701061,0.657669016250858,0.810335973617594,114.646584848485,111.1363,133.3996,5.10481127795016,NA,20.7632,99.3335,111.1363,123.018,128.3257,111.1363,143.7812
"ZNF589",0.860532411277577,0.962384471396426,0.958696307643709,249.07673030303,171.0955,220.86515,25.9516341417423,NA,4.39205000000001,155.9322,171.0955,218.669125,268.1887,171.0955,223.061175
"PRDM9",0.94052395001956,0.932487073477326,0.997693842950388,0.799927272727273,0,0.1871,0.417218498644566,NA,0.1871,0,0,0.09355,0.678,0,0.28065
"ZNF12",0.867138772293835,0.998749397805116,0.894394883904191,900.737584848485,758.8765,910.25,48.4483129487303,NA,31.6719000000001,698.1459,758.8765,894.41405,1014.2373,758.8765,926.08595
"ZNF202",0.852463886988491,0.999953962564051,0.89835881361069,234.627348484848,198.3496,234.18655,11.6001876358193,NA,36.72085,199.8456,198.3496,215.826125,257.376,198.3496,252.546975
"ZNF3",0.810911822087906,0.985346031664704,0.909478705128407,763.95733030303,559.4791,725.1548,57.3407397429311,NA,112.4691,593.5845,559.4791,668.92025,836.5976,559.4791,781.38935
"ZNF606",0.932344489822001,0.241453621376987,0.419592255128689,143.718121212121,98.1997,294.2496,21.2491177646807,NA,148.693,37.1378,98.1997,219.9031,247.4698,98.1997,368.5961
"ZNF91",0.993929611810207,0.780901073975283,0.947574531308804,880.146178787879,799.7577,511.0649,133.159682235094,NA,81.6386,604.876,799.7577,470.2456,881.2736,799.7577,551.8842
"ZNF226",0.649079750279212,0.122892611231886,0.143204121834854,220.20416969697,149.8978,334.5077,13.7258704338648,NA,4.10550000000001,166.7823,149.8978,332.45495,257.8229,149.8978,336.56045
"ZNF229",0.953311420174857,0.785805211356187,0.987592346927206,62.3846484848485,36.9445,21.26825,15.0324708568029,NA,1.55685,15.3711,36.9445,20.489825,67.4582,36.9445,22.046675
"ZNF180",0.929405129708447,0.369921572605952,0.511976126886247,190.731845454545,165.6446,258.12355,11.9337378683652,NA,22.76345,150.6103,165.6446,246.741825,218.0648,165.6446,269.505275
"ZNF641",0.894061752419563,0.964667855649133,0.973157069678568,203.45283030303,243.7732,219.82645,15.4972685910662,NA,29.75255,132.2935,243.7732,204.950175,277.0071,243.7732,234.702725
"ZNF610",0.999323196040194,0.934786247088133,0.969479375374275,35.2712939393939,36.3389,27.61825,5.29557958730951,NA,7.55485,16.3577,36.3389,23.840825,51.2682,36.3389,31.395675
"ZNF528",0.999542257161635,0.013826799096156,0.183045564515917,137.828593939394,133.5453,457.5833,19.896425715398,NA,380.5019,35.1538,133.5453,267.33235,233.8779,133.5453,647.83425
"ZNF701",0.979407220010083,0.000173292819853788,0.0178422804483949,140.919193939394,126.5804,384.3329,12.8084970357268,NA,23.622,92.8633,126.5804,372.5219,190.51,126.5804,396.1439
"ZNF283",0.877623720078511,0.959406134212089,0.838310258333493,74.2698121212121,57.2337,81.14575,5.90923294169867,NA,33.25055,47.4906,57.2337,64.520475,84.1003,57.2337,97.771025
"ZNF558",0.609366570731893,0.116917720055925,0.905584284386173,388.907993939394,254.372,182.22825,24.0506954075463,NA,108.51445,315.1069,254.372,127.971025,433.7441,254.372,236.485475
"ZNF597",0.488572126887007,0.0533046397815253,0.878682055902342,69.9241606060606,104.4742,122.01105,5.09537319754056,NA,25.47225,56.7136,104.4742,109.274925,88.8631,104.4742,134.747175
"ZNF30",0.978205492635276,0.649139546246292,0.92951767419229,100.543215151515,83.5794,46.2687,14.7622224154175,NA,12.4778,72.3898,83.5794,40.0298,104.1554,83.5794,52.5076
"ZNF354A",0.970435049636345,0.859779212714096,0.869169438513055,283.105454545455,257.7031,324.08065,18.5065621364306,NA,93.88005,210.3529,257.7031,277.140625,336.8877,257.7031,371.020675
"ZNF764",0.781500467223958,0.150653361209518,0.222321511116984,229.549139393939,156.2571,379.4136,17.9774014039185,NA,141.8212,166.1435,156.2571,308.503,271.8447,156.2571,450.3242
"ZNF747",0.669641098815409,0.995560610954291,0.789007977270326,227.909845454545,155.6514,222.4864,14.59334257208,NA,30.6885,168.905,155.6514,207.14215,282.2146,155.6514,237.83065
"ZNF778",0.990927207250976,0.997776681782115,0.988581187732874,97.4560727272727,91.15,99.69155,8.53329669636349,NA,8.01705,59.6948,91.15,95.683025,123.1562,91.15,103.700075
"ZNF212",0.88423579877659,0.998602390136053,0.930322763514103,245.733272727273,201.9835,242.39375,15.942607695474,NA,50.81285,187.3112,201.9835,216.987325,265.9328,201.9835,267.800175
"ZNF282",0.988955108409383,0.546843075758508,0.866549885035797,899.471051515152,863.3507,706.4803,44.1473947619579,NA,87.9583,752.9686,863.3507,662.50115,986.8173,863.3507,750.45945
"ZNF160",0.908935616926637,0.564064643643074,0.608474841154538,561.113093939394,440.9115,774.0296,50.2084164916159,NA,26.0408,434.024,440.9115,761.0092,587.239,440.9115,787.05
"ZNF415",0.964307694294414,0.151356656957873,0.62945188575456,95.0267757575758,120.2211,229.509,15.1399245210524,NA,181.6138,26.7838,120.2211,138.7021,160.2681,120.2211,320.3159
"ZNF439",0.794679294001445,0.611086569177712,0.999518596963408,90.5249878787879,44.8179,42.3034,12.2792153144334,NA,4.5111,38.6523,44.8179,40.04785,124.0974,44.8179,44.55895
"ZNF440",0.858156059878236,0.710840427251308,0.999404236567882,383.134157575758,474.5249,481.3897,29.3108284882937,NA,161.0799,277.9661,474.5249,400.84975,444.1583,474.5249,561.92965
"ZNF562",0.513253729163208,0.668191242090089,0.911725789745054,703.326378787879,910.2884,818.2465,32.3951502681827,NA,8.32040000000001,579.3326,910.2884,814.0863,859.643,910.2884,822.4067
"ZNF561",0.871079856732899,0.439552441952751,0.489710668463293,590.759242424242,516.0118,723.1739,24.1105141014558,NA,220.886,477.8857,516.0118,612.7309,679.6594,516.0118,833.6169
"ZNF584",0.990282270427416,0.974551980585289,0.99981525464282,174.930866666667,184.1169,185.64125,12.0019040119072,NA,14.64035,140.7678,184.1169,178.321075,200.2877,184.1169,192.961425
"ZNF274",0.874007781640759,0.744270661449314,0.999602464423439,296.871190909091,217.1247,211.90825,27.972169853367,NA,43.65765,189.1183,217.1247,190.079425,312.6284,217.1247,233.737075
"ZIK1",0.999829189964307,0.979930817899036,0.994560943008515,48.2859393939394,47.2405,40.1123,10.3326298067011,NA,10.9261,11.2011,47.2405,34.64925,62.9339,47.2405,45.57535
"ZNF540",0.890964060045259,0.812432530383686,0.999895974619211,42.0580060606061,24.8316,25.4543,6.5137070843302,NA,14.2289,16.9492,24.8316,18.33985,56.7787,24.8316,32.56875
"ZNF570",0.955461235406499,0.87795527874026,0.858227591532597,58.4171151515151,74.1343,39.3306,9.49826407202669,NA,12.7637,18.5063,74.1343,32.94875,81.3052,74.1343,45.71245
"ZNF57",0.73350349708872,0.985478324808828,0.858306432535307,158.600806060606,93.8754,148.56345,14.8966812034072,NA,30.29525,111.5493,93.8754,133.415825,177.6271,93.8754,163.711075
"ZNF556",0.826412459404652,0.697230773851993,0.999985695429239,19.3252666666667,0.9085,1.10035,5.43632360754056,NA,0.39635,0.6976,0.9085,0.902175,19.5486,0.9085,1.298525
"ZNF554",0.914489150278661,0.948396896962844,0.987719651919494,104.246915151515,79.3398,90.4985,10.744281501824,NA,11.653,68.2858,79.3398,84.672,122.2891,79.3398,96.325
"ZNF738",0.89920715235354,0.885135846881801,0.996101613273419,255.498506060606,172.6096,191.7528,32.5884171292971,NA,90.38,149.9086,172.6096,146.5628,294.3279,172.6096,236.9428
"ZNF596",0.679881141356152,0.999433906243712,0.755254654623506,55.6213606060606,27.557,56.3876,5.80387442695339,NA,0.634599999999999,30.5344,27.557,56.0703,65.221,27.557,56.7049
"ZNF621",0.861902672855648,0.806479912102499,0.998105868855496,710.100478787879,582.9359,600.2228,42.530666979335,NA,27.7251,573.5593,582.9359,586.36025,845.8716,582.9359,614.08535
"ZNF680",0.880291484242527,0.886363799157101,0.777747051423657,264.875648484849,194.1101,314.25155,24.5560974958202,NA,163.95235,185.6364,194.1101,232.275375,310.32,194.1101,396.227725
"ZNF483",0.894747409003385,0.89542001865508,0.799467904540492,50.3903151515152,74.7975,32.93935,9.43936792716225,NA,8.24335,15.7519,74.7975,28.817675,50.8617,74.7975,37.061025
"ZNF417",0.900294432194693,0.999469640780254,0.93699557745897,279.473357575758,336.1345,282.35715,22.2665962271795,NA,84.41515,201.5733,336.1345,240.149575,329.123,336.1345,324.564725
"ZNF791",0.679365962272657,0.984177624040237,0.822432642884886,414.565460606061,540.8434,432.8498,26.0890164219902,NA,3.07159999999999,324.28,540.8434,431.314,450.8845,540.8434,434.3856
"ZNF519",0.906580846553076,0.940423629156065,0.98743643296775,58.8504878787879,71.1636,65.8371,4.83404820617818,NA,35.5661,38.1005,71.1636,48.05405,66.482,71.1636,83.62015
"ZNF25",0.864489381464828,0.991146324646684,0.934310350342968,296.783390909091,392.1569,313.65315,32.227745647854,NA,19.74255,157.5791,392.1569,303.781875,374.9971,392.1569,323.524425
"ZNF77",0.888120640922435,0.923951739221552,0.815275617587007,71.7947848484849,58.1422,79.7866,4.95577023422154,NA,29.1002,48.0751,58.1422,65.2365,84.3806,58.1422,94.3367
"ZNF169",0.972900405222997,0.814801325564845,0.98258134000432,107.979427272727,117.4956,126.67695,7.36757445450378,NA,20.37635,84.3219,117.4956,116.488775,124.5493,117.4956,136.865125
"ZNF613",0.694255190124865,0.0517799536581346,0.0995630525601077,98.5532,63.8958,172.5973,7.18589816922595,NA,37.892,76.4173,63.8958,153.6513,109.2807,63.8958,191.5433
"ZNF404",0.85242471931717,0.640006761325159,0.590544024914845,33.2885333333333,16.6553,53.3371,5.34501396246204,NA,11.4288,14.6879,16.6553,47.6227,43.1267,16.6553,59.0515
"ZNF135",0.908317744753004,0.947618354871891,0.855931591721425,73.7898212121212,107.8053,55.54895,14.1543805285269,NA,10.27295,21.7757,107.8053,50.412475,84.8826,107.8053,60.685425
"ZNF620",0.93245034133414,0.737105801294176,0.987832350357574,79.8573848484849,65.4099,58.1238,7.04484279833418,NA,9.106,49.2019,65.4099,53.5708,92.1101,65.4099,62.6768
"ZNF619",0.991081068480123,0.974402803923438,0.970125294088639,114.605351515152,108.7138,121.7984,8.04670681230781,NA,3.1782,91.6936,108.7138,120.2093,127.8103,108.7138,123.3875
"ZNF354C",0.455201318716365,0.845689722835728,0.779595701125712,37.509796969697,77.8257,50.7163,5.73189857431386,NA,20.0334,12.1192,77.8257,40.6996,54.56,77.8257,60.733
"ZNF114",0.964883398238897,0.931959166377743,0.99999847839014,26.0855181818182,3.9367,3.76245,15.1391530904446,NA,1.51735,2.2442,3.9367,3.003775,13.4916,3.9367,4.521125
"ZNF454",0.475799814788198,0.909523311046233,0.44929703503873,20.0539060606061,43.001,14.2364,3.39696533943583,NA,3.011,6.5509,43.001,12.7309,26.9653,43.001,15.7419
"ZNF543",0.792203438865798,0.486955315071268,0.988183697251692,180.995445454545,239.2308,255.0437,14.1576538579283,NA,147.2794,126.58,239.2308,181.404,221.4496,239.2308,328.6834
"ZNF354B",0.977006379532564,0.99055740498716,0.995315378077042,120.376136363636,127.4888,123.6342,5.77770902042604,NA,39.5089,96.5104,127.4888,103.87975,148.881,127.4888,143.38865
"ZNF223",0.815426894439168,0.231347492180403,0.304229342371335,78.8519242424242,55.5106,124.68435,6.6309137539191,NA,13.96405,53.3568,55.5106,117.702325,90.2981,55.5106,131.666375
"ZNF713",0.99974480348826,0.916750031013566,0.974019597453698,77.8440393939394,78.7221,89.48655,7.10511713699602,NA,4.05885,52.7606,78.7221,87.457125,91.9228,78.7221,91.515975
"ZNF552",0.998188188375551,0.722547287389282,0.868661330085895,193.132081818182,188.0536,242.177,14.4592209328167,NA,123.1873,126.5234,188.0536,180.58335,236.9131,188.0536,303.77065
"ZNF154",0.99334594305094,0.806650899186068,0.888605672235409,112.018281818182,124.7634,59.95985,20.1589119843755,NA,14.30975,41.4395,124.7634,52.804975,122.2018,124.7634,67.114725
"ZNF571",0.782905845819192,0.576127657496818,0.488039968046993,84.546596969697,55.1139,116.40945,7.5436391176123,NA,30.72185,57.8446,55.1139,101.048525,111.9176,55.1139,131.770375
"ZNF443",0.978950801253657,0.926775869362095,0.922140114209867,76.551403030303,67.2269,89.21105,8.24996680938742,NA,11.06955,49.2978,67.2269,83.676275,79.5145,67.2269,94.745825
"ZNF792",0.964884923398239,0.997285566825117,0.965390206146647,243.039575757576,294.9504,232.77575,35.4768824706846,NA,15.37635,155.1779,294.9504,225.087575,265.6371,294.9504,240.463925
"ZFP82",0.974691378473113,0.545724564164309,0.700474336265602,74.0716,56.3252,136.57605,13.9287529638899,NA,77.08115,22.9008,56.3252,98.035475,98.422,56.3252,175.116625
"ZNF707",0.941578731627248,0.959132306306077,0.900049751417804,210.588557575758,242.5619,191.4968,16.7012503788225,NA,48.5595,154.8715,242.5619,167.21705,262.0627,242.5619,215.77655
"ZNF746",0.997333397033837,0.415297149266287,0.76260214258189,605.213948484849,598.0771,510.9201,17.3720920745022,NA,95.2045,559.987,598.0771,463.31785,661.6454,598.0771,558.52235
"ZNF678",0.983791903732117,0.253339336684856,0.518774075559212,82.7864151515152,76.3116,126.36935,6.4765638432493,NA,22.18065,57.9264,76.3116,115.279025,99.5917,76.3116,137.459675
"HKR1",0.819905874803651,0.388173489582021,0.41026713373785,436.318415151515,334.6203,597.6531,29.1262685906441,NA,94.0048,340.8995,334.6203,550.6507,531.8671,334.6203,644.6555
"ZNF101",0.997318011334336,0.67704365060067,0.896669363538359,188.716842424242,194.4129,238.29225,13.7332166921939,NA,84.12945,140.75,194.4129,196.227525,222.5791,194.4129,280.356975
"ZNF716",0.903942165223711,0.835720272196038,0.999875225134855,13.2558545454545,0,0.56125,5.38466402638523,NA,0.56125,0,0,0.280625,6.4188,0,0.841875
"ZNF708",0.99462788293715,0.962750396730112,0.996969949055087,280.358812121212,261.337,244.1106,33.5109527463452,NA,6.50540000000001,206.4006,261.337,240.8579,308.958,261.337,247.3633
"ZNF721",0.890746308780499,0.934222379209749,0.826656601707777,472.873784848485,399.5397,513.1878,26.4172717752372,NA,200.7767,361.9798,399.5397,412.79945,588.8391,399.5397,613.57615
"ZNF662",0.999942446053341,0.763448726616595,0.904918910874773,104.041948484848,105.0799,52.8107,17.6908615860067,NA,4.9155,20.4957,105.0799,50.35295,157.1377,105.0799,55.26845
"ZNF320",0.998616722036307,0.299450680982006,0.671224409579819,444.31006969697,458.1725,743.96945,43.0034064421618,NA,499.25475,289.7493,458.1725,494.342075,529.6984,458.1725,993.596825
"ZNF530",0.978887854935427,0.940218624326449,0.930416928580953,56.1517181818182,64.8043,45.59355,7.6005945688634,NA,21.30635,25.9459,64.8043,34.940375,64.8899,64.8043,56.246725
"ZFP1",0.940125779503248,0.970828097996825,0.989288883952336,241.51346969697,273.7527,257.521,16.7510729364855,NA,12.8063,178.9831,273.7527,251.11785,291.1563,273.7527,263.92415
"KRBA2",0.901574583443212,0.996382221960829,0.947933187229374,77.1434545454545,96.298,79.7092,7.6537035078244,NA,14.9758,40.5562,96.298,72.2213,91.8495,96.298,87.1971
"ZNF93",0.625833962266591,0.922611396178139,0.583372658708005,126.835193939394,29.0711,155.7191,18.318279574148,NA,3.30799999999999,59.6889,29.0711,154.0651,147.5321,29.0711,157.3731
"ZFP90",0.780634861301478,0.182844756606986,0.863689584856307,458.738127272727,565.0693,663.5913,27.5113503252319,NA,7.65119999999996,328.0892,565.0693,659.7657,594.4489,565.0693,667.4169
"ZNF479",0.962918933156474,0.929300332847073,1,2.83085454545455,0,0,1.88199172925361,NA,0,0,0,0,0.4766,0,0
"ZNF445",0.883800876260554,0.885244706465645,0.780512842838547,728.045193939394,851.5406,640.0357,45.1727177556447,NA,89.9889,512.8026,851.5406,595.04125,874.5496,851.5406,685.03015
"ZNF74",0.918640841859758,0.688009813056827,0.694384027663778,350.076148484848,400.3331,274.01055,22.2501585159544,NA,25.17985,261.1769,400.3331,261.420625,401.2795,400.3331,286.600475
"ZNF829",0.899649539768542,0.838170707746548,0.764512479404351,18.8205696969697,25.74,12.39885,2.74159529268505,NA,3.79265,5.5135,25.74,10.502525,32.2243,25.74,14.295175
"ZNF267",0.936100509172823,0.319677470019259,0.485441489860787,492.511936363636,445.7567,634.50735,22.5495763336057,NA,152.18745,385.3211,445.7567,558.413625,558.1221,445.7567,710.601075
"ZNF566",0.976638249008985,0.999999989756745,0.983875100134363,238.695739393939,220.4557,238.70435,15.0741764888138,NA,64.70995,178.3768,220.4557,206.349375,283.7414,220.4557,271.059325
"ZNF224",0.76406734840861,0.0227803609437923,0.0786573645968389,201.940442424242,145.9732,361.7986,13.8868727380387,NA,2.51329999999999,150.4371,145.9732,360.54195,239.3847,145.9732,363.05525
"ZNF529",0.569889240670061,0.50211966314915,0.295847865333057,344.837903030303,183.5112,473.2256,27.4577475643227,NA,52.6456,254.9062,183.5112,446.9028,413.1828,183.5112,499.5484
"ZNF284",0.965012545018919,0.724785041725951,0.967206154454236,43.9345060606061,37.853,30.7531,4.1083621291048,NA,15.6848,28.0789,37.853,22.9107,58.3093,37.853,38.5955
"ZNF749",0.836099458353712,0.76276170452306,0.998331434386077,113.350863636364,145.6583,141.9046,9.7999376235229,NA,21.4182,85.5457,145.6583,131.1955,114.2498,145.6583,152.6137
"ZNF17",0.852622206511907,0.965523054060697,0.95266352114218,143.510560606061,165.6446,150.9438,6.93138942662994,NA,40.1861,107.4155,165.6446,130.85075,171.3761,165.6446,171.03685
"ZNF555",0.991610957812112,0.843431583452892,0.901753172546584,69.2905181818182,66.3184,78.90355,4.11277351823333,NA,18.00945,52.3475,66.3184,69.898825,82.0339,66.3184,87.908275
"ZNF75D",0.876031566297988,0.103247742412991,0.234973209128169,371.346184848485,295.3077,605.73405,26.3570424348195,NA,131.00685,284.2248,295.3077,540.230625,391.3682,295.3077,671.237475
"ZNF197",0.996992138009213,0.613227824934794,0.87016806481663,368.129042424242,360.0575,293.72995,18.8566692277113,NA,56.49885,285.149,360.0575,265.480525,448.5255,360.0575,321.979375
"ZNF732",0.998437201543018,0.688973278568728,0.895726404378882,6.41818181818182,6.0565,2.3878,1.18184124950171,NA,0.9798,2.5389,6.0565,1.8979,7.5553,6.0565,2.8777
"ZNF546",0.967863942194858,0.965386181537679,0.998541552485309,73.0102181818182,62.9874,65.5424,7.16675766911055,NA,2.1844,38.1158,62.9874,64.4502,97.6062,62.9874,66.6346
"ZNF286A",0.387121288387858,0.991865628387758,0.561813329837204,268.231266666667,408.2065,277.3983,18.1173322622172,NA,55.9974,195.2178,408.2065,249.3996,313.8732,408.2065,305.397
"ZKSCAN4",0.993805159097975,0.847200228950817,0.969027252040922,81.2377121212121,77.8257,68.55805,5.5906781995178,NA,5.90405,60.3382,77.8257,65.606025,100.5568,77.8257,71.510075
"ZNF643",0.974561813247895,0.822118478426204,0.983010774501322,56.1759878787879,62.6845,69.0876,5.21748470047698,NA,11.3614,41.0146,62.6845,63.4069,67.9814,62.6845,74.7683
"ZNF642",0.525599905006379,0.122902956134067,0.103861567993338,89.3065272727273,61.4732,126.26485,4.43832934473488,NA,0.956849999999996,71.452,61.4732,125.786425,102.2998,61.4732,126.743275
"ZNF490",0.807005691180857,0.967948637883138,0.925912265515736,298.690781818182,364.5999,317.06385,18.3109490222052,NA,22.95725,232.1258,364.5999,305.585225,334.0951,364.5999,328.542475
"ZNF626",0.974181379073803,0.881666484342197,0.994033782428309,204.428360606061,121.7352,74.02835,66.0760465459012,NA,28.75235,38.7132,121.7352,59.652175,204.2875,121.7352,88.404525
"ZNF793",0.956970509869403,0.670570758585782,0.739335820576925,141.477466666667,81.7624,271.40525,35.4158480711372,NA,229.12275,30.9223,81.7624,156.843875,165.8197,81.7624,385.966625
"ZNF383",0.8204118903987,0.637699517487613,0.998981949813361,116.76446969697,140.8131,142.88755,6.95924538216843,NA,7.05965,92.0406,140.8131,139.357725,143.6293,140.8131,146.417375
"ZNF669",0.946696492924118,0.539989178834501,0.926043096332684,130.560681818182,114.4674,91.4608,8.77867574492504,NA,31.2707,98.781,114.4674,75.82545,161.3559,114.4674,107.09615
"ZNF559",0.74903508496564,0.868672403867101,0.951105300428522,221.404045454545,140.2074,180.84655,19.4344853523372,NA,5.35545,145.3087,140.2074,178.168825,272.045,140.2074,183.524275
"ZNF177",0.811175294515571,0.8663356909584,0.976365890398273,53.7702484848485,26.6485,37.6767,7.60660649065387,NA,16.2054,34.2857,26.6485,29.574,61.7032,26.6485,45.7794
"ZNF548",0.999748408268631,0.509010530363046,0.794776511093224,252.906957575758,255.2805,342.15085,18.280885443512,NA,145.70555,190.9164,255.2805,269.298075,322.5458,255.2805,415.003625
"ZNF563",0.711394649689446,0.333448802045744,0.97820367880376,50.3884939393939,33.3106,28.09715,3.72362065465731,NA,12.38155,39.8014,33.3106,21.906375,57.3582,33.3106,34.287925
"ZNF567",0.376861392641627,0.0404069442512881,0.0330288863953899,172.421112121212,76.6144,301.9142,12.3018624305187,NA,20.1555,134.2941,76.6144,291.83645,218.5615,76.6144,311.99195
"ZNF573",0.985287691672847,0.958438942042063,0.951348534177134,71.1118636363636,66.3184,76.93455,4.99365407191934,NA,22.67825,48.0346,66.3184,65.595425,92.7788,66.3184,88.273675
"ZNF527",0.912765141069696,0.873029294264381,0.802832916155725,113.957551515152,95.3895,130.21775,7.82742860395311,NA,29.93715,83.4232,95.3895,115.249175,139.305,95.3895,145.186325
"ZNF33A",0.571201317578204,0.975601936967405,0.754987222287937,1420.22027272727,1030.5095,1362.0388,65.8688220708528,NA,240.9547,1108.193,1030.5095,1241.56145,1737.5711,1030.5095,1482.51615
"ZKSCAN3",0.955963406639437,0.546380694597525,0.665091436200719,82.9928212121212,92.0584,58.93565,5.46306810698251,NA,18.14985,60.5234,92.0584,49.860725,104.71,92.0584,68.010575
"ZNF676",0.982232202361255,0.952529098844164,0.9995906871893,58.7006181818182,14.8384,6.8431,42.3490585421475,NA,1.6046,0.9365,14.8384,6.0408,23.0843,14.8384,7.6454
"ZNF699",0.998786104045916,0.887077403337011,0.969066301626279,55.6751,56.9309,64.6418,4.64537016335848,NA,8.3236,35.8616,56.9309,60.48,75.6381,56.9309,68.8036
"ZNF250",0.921734422405995,0.769570361737499,0.747154085839545,229.674990909091,202.6315,264.565,11.5119899891484,NA,95.0683,186.1211,202.6315,217.03085,270.8152,202.6315,312.09915
"ZNF79",0.952481774726947,0.998660826558633,0.974355619391274,109.968587878788,100.8403,108.88295,5.14060166718617,NA,33.67245,89.9236,100.8403,92.046725,125.522,100.8403,125.719175
"ZNF681",0.858519471185777,0.991280773423853,0.930414292972813,155.633896969697,43.6066,136.42425,36.7272525285092,NA,101.92935,37.8793,43.6066,85.459575,169.2855,43.6066,187.388925
"ZNF766",0.959506297022778,0.0405495844319638,0.205163293724918,409.811521212121,379.4383,612.38085,19.0692891399736,NA,69.06935,361.949,379.4383,577.846175,463.4785,379.4383,646.915525
"ZNF471",0.930355198494957,0.889191242781578,0.834180400867027,79.400503030303,111.4392,50.0598,15.3988591761587,NA,5.9064,18.5387,111.4392,47.1066,116.5448,111.4392,53.013
"ZNF836",0.77064508110884,0.0302149002357162,0.0928158674441889,135.557460606061,102.6573,226.99815,8.2501789339812,NA,20.44995,108.417,102.6573,216.773175,159.6853,102.6573,237.223125
"ZNF493",0.948698161116244,0.882075998305633,0.99957127146212,288.406215151515,204.7089,195.60425,47.0694541617133,NA,50.23295,167.9252,204.7089,170.487775,281.1918,204.7089,220.720725
"ZNF167",0.803887112264591,0.97006783060259,0.786276839438662,53.9429939393939,84.4878,45.7931,8.42143643994789,NA,2.8505,20.9249,84.4878,44.36785,77.7118,84.4878,47.21835
"ZNF565",0.750764973015606,0.885536309516043,0.944952198757069,84.8368272727273,104.1714,93.84415,4.63276209531888,NA,8.30735,65.2943,104.1714,89.690475,97.9151,104.1714,97.997825
"ZNF34",0.996247311391468,0.947932291921051,0.992496312790396,114.918293939394,110.2279,102.2171,9.86885278623228,NA,15.2759,73.3705,110.2279,94.57915,122.6567,110.2279,109.85505
"ZNF140",0.310634881357538,0.206477157402171,0.0751926463954141,324.624009090909,158.3769,464.14305,19.3467561373521,NA,53.72415,254.2723,158.3769,437.280975,384.2767,158.3769,491.005125
"ZNF658",0.95465517430615,0.968100237829371,0.921778939722009,59.0178303030303,49.0575,64.98915,5.95855428534245,NA,9.98445,33.5855,49.0575,59.996925,79.3613,49.0575,69.981375
"ZNF765",0.989523926239483,0.338937319650386,0.604924271939751,279.887787878788,264.9709,390.37265,18.7114258583582,NA,40.29525,220.599,264.9709,370.225025,301.3513,264.9709,410.520275
"ZNF124",0.834123876364969,0.473215151233257,0.972554336881436,121.18216969697,154.1525,169.69445,9.92851430184692,NA,23.26715,81.3528,154.1525,158.060875,162.7119,154.1525,181.328025
"ZNF569",0.997131884688868,0.764476824166604,0.882704836259116,86.2986,92.116,45.7567,14.0290290104174,NA,10.2095,29.3605,92.116,40.65195,127.3068,92.116,50.86145
"ZNF777",0.991787457419012,0.129515656681198,0.530339386883505,577.74866969697,558.4071,351.5286,27.4640887629924,NA,46.5707,486.1218,558.4071,328.24325,654.7205,558.4071,374.81395
"ZNF605",0.576610239383663,0.990642284893263,0.635584472484786,376.411575757576,187.7508,393.9349,31.1390643593077,NA,219.3485,256.3761,187.7508,284.26065,504.3283,187.7508,503.60915
"ZNF799",0.716456857448902,0.996232879048294,0.821598376436155,100.054060606061,57.2337,96.8041,9.50853283013726,NA,16.1987,68.4675,57.2337,88.70475,114.1367,57.2337,104.90345
"ZNF782",0.624375336107424,0.984712277523904,0.661662276657068,83.5552909090909,108.7138,80.3164,4.69245945742436,NA,6.9768,67.9218,108.7138,76.828,94.2723,108.7138,83.8048
"ZNF846",0.756227157339025,0.998376902255877,0.807455693460409,79.1217878787879,53.5998,80.51125,6.13163128053002,NA,23.13705,49.6212,53.5998,68.942725,107.2146,53.5998,92.079775
"ZNF136",0.881278525806878,0.925474769664192,0.809812451123817,245.059918181818,201.075,269.74205,15.9432097033089,NA,19.12605,183.7288,201.075,260.179025,268.959,201.075,279.305075
"ZKSCAN5",0.99876471567555,0.88327513051255,0.944557630859041,395.385054545455,390.0371,433.9138,19.6657679670812,NA,9.59200000000001,321.1329,390.0371,429.1178,404.0678,390.0371,438.7098
"ZNF33B",0.887512070799239,0.970724114999084,0.859958650515896,771.257163636364,622.0002,824.6076,55.754892378979,NA,14.6815,535.9395,622.0002,817.26685,976.383,622.0002,831.94835
"ZNF431",0.997500492072762,0.999379617553722,0.996838527108477,277.806803030303,263.1539,283.04145,37.8730026792902,NA,9.19425000000001,196.0961,263.1539,278.444325,271.4662,263.1539,287.638575
"ZNF418",0.971712371639913,0.999485532429699,0.98401583302965,44.4857848484848,32.705,43.3545,8.95455592314872,NA,18.0113,10.4749,32.705,34.34885,52.3882,32.705,52.36015
"ZNF700",0.56773433556932,0.87862084323585,0.498793433033441,318.283481818182,172.3068,367.98045,24.1346502006453,NA,135.66785,240.7567,172.3068,300.146525,360,172.3068,435.814375
"ZFP28",0.99436058735238,0.742352547679891,0.860546670359235,95.4059545454545,104.4742,47.94785,15.5909985191388,NA,3.79445,20.6354,104.4742,46.050625,173.7819,104.4742,49.845075
"ZNF585A",0.950940880833371,0.0775562325364255,0.264766735776976,137.71743030303,119.9182,232.752,10.2084139614053,NA,22.0878,101.257,119.9182,221.7081,160.6178,119.9182,243.7959
"ZNF138",0.967894447833484,0.99878688807595,0.983485472747479,242.832887878788,209.2513,238.18875,24.015565139809,NA,16.29915,175.8747,209.2513,230.039175,253.1418,209.2513,246.338325
"ZNF429",0.793012288360065,0.404226359438603,0.97019520900312,204.013733333333,135.0594,105.11095,18.4060414292143,NA,26.53285,116.1423,135.0594,91.844525,286.6409,135.0594,118.377375
"ZNF470",0.990063658233107,0.637964567301162,0.903631981580919,118.501593939394,104.777,51.9418,17.7565549446956,NA,3.6724,29.5006,104.777,50.1056,186.2639,104.777,53.778
"ZNF100",0.762228590738283,0.970485284804448,0.896656245300428,321.786448484849,131.4255,276.6084,46.790335334872,NA,107.3018,195.486,131.4255,222.9575,326.7252,131.4255,330.2593
"ZNF398",0.815138821204759,0.71164029719374,0.596809993902139,663.968451515152,744.6438,589.1253,22.9562522588994,NA,30.5192,579.235,744.6438,573.8657,719.7331,744.6438,604.3849
"ZNF498",0.866118311726617,0.896400519765147,0.986183932818699,382.580696969697,325.5356,346.90215,19.186659519475,NA,67.38855,307.6477,325.5356,313.207875,436.7712,325.5356,380.596425
"ZNF441",0.72070373871209,0.999800710663553,0.804175084151445,171.93663030303,107.1996,170.79735,14.514395861913,NA,21.90615,110.8007,107.1996,159.844275,213.894,107.1996,181.750425
"ZNF420",0.754343143844432,0.868854725985891,0.95337054657547,109.288718181818,70.2551,89.56125,9.24410302435736,NA,46.26665,72.3929,70.2551,66.427925,122.0715,70.2551,112.694575
"ZNF763",0.477281869980772,0.583208575138809,0.924167135018706,60.1935515151515,19.9864,35.64895,5.96761452865356,NA,3.26595,35.9629,19.9864,34.015975,81.3463,19.9864,37.281925
"ZNF679",0.90578352327446,0.898402721660073,0.995631162374017,0.694569696969697,0,0.176,0.284937585951679,NA,0.176,0,0,0.088,0,0,0.264
"ZNF682",0.765106704699211,0.963935377437813,0.904827923749213,46.6794,14.5355,38.17165,7.90990589969958,NA,26.94625,19.7683,14.5355,24.698525,57.674,14.5355,51.644775
"ZNF772",0.934421898482723,0.647122876786297,0.968464827408849,132.320860606061,88.1217,51.48845,21.913834405489,NA,12.57355,47.9826,88.1217,45.201675,157.5823,88.1217,57.775225
"ZNF257",0.961695213225441,0.908977690113904,0.999596731961189,84.347196969697,19.6835,11.7599,42.2817214330291,NA,6.8955,7.6336,19.6835,8.31215,49.3748,19.6835,15.20765
"ZNF785",0.978888326984687,0.840671649912061,0.872902142393629,282.035233333333,303.0267,238.9725,18.3995824932811,NA,58.7255,218.8846,303.0267,209.60975,352.3932,303.0267,268.33525
"ZNF98",0.97847490939183,0.947901286852919,0.999764084791644,29.5877818181818,3.6339,0.3742,22.7434808207894,NA,0.3742,1.0905,3.6339,0.1871,5.8279,3.6339,0.5613
"ZNF786",0.974314143567761,0.535652778634909,0.693661099794286,205.2828,221.0614,149.26465,12.6002655780272,NA,23.91385,166.2367,221.0614,137.307725,241.8916,221.0614,161.221575
"ZNF517",0.915800354588338,0.747658406245473,0.994229441167222,207.765133333333,172.6096,161.7442,15.2948235350131,NA,13.1942,132.9737,172.6096,155.1471,266.3364,172.6096,168.3413
"ZNF675",0.875727438571671,0.999821662049503,0.917077012865763,195.802084848485,124.1578,193.922,25.2636018873966,NA,54.5345,125.7143,124.1578,166.65475,219.8355,124.1578,221.18925
"ZNF860",0.954488173314357,0.990609338637657,0.945581047264518,83.7490151515152,51.4801,94.1616,19.0322546359827,NA,76.2009,41.6697,51.4801,56.06115,87.0113,51.4801,132.26205
"ZNF695",0.980831901593982,0.971015363151251,0.999822799679295,63.5893212121212,53.0245,54.2439,9.69662194233004,NA,35.2154,10.698,53.0245,36.6362,93.8939,53.0245,71.8516
"ZNF665",0.985684993678565,0.99975065952853,0.988208960466091,30.8830757575758,26.9513,31.25395,4.17618164163629,NA,15.91255,13.8104,26.9513,23.297675,44.0678,26.9513,39.210225
"ZNF624",0.995606414219122,0.389705143862202,0.755854227226707,113.890666666667,117.1928,149.11055,6.38391740461545,NA,18.52275,87.852,117.1928,139.849175,134.3724,117.1928,158.371925
"ZNF841",0.685929920383854,0.899414080540547,0.904014150960194,364.251424242424,221.0614,310.0277,29.0556798908314,NA,168.1762,272.1643,221.0614,225.9396,420.6235,221.0614,394.1158
"ZNF615",0.860582336488168,0.639451938239002,0.993828292749497,243.311293939394,173.2152,156.0835,23.2275416372742,NA,50.8389,152.3569,173.2152,130.66405,332.0791,173.2152,181.50295
"ZNF433",0.784854244416057,0.261733885999009,0.917005428436769,67.5053909090909,40.5784,21.2001,7.03927524259364,NA,6.607,40.5634,40.5784,17.8966,81.644,40.5784,24.5036
"ZNF595",0.969813851560738,0.907265210490279,0.998351017311874,189.827833333333,139.2535,125.10075,37.2675043408031,NA,51.88705,50.721,139.2535,99.157225,218.0974,139.2535,151.044275
"ZNF460",0.596504948116398,0.732435648992716,0.931126246597711,369.703006060606,546.2942,467.71015,30.8045841914231,NA,150.03005,219.9279,546.2942,392.695125,483.4241,546.2942,542.725175
"ZNF81",0.667180282859409,0.0227584301749894,0.615109433080066,194.003366666667,257.4003,341.34075,12.2776632064222,NA,82.98105,149.0398,257.4003,299.850225,233.8683,257.4003,382.831275
"ZNF780A",0.788214114130131,0.83597188572846,0.652337363104338,265.677496969697,213.188,298.31815,13.8451124251741,NA,13.19185,209.8055,213.188,291.722225,312.6143,213.188,304.914075
"ZNF461",0.779317279367566,0.562294000969624,0.477097363025921,73.0776545454545,42.0925,107.04665,7.96976422078277,NA,13.06565,35.51,42.0925,100.513825,107.6566,42.0925,113.579475
"ZNF181",0.938632801749657,0.984812807402618,0.981893250189988,235.288366666667,152.0176,205.9454,42.7423217798175,NA,2.8479,141.9823,152.0176,204.52145,251.0314,152.0176,207.36935
"ZNF44",0.841759896217464,0.997192281847658,0.868414224352277,230.039209090909,177.2246,234.866,16.4064348558771,NA,2.51469999999999,166.8484,177.2246,233.60865,272.8269,177.2246,236.12335
"ZNF790",0.878603282878361,0.452410493540319,0.945042685362664,87.8962787878788,60.8676,39.3417,9.67897242885314,NA,12.4006,47.4989,60.8676,33.1414,134.0424,60.8676,45.542
"ZNF677",0.949747024955468,0.538776995703009,0.922595268188228,27.8891939393939,37.853,52.88865,5.33761933148121,NA,43.90825,6.5431,37.853,30.934525,39.7623,37.853,74.842775
"ZNF823",0.924363815500683,0.97818084079304,0.902367237117749,183.90923030303,147.1724,197.8543,16.8698405390772,NA,28.8997,126.1221,147.1724,183.40445,190.4157,147.1724,212.30415
"ZNF311",0.991221751467928,0.8062815549026,0.882219187627219,12.3338787878788,14.2327,5.5779,2.61382818737583,NA,1.4619,3.3898,14.2327,4.84695,11.9473,14.2327,6.30885
"ZNF347",0.564814854336881,0.214903473834935,0.984649665193664,114.110557575758,199.5609,216.36645,12.6780547937943,NA,160.61345,53.9007,199.5609,136.059725,180.5066,199.5609,296.673175
"ZNF273",0.94308114667254,0.337340933093573,0.508222576211494,148.180439393939,122.038,230.38095,13.4596367761774,NA,84.30565,100.5484,122.038,188.228125,161.36,122.038,272.533775
"ZNF84",0.80637813739305,0.988804828711056,0.901384766797073,541.321833333333,418.1997,521.1889,32.2892475215791,NA,258.6053,392.2364,418.1997,391.88625,646.1621,418.1997,650.49155
"ZNF667",0.742580337154916,0.890451888898802,0.653189414278312,30.5958787878788,54.8111,19.7826,5.71057267628822,NA,0.4232,8.194,54.8111,19.571,42.0657,54.8111,19.9942
"ZNF649",0.98286497025188,0.983360576653773,0.998979982745247,172.421260606061,191.6875,186.04025,18.610249829653,NA,81.49955,82.3876,191.6875,145.290475,241.2993,191.6875,226.790025
"ZNF248",0.911023809503622,0.537036015659434,0.952641997600072,338.401324242424,280.112,229.4029,24.5700379121793,NA,46.3688,226.2814,280.112,206.2185,404.936,280.112,252.5873
"ZNF544",0.934312909076138,0.513692296554053,0.9275558042792,457.456648484848,527.6372,616.73655,33.3858251361674,NA,223.69635,332.1044,527.6372,504.888375,586.8845,527.6372,728.584725
"ZNF251",0.6988697872613,0.52924023419858,0.395445294862963,312.647918181818,195.3214,425.3587,23.9522533203656,NA,179.3186,232.0467,195.3214,335.6994,368.6964,195.3214,515.018
"ZNF607",0.821084379424143,0.985161639595169,0.916083201186568,174.992236363636,98.1149,159.85115,22.3045619061573,NA,15.79125,121.3861,98.1149,151.955525,193.9675,98.1149,167.746775
"ZNF334",0.963344442302427,0.889556185755829,0.998104671995205,65.1923303030303,30.2824,20.7942,23.345491143739,NA,2.0851,10.4624,30.2824,19.75165,69.8069,30.2824,21.83675
"ZNF485",0.921443804584564,0.914312645155588,0.996507581646889,77.0861424242424,60.5648,64.68155,7.45032221510347,NA,8.18015,52.2042,60.5648,60.591475,90.4936,60.5648,68.771625
"ZNF192",0.623903645590717,0.652173344796856,0.405080997188612,561.6971,796.4267,401.5213,43.8191661573337,NA,28.4132,325.4671,796.4267,387.3147,749.0347,796.4267,415.7279
"ZNF442",0.915215365028988,0.810932769049014,0.999318199835471,23.0170909090909,17.5638,16.98735,2.36395178177157,NA,2.02005,13.451,17.5638,15.977325,30.5052,17.5638,17.997375
"ZNF813",0.876669676538322,0.820396375599238,0.727753705388618,99.0362212121212,49.3603,142.7933,17.1577955370769,NA,96.6828,29.5624,49.3603,94.4519,113.2203,49.3603,191.1347
"ZNF26",0.437047909037724,0.894922543806685,0.40668909822872,212.630684848485,121.4324,236.29975,12.2698206472084,NA,82.12865,159.8807,121.4324,195.235425,257.8589,121.4324,277.364075
"ZNF69",0.637181524090895,0.358058216376838,0.997239481103242,61.2808181818182,26.9513,23.73215,6.56148372452782,NA,0.90705,37.6834,26.9513,23.278625,70.7261,26.9513,24.185675
"ZNF583",0.986873693313244,0.851772448383639,0.894759530450077,55.3322545454545,61.1704,40.7004,6.55630321261459,NA,8.3174,26.5313,61.1704,36.5417,83.9222,61.1704,44.8591
"ZNF568",0.958207491994458,0.761190426703884,0.793071902971898,60.1384,74.7914,33.4554,9.16182667868092,NA,4.6509,13.1019,74.7914,31.12995,85.8068,74.7914,35.78085
"ZNF480",0.872728014189718,0.955915268594147,0.830136754707187,550.952266666667,676.8113,499.0691,42.2552410753186,NA,282.596,435.6371,676.8113,357.7711,666.1203,676.8113,640.3671
"ZNF587",0.956184953933548,0.175207772321919,0.391518125863445,1451.0482,1274.7672,2262.87345,100.723531534483,NA,870.48805,1186.0793,1274.7672,1827.629425,1608.6385,1274.7672,2698.117475
"ZNF808",0.970710571627347,0.364270493120024,0.575063845233344,350.716390909091,321.5989,474.5373,21.0999515982401,NA,128.4194,268.622,321.5989,410.3276,422.2499,321.5989,538.747
"ZNF43",0.983518129530569,0.317481039879691,0.570494637979241,295.960863636364,243.1675,616.82835,49.862919299495,NA,408.80305,81.607,243.1675,412.426825,476.7247,243.1675,821.229875
"ZNF28",0.960031759016242,0.0159785419754033,0.293590125906964,475.628093939394,538.7236,964.60435,39.4803927116914,NA,193.79055,298.3784,538.7236,867.709075,574.6907,538.7236,1061.499625
"ZNF627",0.848597226651483,0.717256422328781,0.633068404517818,301.074872727273,252.2523,351.0537,15.1970175464213,NA,74.3906,246.0383,252.2523,313.8584,354.175,252.2523,388.249
"ZNF789",0.813426444542012,0.81011846330103,0.989222290651725,118.576654545455,75.1003,87.07695,12.3163026939169,NA,12.45535,74.0147,75.1003,80.849275,137.7691,75.1003,93.304625
"ZNF534",0.913089685516414,0.970027192388431,0.978777585498308,2.4388,0.9085,1.8043,0.655123014269654,NA,0.3076,0.4655,0.9085,1.6505,2.5079,0.9085,1.9581
"ZNF525",0.910896613658553,0.732349353216157,0.711188851433955,245.202139393939,173.2152,339.9102,30.4155956111533,NA,15.5772,129.2639,173.2152,332.1216,295.5289,173.2152,347.6988
"ZNF814",0.979924710824853,0.888669047894191,0.992526135752737,369.328824242424,346.2791,329.36725,20.8649511040268,NA,35.92665,304.4882,346.2791,311.403925,417.0897,346.2791,347.330575
"ZNF551",0.277669827343488,0.571978424293885,0.155800769253321,197.978727272727,339.4655,131.779,15.656554641041,NA,50.8216,134.0173,339.4655,106.3682,234.6772,339.4655,157.1898
"ZNF805",0.946497609124058,0.972688141378063,0.917687499204046,504.960460606061,453.9329,530.92775,27.9204592200953,NA,75.54885,422.7229,453.9329,493.153325,596.2877,453.9329,568.702175
"ZNF468",0.999540063635372,0.00121092627100694,0.0624044081899203,473.308693939394,466.9543,1091.32595,37.1669298914735,NA,213.49625,339.9072,466.9543,984.577825,603.1458,466.9543,1198.074075
"ZNF616",0.912065145405328,0.393566601167068,0.505835374625174,175.51276969697,141.4187,254.4989,14.5090931653408,NA,1.06699999999999,116.6966,141.4187,253.9654,216.0149,141.4187,255.0324
"ZFP57",0.985816961693004,0.923057798446708,0.995196667331504,33.9719515151515,19.0779,8.64595,16.1072566999707,NA,7.89755,0,19.0779,4.697175,14.3627,19.0779,12.594725
"ZNF155",0.980363188886462,0.100401660339089,0.342429130225032,92.6307818181818,84.185,160.4617,7.60281087429712,NA,34.8639,67.5865,84.185,143.02975,119.2551,84.185,177.89365
"ZNF425",0.982081440932358,0.926094302503057,0.997142569327415,63.0444272727273,56.3252,53.10075,6.44360896592312,NA,10.51015,31.1012,56.3252,47.845675,92.6579,56.3252,58.355825
"ZNF611",0.636022260340608,0.202773324813528,0.956898915944614,265.241154545455,363.9942,400.91385,16.8550865752032,NA,193.24315,214.9374,363.9942,304.292275,298.9746,363.9942,497.535425
"ZNF254",0.988977826926289,0.881229239844083,0.914646245375249,409.703578787879,351.9691,549.88085,69.2297315452888,NA,351.85905,246.8774,351.9691,373.951325,452.8056,351.9691,725.810375
"ZNF625",0.977142440932007,0.711810250497888,0.79956390016869,33.6942393939394,39.2823,18.2386,4.74401513383701,NA,5.5875,11.5171,39.2823,15.44485,52.4514,39.2823,21.03235
"ZNF845",0.912075092854164,0.0109426030152607,0.0900792417706358,246.142048484848,209.5541,444.46595,15.0523310660908,NA,91.61285,182.3213,209.5541,398.659525,268.0922,209.5541,490.272375
"ZNF90",0.743340706328812,0.851761744252133,0.954962703188008,344.479293939394,159.891,247.30535,43.6049405765777,NA,9.00895,160.8509,159.891,242.800875,462.7469,159.891,251.809825
"ZNF788",0.989571206260741,0.785739130555343,0.957596057297672,93.7431272727273,79.037,42.94235,18.5699756665575,NA,1.40825,37.3201,79.037,42.238225,121.7828,79.037,43.646475
"ZNF880",0.498538151780299,0.886953951338911,0.449839789556826,107.76636969697,251.3438,65.425,21.9782956589794,NA,16.1466,33.1337,251.3438,57.3517,119.3779,251.3438,73.4983
"ZNF630",0.626468187000405,0.00126841611708661,0.0110490598917513,61.0607242424242,25.1344,169.31335,5.02689540891202,NA,103.13945,44.2478,25.1344,117.743625,72.0124,25.1344,220.883075
"ZNF844",0.912806235376577,0.429113163183027,0.529919204341352,217.48176969697,277.6895,84.228,25.7087866872345,NA,27.3524,108.9202,277.6895,70.5518,289.1046,277.6895,97.9042
"ZNF717",0.972877030756419,0.966288134830863,0.99925378110083,76.9333575757576,66.3184,68.42775,7.91949851840097,NA,55.05215,47.4373,66.3184,40.901675,101.4085,66.3184,95.953825
"ZNF492",0.977826640892689,0.948006764471298,0.999821337300719,19.8035090909091,4.2395,2.56375,13.4355310204835,NA,0.80385,1.3147,4.2395,2.161825,5.349,4.2395,2.965675
"ZNF688",0.591514163522238,0.681493549687772,0.946214517707618,207.474836363636,118.4041,152.99755,15.6715455846541,NA,36.72435,144.1734,118.4041,134.635375,263.96,118.4041,171.359725
"ZNF879",0.935170454262809,0.771906123878372,0.992099902821204,46.5357878787879,33.9163,28.6837,6.29590744653361,NA,0.876600000000002,20.3212,33.9163,28.2454,69.9352,33.9163,29.122
"ZNF737",0.912879967325678,0.772478546712688,0.997212617612731,383.003096969697,169.2785,124.21975,91.3854317955917,NA,36.28715,107.0423,169.2785,106.076175,452.5388,169.2785,142.363325
"ZNF709",0.688036880100834,0.469812383393074,0.999818196536281,86.7982575757576,59.6563,58.93875,5.69680608832809,NA,6.17915,64.856,59.6563,55.849175,118.4823,59.6563,62.028325
"ZNF585B",0.59759981682105,0.292734873790554,0.994668588752195,83.9799272727273,140.5103,147.4002,9.9204772391191,NA,43.3777,41.9447,140.5103,125.71135,107.1879,140.5103,169.08905
"ZNF324B",0.920127451872624,0.815672868409363,0.773685560532803,130.860918181818,145.6583,114.218,6.61997157241999,NA,4.3975,101.2119,145.6583,112.01925,153.5649,145.6583,116.41675
"ZNF564",0.686566235474233,0.897391841825731,0.611277766904213,270.144109090909,180.7858,304.384,18.6289221215213,NA,42.8564,219.31,180.7858,282.9558,283.5402,180.7858,325.8122
"ZNF674",0.997605705622048,0.302959029623666,0.614410911400795,73.2695939393939,71.1636,107.6887,5.42560726027466,NA,28.1392,52.5135,71.1636,93.6191,87.4131,71.1636,121.7583
"ZNF432",0.883863965024196,0.803417998246827,0.724341341181874,170.780303030303,122.3408,217.1298,17.7747623263057,NA,16.9427,120.7722,122.3408,208.65845,197.1831,122.3408,225.60115
"ZNF10",0.926618584612665,0.814771994125941,0.998323633864312,178.061866666667,138.6933,131.65435,18.2968658116721,NA,48.21185,99.9017,138.6933,107.548425,269.5418,138.6933,155.760275
"ZNF486",0.968217060541442,0.567261572729416,0.699825750237767,141.326103030303,62.3817,380.80095,54.5081024670126,NA,364.71115,29.1181,62.3817,198.445375,112.065,62.3817,563.156525
"ZNF225",0.982901558424133,0.0172374494638601,0.161433533783631,69.7014878787879,65.4099,120.3334,4.22231747760634,NA,3.2146,60.687,65.4099,118.7261,80.0576,65.4099,121.9407
"ZNF350",0.742369391690923,0.99969498613584,0.806790758800646,174.241915151515,88.4246,176.20205,19.9694065277431,NA,74.12535,105.392,88.4246,139.139375,224.1614,88.4246,213.264725
"ZNF253",0.998489548938046,0.394364756051011,0.688383055253758,294.197727272727,287.077,422.9825,23.3148188938214,NA,95.633,195.8729,287.077,375.166,344.8462,287.077,470.799
"ZNF878",0.94852342106016,0.326832447541447,0.817636124948759,9.74021818181818,7.2678,1.43015,1.38918109456379,NA,0.68175,5.0274,7.2678,1.089275,10.8859,7.2678,1.771025
"ZNF727",0.866857106841342,0.847316873855731,0.735852042657063,16.0624787878788,26.9513,7.647,3.71576131041034,NA,0.9592,1.8779,26.9513,7.1674,20.84,26.9513,8.1266
"ZNF578",0.93264715124137,0.807830643435953,0.996805035178207,41.9939848484848,28.1626,24.59145,6.76363592173069,NA,3.47215,13.8714,28.1626,22.855375,67.156,28.1626,26.327525
"TRIM28",0.908224539843005,0.909071696553172,0.823999272839057,6529.42692727273,8013.6271,5469.80305,613.381398731408,NA,1651.28105,4686.3476,8013.6271,4644.162525,6875.4147,8013.6271,6295.443575
